MLV_ID,Nombre,Precio_Numerico,Score,Opiniones,Ventas_Estimadas,Visitas_10dias,EnvioGratis,Vendedor_Nombre,Vendedor_Estatus,Vendedor_Seguidores,Vendedor_Productos,Vendedor_Ventas,Vendedor_Recomendacion,Vendedor_AniosML,Vendedor_Link,Ubicacion_Tienda,Categoria,Subcategorias,Categorias,Marca,Modelo,Especificaciones,Imagen,Link_Producto,Google_Breakout_Vendedor,DeepExtracted,Synced_At
MLV702250939,Impresora Hp M 111 W Laser Monocromarica Toner Wifi Usb 111w Blanco,179.99,4.9,416,1000,0,Sí,Pendiente,Pendiente,1100,100,10000,100,21,https://www.mercadolibre.com.ve/pagina/totaltecno,Pendiente,Computación,Impresión > Impresoras,N/A,N/A,N/A,N/A,https://http2.mlstatic.com/D_Q_NP_2X_631341-MLV92978105010_092025-E.webp,https://articulo.mercadolibre.com.ve/MLV-702250939-impresora-hp-m-111-w-laser-monocromarica-toner-wifi-usb-111w-blanco-_JM,,No,2026-08-16T23:30:23.046Z
MLV755885291,Ventilador De Pedestal Recargable 12 Pulgadas + Panel Solar 30.48 Cm Blanco Plástico 3,56.99,4.8,396,1000,0,Sí,LAS MEJORES OFERTAS PF,MercadoLíder Platinum,1200,100,10000,99,18,https://www.mercadolibre.com.ve/pagina/franklineltigre113376,"Punto Fijo, Falcón",Electrodomésticos,Climatización > Ventiladores,Electrodomésticos > Climatización > Ventiladores,Unisuki,EOA-1234,"Marca: Unisuki | Línea: Ventilador | Modelo: EOA-1234 | Voltaje: 110v-240v | Diámetro: 30,48 cm | Altura: 30,48 cm | Profundidad: 25 cm | Ancho: 38 cm | Peso: 3 kg | Con luz: Sí | Con función turbo: No | Tipo de ventilador: De pie | Tipo de alimentación: Corriente eléctrica | Cantidad de velocidades: 3 | Incluye control remoto: No | Color de la estructura: Blanco | Color de las aspas: Blanco | Material de las aspas: Plástico | Cantidad de aspas: 3 | Material de la rejilla: Plástico | Con aspas reversibles: No | Es turbo: No | Incluye control remoto: No | Cantidad de velocidades: 3",https://http2.mlstatic.com/D_NQ_NP_2X_874160-MLV105981767088_022026-F.webp,https://articulo.mercadolibre.com.ve/MLV-755885291-ventilador-de-pedestal-recargable-12-pulgadas-panel-solar-3048-cm-blanco-plastico-3-_JM,https://www.google.com/search?q=%22LAS%20MEJORES%20OFERTAS%20PF%22%20Venezuela%20Punto%20Fijo%20(whatsapp%20OR%20instagram%20OR%20rif%20OR%20telefono%20OR%20tienda),Sí,2026-08-16T23:31:01.945Z
MLV812774502,Tinta Epson 544 65ml Compatible L3210 L3250 L1210 L1250,6.8,4.9,509,1000,0,Sí,MCSUMINISTROS CARLOSRAMIREZ,MercadoLíder Platinum,2400,100,10000,100,10,https://www.mercadolibre.com.ve/pagina/mcsuministroscarlosramirez4552,"San Cristóbal,",Computación,Impresión > Insumos de Impresión > Recargas de Tinta,Computación > Impresión > Insumos de Impresión > Recargas de Tinta,Epson,544,Marca: Epson | Modelo: 544 | Volumen de la unidad: 65 mL | Formato de venta: Unidad | Tipo de tinta: Pigmentada,https://http2.mlstatic.com/D_NQ_NP_2X_792440-MLV110118339584_042026-F.webp,https://articulo.mercadolibre.com.ve/MLV-812774502-tinta-epson-544-65ml-compatible-l3210-l3250-l1210-l1250-_JM,https://www.google.com/search?q=%22MCSUMINISTROS%20CARLOSRAMIREZ%22%20Venezuela%20San%20Crist%C3%B3bal%20(whatsapp%20OR%20instagram%20OR%20rif%20OR%20telefono%20OR%20tienda),Sí,2026-08-16T23:31:12.757Z
MLV577501252,Caja De Resma De Papel Carta Marca Hp 500 Hojas Blanco,59,5,118,500,0,Sí,DISTRIBUIDORA HOP,MercadoLíder Platinum,830,100,5000,99,14,https://www.mercadolibre.com.ve/pagina/homeofficepaper6695,"Mun. Libertador (Sur), Distrito Capital","Arte, Papelería y Mercería",Papelería > Comercial y Oficina > Papeles para Impresión,"Arte, Papelería y Mercería > Papelería > Comercial y Oficina > Papeles para Impresión",HP,N/A,Marca: HP | Tamaño del papel: Carta | Tipo de papel: Bond | Color: Blanco | Cantidad de hojas: 500 | Formato de venta: Pack | Unidades por pack: 10 | Acabado: Mate,https://http2.mlstatic.com/D_NQ_NP_2X_817445-MLV96570097572_112025-F.webp,https://articulo.mercadolibre.com.ve/MLV-577501252-caja-de-resma-de-papel-carta-marca-hp-500-hojas-blanco-_JM,https://www.google.com/search?q=%22DISTRIBUIDORA%20HOP%22%20Venezuela%20(whatsapp%20OR%20instagram%20OR%20rif%20OR%20telefono%20OR%20tienda),Sí,2026-08-15T08:28:50.960Z
MLV968538114,Tinta Epson 544 L3210 L3250 L1250 L5190 L3110 L3260 L1110,6.79,4.8,94,1000,0,Sí,INK TECNOLOGIA,MercadoLíder Platinum,610,100,5000,100,10,https://www.mercadolibre.com.ve/pagina/inktach,"San Cristóbal,",Computación,Impresión > Insumos de Impresión > Recargas de Tinta,Computación > Impresión > Insumos de Impresión > Recargas de Tinta,Epson,664,Marca: Epson | Modelo: 664 | Cantidad de packs: 1 | Volumen de la unidad: 65 L | Formato de venta: Unidad | Tipo de tinta: Pigmentada | Es apto para sublimación: No,https://http2.mlstatic.com/D_NQ_NP_2X_691092-MLV108199436157_032026-F.webp,https://articulo.mercadolibre.com.ve/MLV-968538114-tinta-epson-544-l3210-l3250-l1250-l5190-l3110-l3260-l1110-_JM,https://www.google.com/search?q=%22INK%20TECNOLOGIA%22%20Venezuela%20San%20Crist%C3%B3bal%20(whatsapp%20OR%20instagram%20OR%20rif%20OR%20telefono%20OR%20tienda),Sí,2026-08-16T23:31:13.214Z
MLV829907788,Camara De Seguridad Tapo C210 Tp-link Resolucion 2k 3mp Blanco,35.85,4.9,171,500,0,Sí,MCSUMINISTROS CARLOSRAMIREZ,MercadoLíder Platinum,2300,100,10000,100,10,https://www.mercadolibre.com.ve/pagina/mcsuministroscarlosramirez4552,"San Cristóbal,",Hogar y Muebles,Seguridad para el Hogar > Sistemas de Monitoreo > Cámaras de Seguridad,Hogar y Muebles > Seguridad para el Hogar > Sistemas de Monitoreo > Cámaras de Seguridad,TP-Link,Tapo C210,"Marca: TP-Link | Línea: Tapo Smart | Modelo: Tapo C210 | Color: Blanco | Tipo de resolución: 2K | Conectividad: Wi-Fi | Zoom óptico: 3x | Con sensor de movimiento: Sí | Con alarma: Sí | Es resistente al agua: No | Formato de venta: Unidad | Calidad de resolución: 3MP | Lugares de montaje: Montado en pared, Montaje en Superficie | Tipo de cámara de vigilancia: Domo | Campo visual: 360 | Tipo de movimiento: Pan and tilt | Locaciones de la cámara: Interior | Con visión nocturna: Sí | Tipos de conexiones: Wi-Fi | Con visión nocturna a color: No | Tipo de cámara: Domo | Con visión nocturna: Sí",https://http2.mlstatic.com/D_NQ_NP_2X_737652-MLV115795262109_082026-F.webp,https://articulo.mercadolibre.com.ve/MLV-829907788-camara-de-seguridad-tapo-c210-tp-link-resolucion-2k-3mp-blanco-_JM,https://www.google.com/search?q=%22MCSUMINISTROS%20CARLOSRAMIREZ%22%20Venezuela%20(whatsapp%20OR%20instagram%20OR%20rif%20OR%20telefono%20OR%20tienda),Sí,2026-08-15T08:28:52.089Z
MLV771160483,Aceite 5w20 5w30 10w30 Semisintético Motorcraft Original,10.99,4.9,165,1000,0,Sí,Vendido por PARTS.ALL,MercadoLíder Platinum,N/A,50,5000,100,7,https://listado.mercadolibre.com.ve/_CustId_427657127,"Mun. Chacao (norte), Distrito Capital",Accesorios para Vehículos,Lubricantes y Fluidos > Autos y Camionetas > Aceites > Para Motor,Accesorios para Vehículos > Lubricantes y Fluidos > Autos y Camionetas > Aceites > Para Motor,Motorcraft,N/A,Marca: Motorcraft | Línea: Semisintético | Grado de viscosidad: 5W-20 | Volumen de la unidad: 946 mL | Volumen neto: 946 mL | Formato de venta: Unidad | Tipo de contenedor: Plástico | Modelo detallado: Motorcraft Synthetic Blend | Tipo de aceite de motor: Semi-sintético | Tipo de vehículo: Carro/Camioneta | Origen: Francia,https://http2.mlstatic.com/D_NQ_NP_2X_945262-MLV91611640290_092025-F.webp,https://articulo.mercadolibre.com.ve/MLV-771160483-aceite-5w20-5w30-10w30-semisintetico-motorcraft-original-_JM,https://www.google.com/search?q=%22Vendido%20por%20PARTS.ALL%22%20Venezuela%20Mun.%20Chacao%20(norte)%20(whatsapp%20OR%20instagram%20OR%20rif%20OR%20telefono%20OR%20tienda),Sí,2026-08-16T23:30:30.221Z
MLV758733967,Filtro Purificador De Agua 5 Etapas Blanco,64.34,4.8,209,500,0,Sí,INVERSIONESFERRECONOMICACOMP,N/A,1300,500,5000,99,3,https://www.mercadolibre.com.ve/pagina/inversionesferreconomicacomp,"Mun. Sucre (centro), Distrito Capital",Electrodomésticos,Dispensadores y Filtros > Filtros de Agua,Electrodomésticos > Dispensadores y Filtros > Filtros de Agua,Griven,FILTRO PURIFICADOR 5 ETAPAS,"Marca: Griven | Línea: Purificador | Modelo: FILTRO PURIFICADOR 5 ETAPAS | Modelo alfanumérico: A367-PR305 | Color: Blanco | Modelo detallado: FILTRO PURIFICADOR 5 ETAPAS | Material: CARBON ACTIVO GRANULADO,CARBON ACTIVO BLOQUE,POLIPROPILENO. | Cantidad de etapas: 5 | Con grifo: Sí | Es portátil: No",https://http2.mlstatic.com/D_NQ_NP_2X_935997-MLV112066297009_052026-F.webp,https://articulo.mercadolibre.com.ve/MLV-758733967-filtro-purificador-de-agua-5-etapas-blanco-_JM,https://www.google.com/search?q=%22INVERSIONESFERRECONOMICACOMP%22%20Venezuela%20(whatsapp%20OR%20instagram%20OR%20rif%20OR%20telefono%20OR%20tienda),Sí,2026-08-15T08:28:54.545Z
MLV738415488,Recoge Espirales Prensa Espiral Compresor Aspirales.,11.8,4.9,468,1000,0,Sí,EMETECHNOLOGYS,MercadoLíder Platinum,1700,500,10000,99,4,https://www.mercadolibre.com.ve/pagina/emetechnologys,"Valencia (Valencia), Carabobo",Accesorios para Vehículos,Herramientas para Vehículos > Otros,Accesorios para Vehículos > Herramientas para Vehículos > Otros,CRV,Extractor,Marca: CRV | Modelo: Extractor,https://http2.mlstatic.com/D_NQ_NP_2X_883559-MLV75397697846_042024-F.webp,https://articulo.mercadolibre.com.ve/MLV-738415488-recoge-espirales-prensa-espiral-compresor-aspirales-_JM,https://www.google.com/search?q=%22EMETECHNOLOGYS%22%20Venezuela%20Valencia%20(Valencia)%20(whatsapp%20OR%20instagram%20OR%20rif%20OR%20telefono%20OR%20tienda),Sí,2026-08-16T23:31:18.346Z
MLV733333437,Base Para Aire Acondicionado De 8 Mil A 24 Mil Btu,12.87,5,232,500,0,Sí,Vendido por MACA93849,MercadoLíder Platinum,N/A,50,1000,99,5,https://listado.mercadolibre.com.ve/_CustId_692358899,"Mun. Libertador (Centro), Distrito Capital",Electrodomésticos,Climatización > Repuestos y Accesorios > Para Aires Acondicionados > Soportes para Aires,Electrodomésticos > Climatización > Repuestos y Accesorios > Para Aires Acondicionados > Soportes para Aires,Everwell,N/A,Marca: Everwell | Color: Blanco | Cantidad de pie amigos: 2 | Material: Acero inoxidable | Peso máximo soportado: 200 kg | Es abatible: Sí | Con gancho: Sí | Incluye kit de instalación: Sí | Uso recomendado: Aire acondicionado | Altura: 100 cm | Ancho: 50 cm | Profundidad: 35 cm,https://http2.mlstatic.com/D_NQ_NP_2X_694077-MLV106729149106_022026-F.webp,https://articulo.mercadolibre.com.ve/MLV-733333437-base-para-aire-acondicionado-de-8-mil-a-24-mil-btu-_JM,https://www.google.com/search?q=%22Vendido%20por%20MACA93849%22%20Venezuela%20(whatsapp%20OR%20instagram%20OR%20rif%20OR%20telefono%20OR%20tienda),Sí,2026-08-15T08:28:55.527Z
MLV762959119,Clavos Con Fulminante Pistola Hormigon Drywall Acero 0 Mm,10.34,4.9,118,500,0,Sí,EMETECHNOLOGYS,MercadoLíder Platinum,1700,500,10000,99,4,https://www.mercadolibre.com.ve/pagina/emetechnologys,"Valencia (Valencia), Carabobo",Construcción,Materiales de Obra > Fijaciones > Clavos,Construcción > Materiales de Obra > Fijaciones > Clavos,CLAVOS,Fulminante,Marca: CLAVOS | Modelo: Fulminante | Tipo de cabeza del clavo: Plana | Tipo de cuerpo del clavo: Liso acero | Tipo de punta: FINA | Diámetro nominal: 0 mm | Material: Acero,https://http2.mlstatic.com/D_NQ_NP_2X_815155-MLV109091036758_042026-F.webp,https://articulo.mercadolibre.com.ve/MLV-762959119-clavos-con-fulminante-pistola-hormigon-drywall-acero-0-mm-_JM,https://www.google.com/search?q=%22EMETECHNOLOGYS%22%20Venezuela%20(whatsapp%20OR%20instagram%20OR%20rif%20OR%20telefono%20OR%20tienda),Sí,2026-08-15T08:28:56.082Z
MLV856073568,Puertas Plegables,41.49,4.8,199,500,0,Sí,INVERSIONESFERRECONOMICACOMP,N/A,1300,500,5000,99,3,https://www.mercadolibre.com.ve/pagina/inversionesferreconomicacomp,"Mun. Sucre (centro), Distrito Capital",Construcción,Aberturas > Puertas,Construcción > Aberturas > Puertas,"Home Kit, brufer o basic",PUERTA PLEGABLES,"Marca: Home Kit, brufer o basic | Línea: N/A | Modelo: PUERTA PLEGABLES | Ancho x Altura: 91 cm x 2.1 m | Tipo de puerta: Plegable | Es apta para interior: Sí | Piezas incluidas: Preguntar | Es apta para exterior: No | Es puerta blindada: No | Material: PVC",https://http2.mlstatic.com/D_NQ_NP_2X_688431-MLV100388160587_122025-F.webp,https://articulo.mercadolibre.com.ve/MLV-856073568-puertas-plegables-_JM,https://www.google.com/search?q=%22INVERSIONESFERRECONOMICACOMP%22%20Venezuela%20(whatsapp%20OR%20instagram%20OR%20rif%20OR%20telefono%20OR%20tienda),Sí,2026-08-15T08:28:56.606Z
MLV719196964,"Strap Con Muñequera Antiresbalantes Ejercicios Pesas, Straps",11.95,4.9,271,500,0,Sí,RUDO SPORT,MercadoLíder Platinum,4600,500,10000,100,14,https://www.mercadolibre.com.ve/pagina/rudo_sport,"Mun. Libertador (Oeste), Distrito Capital",Deportes y Fitness,"Fitness y Aerobics > Pesas, Discos y Barras > Agarres para Gimnasio","Deportes y Fitness > Fitness y Aerobics > Pesas, Discos y Barras > Agarres para Gimnasio",no pain no gain,Straps ejercicios,"Marca: no pain no gain | Modelo: Straps ejercicios | Color: Negro | Largo x Altura: 40 cm x 30 cm | Peso: 80 g | Músculos recomendados: Bíceps, Espalda, Triceps | Forma: Curva | Material del mango: Antiresbalante | Es antideslizante: Sí",https://http2.mlstatic.com/D_NQ_NP_2X_620042-MLV110287621193_042026-F.webp,https://articulo.mercadolibre.com.ve/MLV-719196964-strap-con-munequera-antiresbalantes-ejercicios-pesas-straps-_JM,https://www.google.com/search?q=%22RUDO%20SPORT%22%20Venezuela%20(whatsapp%20OR%20instagram%20OR%20rif%20OR%20telefono%20OR%20tienda),Sí,2026-08-15T08:28:57.252Z
MLV804187764,Torquimetro 1/2 Bidireccional Con Dados Y Extención .,34.99,4.9,67,500,0,Sí,ASU IMPORT,MercadoLíder Platinum,50,25,10000,99,12,https://www.mercadolibre.com.ve/pagina/asurepuesto,"Barinas (Barinas), Barinas",Herramientas,Testers y Equipos de Medición > Medidores de Fuerza > Torquímetros,Herramientas > Testers y Equipos de Medición > Medidores de Fuerza > Torquímetros,Dr.micrometer,12,"Marca: Dr.micrometer | Modelo: 12 | Tipo de torquímetro: 1/2 | Largo: 47 cm | Peso: 2,1 kg | Tamaño de encastre: 1/2"" | Rango de torque: 210 Nm | Unidad de medida: Newton-metro | Es torquímetro bidireccional: Sí | Incluye estuche: Sí",https://http2.mlstatic.com/D_NQ_NP_2X_603439-MLV110702580699_042026-F.webp,https://articulo.mercadolibre.com.ve/MLV-804187764-torquimetro-12-bidireccional-con-dados-y-extencion--_JM,https://www.google.com/search?q=%22ASU%20IMPORT%22%20Venezuela%20(whatsapp%20OR%20instagram%20OR%20rif%20OR%20telefono%20OR%20tienda),Sí,2026-08-15T08:28:57.831Z
MLV838797492,Kz Edx Pro X Audífonos In-ear Con Micrófono + Estuche,16.98,4.9,349,500,0,Sí,INFIVENITY,MercadoLíder Platinum,410,25,1000,100,20,https://www.mercadolibre.com.ve/pagina/infivenity,"Valencia (Valencia), Carabobo","Electrónica, Audio y Video",Audio > Audífonos,"Electrónica, Audio y Video > Audio > Audífonos",KZ,EDX PRO X,Fabricante: Knowledge Zenith | Marca: KZ | Modelo: EDX PRO X | Cantidad de pares: 1 | Con micrófono: Sí | Es infantil: No | Formato del audífono: In-ear | Es monoaural: No | Con luz LED: No | Es inalámbrico: No | Con Bluetooth: No | Es inalámbrico: No | Con luz LED: No | Con micrófono: Sí,https://http2.mlstatic.com/D_NQ_NP_2X_774993-MLV111256274340_052026-F.webp,https://articulo.mercadolibre.com.ve/MLV-838797492-kz-edx-pro-x-audifonos-in-ear-con-microfono-estuche-_JM,https://www.google.com/search?q=%22INFIVENITY%22%20Venezuela%20(whatsapp%20OR%20instagram%20OR%20rif%20OR%20telefono%20OR%20tienda),Sí,2026-08-15T08:28:58.417Z
MLV574039741,Tester Multimetro Capacimetro Digital 40mf Uni-t Ut136c+,41.65,4.9,209,500,0,Sí,UNI -T,MercadoLíder Platinum,900,100,10000,100,21,https://www.mercadolibre.com.ve/tienda/uni-t,"Mun. El Hatillo (sur), Distrito Capital",Herramientas,Testers y Equipos de Medición > Medidores de Electricidad > Multímetros,Herramientas > Testers y Equipos de Medición > Medidores de Electricidad > Multímetros,Uni-T,Ut136c+,Marca: Uni-T | Modelo: Ut136c+ | Tensión máxima CA: 1000V | Tensión máxima CC: 1000V | Corriente máxima CA: 10 A | Corriente máxima CC: 10 A | Frecuencia máxima: 40.000 kHz,https://http2.mlstatic.com/D_NQ_NP_2X_852977-MLV98884056387_112025-F.webp,https://articulo.mercadolibre.com.ve/MLV-574039741-tester-multimetro-capacimetro-digital-40mf-uni-t-ut136c-_JM,https://www.google.com/search?q=%22UNI%20-T%22%20Venezuela%20(whatsapp%20OR%20instagram%20OR%20rif%20OR%20telefono%20OR%20tienda),Sí,2026-08-15T08:28:59.166Z
MLV712527634,Papel Adhesivo Fotográfico 135gms Tinec A4 50hojas Brillante,9.99,5,564,1000,0,Sí,lnb2009,MercadoLíder Platinum,1600,100,10000,100,22,https://www.mercadolibre.com.ve/pagina/lnb_2009,"Barquisimeto, Lara","Arte, Papelería y Mercería",Papelería > Comercial y Oficina > Papeles para Impresión,"Arte, Papelería y Mercería > Papelería > Comercial y Oficina > Papeles para Impresión",Tinec,N/A,Marca: Tinec | Tamaño del papel: A4 | Tipo de papel: Auto-Adhesivo | Cantidad de hojas: 50 | Gramaje: 135 g | Acabado: Brillante,https://http2.mlstatic.com/D_NQ_NP_2X_642999-MLV96529628133_102025-F.webp,https://articulo.mercadolibre.com.ve/MLV-712527634-papel-adhesivo-fotografico-135gms-tinec-a4-50hojas-brillante-_JM,https://www.google.com/search?q=%22lnb2009%22%20Venezuela%20Barquisimeto%20(whatsapp%20OR%20instagram%20OR%20rif%20OR%20telefono%20OR%20tienda),Sí,2026-08-16T23:31:22.127Z
MLV767088573,Router Wifi Gigabit Doblebanda Ac1200 Ac8 Fibra Optica Gamer,28.8,5,42,500,0,Sí,DISTGAMAX,MercadoLíder Platinum,910,500,10000,100,8,https://www.mercadolibre.com.ve/pagina/tendavzla,"Los Teques, Miranda",Computación,Conectividad y Redes > Routers y Access Points,Computación > Conectividad y Redes > Routers y Access Points,Tenda,AC8,"Marca: Tenda | Modelo: AC8 | Color: Negro | Cantidad de antenas externas: 4 | Formato de venta: Unidad | Velocidad inalámbrica: 0 Mbps | Frecuencias: 2.4ghz, 5ghz | Tipo de frecuencia: Banda doble | Velocidad inalámbrica 0 Mbps | Frecuencias 2.4ghz, 5ghz",https://http2.mlstatic.com/D_NQ_NP_2X_800201-MLV106534222716_022026-F.webp,https://articulo.mercadolibre.com.ve/MLV-767088573-router-wifi-gigabit-doblebanda-ac1200-ac8-fibra-optica-gamer-_JM,https://www.google.com/search?q=%22DISTGAMAX%22%20Venezuela%20(whatsapp%20OR%20instagram%20OR%20rif%20OR%20telefono%20OR%20tienda),Sí,2026-08-15T08:29:00.255Z
MLV803491992,Hub Adaptador Tipo C 8en1 Multipuertos 3.0 Aluminio Conector Gris,14.99,5,1,500,0,Sí,SCAROLA IMPORT,N/A,4100,500,50000,98,6,https://www.mercadolibre.com.ve/pagina/scarolaimport,"Mun. Sucre (este), Distrito Capital",Computación,Cables y Hubs USB > Hubs USB,Computación > Cables y Hubs USB > Hubs USB,Adapter,8 in 1,"Marca: Adapter | Modelo: 8 in 1 | Color: Gris | Nombres de los sistemas operativos compatibles: UHD Tipo C HDTV micro SD rj45 | Versiones de USB compatibles: 3.0, 2.0 | Tasa de transferencia de datos: 300 Mbps | Largo del cable: 10 cm | Cantidad de puertos: 8 | Con protección contra sobrecarga: No | Con botón de encendido/apagado: No | Con luz de encendido: No",https://http2.mlstatic.com/D_NQ_NP_2X_708189-MLV77494788686_072024-F.webp,https://articulo.mercadolibre.com.ve/MLV-803491992-hub-adaptador-tipo-c-8en1-multipuertos-30-aluminio-conector-gris-_JM,https://www.google.com/search?q=%22SCAROLA%20IMPORT%22%20Venezuela%20(whatsapp%20OR%20instagram%20OR%20rif%20OR%20telefono%20OR%20tienda),Sí,2026-08-15T08:29:00.777Z
MLV750917301,Router Wifi Mercusys Mr30g Dual Band Ac1200 Full Gigabit,28.8,4.9,913,1000,0,Sí,MCSUMINISTROS CARLOSRAMIREZ,MercadoLíder Platinum,2400,100,10000,100,10,https://www.mercadolibre.com.ve/pagina/mcsuministroscarlosramirez4552,"San Cristóbal,",Computación,Conectividad y Redes > Routers y Access Points,Computación > Conectividad y Redes > Routers y Access Points,Mercusys,MR30G,"Marca: Mercusys | Línea: Router | Modelo: MR30G | Versión: Dual Band | Color: Negro | Voltaje: 120/220V | Funciones: Access point | Con conexión PoE: No | Con control parental: Sí | Formato de venta: Unidad | Tipos de conexiones: Con cable | Velocidad inalámbrica: 1,2 Gbps | Frecuencias: 2.4GHZ, 5GHZ | Tipo de frecuencia: Banda doble | Cantidad de antenas externas: 4 | Duración del producto: 3 meses | Funciones Access point | Frecuencias 2.4GHZ, 5GHZ | Velocidad inalámbrica 1.2 Gbps",https://http2.mlstatic.com/D_NQ_NP_2X_945295-MLV111118626829_052026-F.webp,https://articulo.mercadolibre.com.ve/MLV-750917301-router-wifi-mercusys-mr30g-dual-band-ac1200-full-gigabit-_JM,https://www.google.com/search?q=%22MCSUMINISTROS%20CARLOSRAMIREZ%22%20Venezuela%20San%20Crist%C3%B3bal%20(whatsapp%20OR%20instagram%20OR%20rif%20OR%20telefono%20OR%20tienda),Sí,2026-08-16T23:31:21.607Z
MLV753854843,Protector De Aires Acondicionados Lumistar 220v Negro,11.51,4.8,226,500,0,Sí,Gaska,MercadoLíder Platinum,5400,1000,10000,98,3,https://www.mercadolibre.com.ve/tienda/gaska,"Ciudad Bolívar, Bolívar",Computación,Protectores y UPS > Reguladores,Computación > Protectores y UPS > Reguladores,Lumistar,PTV004,Marca: Lumistar | Línea: Protector de voltaje | Modelo: PTV004 | Modelo alfanumérico: PTV004 | Color: Negro | Modelo detallado: Aires Acondicionados | Tipos de producto: Protector de tensión | Tipo de batería: N/A | Potencia pico: 3600VA | Voltaje de entrada: 170/260V | Voltaje de salida: 220V | Voltaje de entrada CA: 170/260V | Voltaje de salida CA: 220V | Denominación de voltaje: Bivolt | Rango de voltaje de entrada: 90/140V | Rango de voltaje de entrada CA: 90/140V | Voltaje de entrada: 170/260V | Potencia pico: 3600VA | Voltaje de entrada CA: 170/260V,https://http2.mlstatic.com/D_NQ_NP_2X_635276-MLV74201156717_012024-F.webp,https://articulo.mercadolibre.com.ve/MLV-753854843-protector-de-aires-acondicionados-lumistar-220v-negro-_JM,https://www.google.com/search?q=%22Gaska%22%20Venezuela%20(whatsapp%20OR%20instagram%20OR%20rif%20OR%20telefono%20OR%20tienda),Sí,2026-08-15T08:29:01.815Z
MLV869881848,Tiras Glucometro Contec Mayor Y Detal Bg-01-10 Rojo,10.99,4.9,130,500,0,Sí,Vendedores Certificados Salud,MercadoLíder Platinum,150,5,5000,100,3,https://www.mercadolibre.com.ve/pagina/conteccomercia,"Mun. Libertador (Oeste), Distrito Capital",Estética y Belleza,Salud > Equipamiento Médico > Equipos de Monitoreo > Glucómetros,Estética y Belleza > Salud > Equipamiento Médico > Equipos de Monitoreo > Glucómetros,Contec,Bg-01-10,Marca: Contec | Modelo: Bg-01-10 | Color: Rojo,https://http2.mlstatic.com/D_NQ_NP_2X_816273-MLV105464599409_012026-F.webp,https://articulo.mercadolibre.com.ve/MLV-869881848-tiras-glucometro-contec-mayor-y-detal-bg-01-10-rojo-_JM,https://www.google.com/search?q=%22Vendedores%20Certificados%20Salud%22%20Venezuela%20(whatsapp%20OR%20instagram%20OR%20rif%20OR%20telefono%20OR%20tienda),Sí,2026-08-15T08:29:02.320Z
MLV897425832,Protector De Voltaje 110v Protek Para Neveras Refrigeradores,9.56,4.9,0,1000,0,Sí,Pendiente,Pendiente,N/A,N/A,N/A,N/A,N/A,,Pendiente,N/A,N/A,N/A,N/A,N/A,N/A,https://http2.mlstatic.com/D_Q_NP_2X_901382-MLV88700960058_072025-E.webp,https://articulo.mercadolibre.com.ve/MLV-897425832-protector-de-voltaje-110v-protek-para-neveras-refrigeradores-_JM,,No,2026-08-16T23:31:19.713Z
MLV749948583,Rodillera Deportiva Ajustable Compresión Ejercicios Pack 2,6.78,4.8,476,1000,0,Sí,DETODOTODITO COMCA,N/A,1700,100,5000,99,5,https://www.mercadolibre.com.ve/pagina/detodotoditocomca,"Girardot (Maracay), Aragua",Deportes y Fitness,Fitness y Aerobics > Protección y Rehabilitación > Rodilleras,Deportes y Fitness > Fitness y Aerobics > Protección y Rehabilitación > Rodilleras,Genérica,Cruzada,Marca: Genérica | Modelo: Cruzada | Tipo de rodillera: Deportiva | Formato de venta: Pack | Unidades por pack: 2 | Materiales: Nylon | Composición: Nylon | Es articulada: Sí | Es respirable: Sí | Con correas ajustables: Sí | Con protección rígida externa: No | Es apto para lavadora: Sí,https://http2.mlstatic.com/D_NQ_NP_2X_731339-MLV113727083838_072026-F.webp,https://articulo.mercadolibre.com.ve/MLV-749948583-rodillera-deportiva-ajustable-compresion-ejercicios-pack-2-_JM,https://www.google.com/search?q=%22DETODOTODITO%20COMCA%22%20Venezuela%20Girardot%20(Maracay)%20(whatsapp%20OR%20instagram%20OR%20rif%20OR%20telefono%20OR%20tienda),Sí,2026-08-16T23:31:11.138Z
MLV793974044,Tensiometro Manual Kit Completo Con Estetoscopio Certificado Manual,19.99,4.8,316,500,0,Sí,Vendedores Certificados Salud,MercadoLíder Platinum,150,5,5000,100,3,https://www.mercadolibre.com.ve/pagina/conteccomercia,"Mun. Libertador (Oeste), Distrito Capital",Estética y Belleza,Salud > Cuidado de la Salud > Tensiómetros > Aneroides,Estética y Belleza > Salud > Cuidado de la Salud > Tensiómetros > Aneroides,VIHECARE,aneroid,Marca: VIHECARE | Modelo: aneroid | Nombre del diseño: Manual | Incluye estetoscopio: Sí | Tipo de tensiómetro: Aneroide,https://http2.mlstatic.com/D_NQ_NP_2X_994597-MLV86915366328_072025-F.webp,https://articulo.mercadolibre.com.ve/MLV-793974044-tensiometro-manual-kit-completo-con-estetoscopio-certificado-manual-_JM,https://www.google.com/search?q=%22Vendedores%20Certificados%20Salud%22%20Venezuela%20(whatsapp%20OR%20instagram%20OR%20rif%20OR%20telefono%20OR%20tienda),Sí,2026-08-15T08:29:04.084Z
MLV715844384,Pistola De Calor Sopladora De Aire Caliente 2000w Tienda,19.99,4.8,262,500,0,Sí,EMETECHNOLOGYS,MercadoLíder Platinum,1700,500,10000,99,4,https://www.mercadolibre.com.ve/pagina/emetechnologys,"Valencia (Valencia), Carabobo",Herramientas,Herramientas Eléctricas > Pistolas de Calor,Herramientas > Herramientas Eléctricas > Pistolas de Calor,GUN,2000W,Marca: GUN | Modelo: 2000W | Potencia: 2 kW | Temperatura mínima - Temperatura máxima: 180 °C - 600 °C | Cantidad de accesorios: 1,https://http2.mlstatic.com/D_NQ_NP_2X_663264-MLV84705067449_052025-F.webp,https://articulo.mercadolibre.com.ve/MLV-715844384-pistola-de-calor-sopladora-de-aire-caliente-2000w-tienda-_JM,https://www.google.com/search?q=%22EMETECHNOLOGYS%22%20Venezuela%20(whatsapp%20OR%20instagram%20OR%20rif%20OR%20telefono%20OR%20tienda),Sí,2026-08-15T08:29:04.575Z
MLV748397517,Cinta De Neon Flex 5 Metros Variedad De Colores Morado,7.91,4.9,136,500,0,Sí,EAGLE TECHNOLOGIC,MercadoLíder Platinum,1200,100,10000,99,13,https://www.mercadolibre.com.ve/pagina/eagletechnologic,"Valencia (Valencia), Carabobo",Hogar y Muebles,Iluminación para el Hogar > Cintas LED,Hogar y Muebles > Iluminación para el Hogar > Cintas LED,Genérica,Neon,Marca: Genérica | Modelo: Neon | Tipo de LED: 2035 | Color de la luz: Morado | Voltaje: 120V | Voltaje de funcionamiento: 12V | Grado de protección: IP65 | Largo: 5 m | Incluye fuente de alimentación: No | Incluye controlador de color: No | Con Wi-Fi: No,https://http2.mlstatic.com/D_NQ_NP_2X_710530-MLV85237635837_052025-F.webp,https://articulo.mercadolibre.com.ve/MLV-748397517-cinta-de-neon-flex-5-metros-variedad-de-colores-morado-_JM,https://www.google.com/search?q=%22EAGLE%20TECHNOLOGIC%22%20Venezuela%20(whatsapp%20OR%20instagram%20OR%20rif%20OR%20telefono%20OR%20tienda),Sí,2026-08-15T08:29:05.236Z
MLV748596182,Pila Gasolina 2068 Optra Aveo Corsa Getz Bosch Accent,7.47,4.9,118,500,0,Sí,AUTOREPUESTOS RA,MercadoLíder Platinum,1100,500,10000,99,15,https://www.mercadolibre.com.ve/pagina/autorepuestosra,"San Francisco, Zulia",Accesorios para Vehículos,Repuestos Carros y Camionetas > Motor > Bombas > Bombas de Gasolina,Accesorios para Vehículos > Repuestos Carros y Camionetas > Motor > Bombas > Bombas de Gasolina,Bosch,N/A,Marca: Bosch | Número de pieza: 2068 | Tipo de combustible: Gasolina | Tipo de vehículo: Carro/Camioneta | Es eléctrica: No | Incluye filtro: Sí | Incluye kit de montaje: No | Incluye junta o sello: No | Código OEM: 0 580 453 484,https://http2.mlstatic.com/D_NQ_NP_2X_610602-MLA110796258427_042026-F.webp,https://articulo.mercadolibre.com.ve/MLV-748596182-pila-gasolina-2068-optra-aveo-corsa-getz-bosch-accent-_JM,https://www.google.com/search?q=%22AUTOREPUESTOS%20RA%22%20Venezuela%20(whatsapp%20OR%20instagram%20OR%20rif%20OR%20telefono%20OR%20tienda),Sí,2026-08-15T08:29:05.703Z
MLV764013745,Zuncho Para Anillar Suncho Compresor De Anillos 3 Pulgadas,6.99,4.9,16,500,0,Sí,MECANITOOLS,MercadoLíder Platinum,540,100,10000,100,12,https://www.mercadolibre.com.ve/pagina/mecanitools,"Mun. Libertador (Centro), Distrito Capital",Accesorios para Vehículos,Herramientas para Vehículos > Otros,Accesorios para Vehículos > Herramientas para Vehículos > Otros,Zuncho,3 pulgadas,Marca: Zuncho | Modelo: 3 pulgadas,https://http2.mlstatic.com/D_NQ_NP_2X_675331-MLV81127148172_122024-F.webp,https://articulo.mercadolibre.com.ve/MLV-764013745-zuncho-para-anillar-suncho-compresor-de-anillos-3-pulgadas-_JM,https://www.google.com/search?q=%22MECANITOOLS%22%20Venezuela%20(whatsapp%20OR%20instagram%20OR%20rif%20OR%20telefono%20OR%20tienda),Sí,2026-08-15T08:29:06.274Z
MLV799797608,Guantes Deportivos Antiresbalantes Para Gym Crossfit Pesas,6.88,4.8,394,1000,0,Sí,FERMOCAAUTOPARTES,MercadoLíder Platinum,530,25,5000,100,9,https://www.mercadolibre.com.ve/pagina/fermocastore,"Maracaibo, Zulia",Deportes y Fitness,Fitness y Aerobics > Protección y Rehabilitación > Guantes,Deportes y Fitness > Fitness y Aerobics > Protección y Rehabilitación > Guantes,XXX,Guante con muñequera,Marca: XXX | Modelo: Guante con muñequera | Edad: Adultos | Género: Sin género | Materiales: Microfibra y Lycra | Con muñequera: Sí | Marca: XXX | Materiales: Microfibra y Lycra | Género: Sin género | Diseño De La Tela: Lisa,https://http2.mlstatic.com/D_NQ_NP_2X_853341-MLV90428317760_082025-F.webp,https://articulo.mercadolibre.com.ve/MLV-799797608-guantes-deportivos-antiresbalantes-para-gym-crossfit-pesas-_JM,https://www.google.com/search?q=%22FERMOCAAUTOPARTES%22%20Venezuela%20(whatsapp%20OR%20instagram%20OR%20rif%20OR%20telefono%20OR%20tienda),Sí,2026-08-15T08:29:06.792Z
MLV820285804,Polvo Toner Recarga 1 Kg Hp Ce285a 35a 78a Cf283a Canon 128 Negro,12.92,4.9,153,1000,0,Sí,Venspeed,MercadoLíder Platinum,3000,500,100000,99,14,https://www.mercadolibre.com.ve/tienda/venspeed,"Mun. Chacao (sur), Distrito Capital",Computación,Impresión > Insumos de Impresión > Recargas de Tóner,Computación > Impresión > Insumos de Impresión > Recargas de Tóner,HP,85A,Marca: HP | Modelo: 85A | Modelo alfanumérico: CE285A | Color de la tinta: Negro | Formato de venta: Unidad | Contenido total en peso: 1 kg | Rendimiento en páginas: 25000,https://http2.mlstatic.com/D_NQ_NP_2X_955059-MLV81122361962_122024-F.webp,https://articulo.mercadolibre.com.ve/MLV-820285804-polvo-toner-recarga-1-kg-hp-ce285a-35a-78a-cf283a-canon-128-negro-_JM,https://www.google.com/search?q=%22Venspeed%22%20Venezuela%20Mun.%20Chacao%20(sur)%20(whatsapp%20OR%20instagram%20OR%20rif%20OR%20telefono%20OR%20tienda),Sí,2026-08-16T23:31:24.598Z
MLV792266826,Papel Fotográfico 200gms Tinec A4 20hojas Alta Resolución Blanco,3.35,5,187,1000,0,Sí,lnb2009,MercadoLíder Platinum,1600,100,10000,100,22,https://www.mercadolibre.com.ve/pagina/lnb_2009,"Barquisimeto, Lara","Arte, Papelería y Mercería",Papelería > Comercial y Oficina > Papeles para Impresión,"Arte, Papelería y Mercería > Papelería > Comercial y Oficina > Papeles para Impresión",Tinec,N/A,Marca: Tinec | Tamaño del papel: A4 | Tipo de papel: Fotográfico | Color: Blanco | Cantidad de hojas: 20 | Gramaje: 200 g | Acabado: Brillante,https://http2.mlstatic.com/D_NQ_NP_2X_837383-MLV84781816616_052025-F.webp,https://articulo.mercadolibre.com.ve/MLV-792266826-papel-fotografico-200gms-tinec-a4-20hojas-alta-resolucion-blanco-_JM,https://www.google.com/search?q=%22lnb2009%22%20Venezuela%20Barquisimeto%20(whatsapp%20OR%20instagram%20OR%20rif%20OR%20telefono%20OR%20tienda),Sí,2026-08-16T23:31:30.808Z
MLV700566557,Ups Apc 700 Va + Usb Back Up Avr 120 V Respaldo 1 Hora Nuev Negro,113.99,4.9,107,500,0,Sí,TOTAL TECNO 21 AÑOS DE CALIDAD,MercadoLíder Platinum,1100,100,10000,100,21,https://www.mercadolibre.com.ve/pagina/totaltecno,"Mun. Libertador (Noreste), Distrito Capital",Computación,Protectores y UPS > UPS,Computación > Protectores y UPS > UPS,APC,BVX700,"Marca: APC | Línea: Back-UPS | Modelo: BVX700 | Modelo alfanumérico: BVX700 | Color: Negro | Tipos de producto: UPS | Interfaces de comunicación: USB | Cantidad de tomas: 4 | Tiempo máximo de carga: 10 h | Peso: 3,49 kg | Ancho: 27,4 cm | Profundidad: 10,5 cm | Altura: 13,9 cm | Potencia pico: 700VA | Potencia nominal: 330 VA | Voltaje de entrada: 120V | Voltaje de salida: 120V | Denominación de voltaje: Monovolt | Rango de voltaje de entrada: 92V - 139V | Tipos de alarma sonora: Modo de batería, Batería baja, Sobrecarga | Dispositivos aptos: Computadoras, Electrodomésticos | Con botón de encendido/apagado: Sí | Con indicador LED: Sí | Nivel máximo de ruido: 35 dB | Voltaje de entrada: 120V | Potencia pico: 700VA | Cantidad de tomas: 4",https://http2.mlstatic.com/D_NQ_NP_2X_634391-MLV92964952052_092025-F.webp,https://articulo.mercadolibre.com.ve/MLV-700566557-ups-apc-700-va-usb-back-up-avr-120-v-respaldo-1-hora-nuev-negro-_JM,https://www.google.com/search?q=%22TOTAL%20TECNO%2021%20A%C3%91OS%20DE%20CALIDAD%22%20Venezuela%20(whatsapp%20OR%20instagram%20OR%20rif%20OR%20telefono%20OR%20tienda),Sí,2026-08-15T08:29:10.232Z
MLV730512665,Termo Vacuum Clásico 800ml Acero Inoxidable,10.8,4.8,957,1000,0,Sí,INVERSIONES RL,MercadoLíder Platinum,2300,100,10000,99,8,https://www.mercadolibre.com.ve/pagina/ronald.mpcoopsitelme,"Mun. Sucre (sur), Distrito Capital",Hogar y Muebles,Cocina > Almacenamiento y Organización > Recipientes Térmicos > Termos,Hogar y Muebles > Cocina > Almacenamiento y Organización > Recipientes Térmicos > Termos,Vacuum,Termo de Acero Inoxidable de 800ml,Marca: Vacuum | Línea: Clásico | Modelo: Termo de Acero Inoxidable de 800ml | Capacidad del termo: 800 mL | Tiempo de conservación de la bebida fría: 6 h | Tiempo de conservación de la bebida caliente: 6 h | Material del interior: Acero inoxidable | Materiales del exterior: Acero | Sistema de apertura de tapa: A rosca | Materiales del exterior: Acero | Marca: Vacuum,https://http2.mlstatic.com/D_NQ_NP_2X_992489-MLV112995913611_062026-F.webp,https://articulo.mercadolibre.com.ve/MLV-730512665-termo-vacuum-clasico-800ml-acero-inoxidable-_JM,https://www.google.com/search?q=%22INVERSIONES%20RL%22%20Venezuela%20Mun.%20Sucre%20(sur)%20(whatsapp%20OR%20instagram%20OR%20rif%20OR%20telefono%20OR%20tienda),Sí,2026-08-16T23:31:26.355Z
MLV796377792,Mini Conector Dc Para Router Power Bank Mini Ups Adaptador,2,4.9,68,500,0,Sí,Vendido por GRUPOVHL,MercadoLíder Platinum,N/A,5,1000,100,15,https://listado.mercadolibre.com.ve/_CustId_50804091,"San Cristóbal,","Electrónica, Audio y Video",Cables > Cables de Red,"Electrónica, Audio y Video > Cables > Cables de Red",Genérica,Genérico,"Marca: Genérica | Modelo: Genérico | Tipo de cable de red: Conector Mini Dc Router Modem | Color: Negro | Largo: 3,8 cm | Conector de entrada: 5.5x2.5mm | Conector de salida: 3.5X1.35mm | Incluye conectores: Sí",https://http2.mlstatic.com/D_NQ_NP_2X_634117-MLV98087092446_112025-F.webp,https://articulo.mercadolibre.com.ve/MLV-796377792-mini-conector-dc-para-router-power-bank-mini-ups-adaptador-_JM,https://www.google.com/search?q=%22Vendido%20por%20GRUPOVHL%22%20Venezuela%20(whatsapp%20OR%20instagram%20OR%20rif%20OR%20telefono%20OR%20tienda),Sí,2026-08-15T08:29:11.378Z
MLV721081482,Kit De Forros De Silicon Para Carros,9.89,4.8,285,500,0,Sí,Lara Led Auto Partes,MercadoLíder Platinum,1700,100,10000,99,11,https://www.mercadolibre.com.ve/pagina/laraled_ve,"Barquisimeto, Lara",Accesorios para Vehículos,Acc. para Carros y Camionetas > Accesorios de Interior > Cubre Volantes,Accesorios para Vehículos > Acc. para Carros y Camionetas > Accesorios de Interior > Cubre Volantes,Lara Led,N/A,"Marca: Lara Led | Número de pieza: 3 | Tipo de vehículo: Carro/Camioneta | Material: Goma | Diámetro externo: 1 "" | Origen: China",https://http2.mlstatic.com/D_NQ_NP_2X_896589-MLV113445844178_072026-F.webp,https://articulo.mercadolibre.com.ve/MLV-721081482-kit-de-forros-de-silicon-para-carros-_JM,https://www.google.com/search?q=%22Lara%20Led%20Auto%20Partes%22%20Venezuela%20(whatsapp%20OR%20instagram%20OR%20rif%20OR%20telefono%20OR%20tienda),Sí,2026-08-15T08:29:11.960Z
MLV770469688,Goma Tripoide Aveo Corsa Optra Lado Rueda Y Caja 4unidades,10.44,4.8,13,500,0,Sí,AEV IMPORT,MercadoLíder Platinum,650,1000,10000,97,6,https://www.mercadolibre.com.ve/pagina/aevimport7193,"San Diego (San Diego), Carabobo",Accesorios para Vehículos,Repuestos Carros y Camionetas > Suspensión y Dirección > Guardapolvos,Accesorios para Vehículos > Repuestos Carros y Camionetas > Suspensión y Dirección > Guardapolvos,MTV,N/A,Marca: MTV | Número de pieza: 1012-1013 | Material del fuelle: Goma | Origen: Nacional | Tipo de vehículo: Carro/Camioneta,https://http2.mlstatic.com/D_NQ_NP_2X_933759-MLV82967621943_032025-F.webp,https://articulo.mercadolibre.com.ve/MLV-770469688-goma-tripoide-aveo-corsa-optra-lado-rueda-y-caja-4unidades-_JM,https://www.google.com/search?q=%22AEV%20IMPORT%22%20Venezuela%20(whatsapp%20OR%20instagram%20OR%20rif%20OR%20telefono%20OR%20tienda),Sí,2026-08-15T08:29:12.484Z
MLV567290586,Dermaroller 0.5 Mm Titanio 540 Punta Barba Cabello Original,10,4.9,229,1000,0,Sí,Minov136,MercadoLíder Platinum,920,100,10000,100,21,https://www.mercadolibre.com.ve/tienda/minov136,"Mun. Sucre (norte), Distrito Capital",Estética y Belleza,Otros,Estética y Belleza > Otros,Derma Roller System,N/A,Marca: Derma Roller System | Formato de venta: Unidad | Formato de venta: Unidad | Marca: Derma Roller System,https://http2.mlstatic.com/D_NQ_NP_2X_718911-MLV110944115358_052026-F.webp,https://articulo.mercadolibre.com.ve/MLV-567290586-dermaroller-05-mm-titanio-540-punta-barba-cabello-original-_JM,https://www.google.com/search?q=%22Minov136%22%20Venezuela%20(whatsapp%20OR%20instagram%20OR%20rif%20OR%20telefono%20OR%20tienda),Sí,2026-08-15T08:29:12.963Z
MLV796465030,Rodillera Extra Acolchada Voleibol Deportiva Protectora,10.4,4.8,240,500,0,Sí,EKNIAS,MercadoLíder Platinum,5500,1000,50000,100,17,https://www.mercadolibre.com.ve/pagina/eknias,"Mun. Sucre (este), Distrito Capital",Deportes y Fitness,Voley > Rodilleras,Deportes y Fitness > Voley > Rodilleras,MacGregor / Jogger,Rodillera acolchada voleibol volibol volleyball deportiva protectora baile danza,Marca: MacGregor / Jogger | Modelo: Rodillera acolchada voleibol volibol volleyball deportiva protectora baile danza | Tipo de rodillera: Deportiva | Formato de venta: Unidad,https://http2.mlstatic.com/D_NQ_NP_2X_808610-MLV95523830750_102025-F.webp,https://articulo.mercadolibre.com.ve/MLV-796465030-rodillera-extra-acolchada-voleibol-deportiva-protectora-_JM,https://www.google.com/search?q=%22EKNIAS%22%20Venezuela%20(whatsapp%20OR%20instagram%20OR%20rif%20OR%20telefono%20OR%20tienda),Sí,2026-08-15T08:29:13.987Z
MLV956030008,Papel Sticker Adhesivo 135gms A4 Tinec 50hojas Brillante Blanco,9.99,4.9,149,500,0,Sí,lnb2009,MercadoLíder Platinum,1600,100,10000,100,22,https://www.mercadolibre.com.ve/pagina/lnb_2009,"Barquisimeto, Lara","Arte, Papelería y Mercería",Papelería > Comercial y Oficina > Papeles para Impresión,"Arte, Papelería y Mercería > Papelería > Comercial y Oficina > Papeles para Impresión",Tinec,N/A,Marca: Tinec | Tamaño del papel: A4 | Tipo de papel: Auto-Adhesivo | Color: Blanco | Cantidad de hojas: 50 | Gramaje: 135 g | Acabado: Brillante,https://http2.mlstatic.com/D_NQ_NP_2X_642999-MLV96529628133_102025-F.webp,https://articulo.mercadolibre.com.ve/MLV-956030008-papel-sticker-adhesivo-135gms-a4-tinec-50hojas-brillante-blanco-_JM,https://www.google.com/search?q=%22lnb2009%22%20Venezuela%20(whatsapp%20OR%20instagram%20OR%20rif%20OR%20telefono%20OR%20tienda),Sí,2026-08-15T08:29:14.567Z
MLV701908684,Guantes Gym Ejercicios Gimnasio Pesas Crossfit Calistenia,10.69,4.8,753,1000,0,Sí,BIT404 MARKET,MercadoLíder Platinum,2400,500,10000,99,11,https://www.mercadolibre.com.ve/pagina/bit404market,Mun. Libertador (,"Ropa, Zapatos y Accesorios",Ropa Deportiva > Guantes,"Ropa, Zapatos y Accesorios > Ropa Deportiva > Guantes",Looz,Guantes Fitness,"Marca: Looz | Modelo: Guantes Fitness | Edad: Adultos | Género: Sin género | Materiales: Tejido elástico compuesto, Tela resistente de fibra dura | Con muñequera: Sí | Marca: Looz | Materiales: Tejido elástico compuesto, Tela resistente de fibra dura | Género: Sin género",https://http2.mlstatic.com/D_NQ_NP_2X_758569-MLV48753828423_012022-F.webp,https://articulo.mercadolibre.com.ve/MLV-701908684-guantes-gym-ejercicios-gimnasio-pesas-crossfit-calistenia-_JM,https://www.google.com/search?q=%22BIT404%20MARKET%22%20Venezuela%20(whatsapp%20OR%20instagram%20OR%20rif%20OR%20telefono%20OR%20tienda),Sí,2026-08-15T08:29:15.131Z
MLV721314650,Seguros Centro Rin Copas Taza Aveo Corsa Optra Runner Méru Plateado,9,4.8,477,1000,0,Sí,AUTO ACCESORIOS DEL CENTRO,MercadoLíder Platinum,3200,100,10000,100,10,https://www.mercadolibre.com.ve/pagina/auto_accesorios_del_centro6506,"Barquisimeto, Lara",Accesorios para Vehículos,Acc. para Carros y Camionetas > Accesorios de Exterior > Tazas,Accesorios para Vehículos > Acc. para Carros y Camionetas > Accesorios de Exterior > Tazas,Whell Cover Locks,N/A,"Marca: Whell Cover Locks | Número de pieza: 13 | Color: Plateado | Tipo de vehículo: Carro/Camioneta | Tipo de taza: Central | Material: Metal | Diámetro: 1 "" | Origen: China | Es asegurable: Sí",https://http2.mlstatic.com/D_NQ_NP_2X_932538-MLV104781678091_012026-F.webp,https://articulo.mercadolibre.com.ve/MLV-721314650-seguros-centro-rin-copas-taza-aveo-corsa-optra-runner-meru-plateado-_JM,https://www.google.com/search?q=%22AUTO%20ACCESORIOS%20DEL%20CENTRO%22%20Venezuela%20Barquisimeto%20(whatsapp%20OR%20instagram%20OR%20rif%20OR%20telefono%20OR%20tienda),Sí,2026-08-16T23:30:29.041Z
MLV756611112,Aceite Motor 20w50 Mineral Supreme Sae Api Sp Chevron 946 Ml,10.08,4.7,88,500,0,Sí,Aiko Repuestos,MercadoLíder Platinum,16000,1000,50000,98,8,https://www.mercadolibre.com.ve/tienda/aiko-repuestos,"Mun. Libertador (Sur), Distrito Capital",Accesorios para Vehículos,Lubricantes y Fluidos > Autos y Camionetas > Aceites > Para Motor,Accesorios para Vehículos > Lubricantes y Fluidos > Autos y Camionetas > Aceites > Para Motor,Chevron,CHEVROLET AVEO OPTRA CORSA SPARK RENAULT CLIO CHERY ARAUCA ORINOCO X1 FIAT UNO PALIO SIENA FORD FIESTA MALIBU FAIRLANE CIELO ESPERO RACER MATIZ,Marca: Chevron | Línea: Supreme | Grado de viscosidad: 20W-50 | Volumen de la unidad: 946 mL | Volumen neto: 946 mL | Modelo: CHEVROLET AVEO OPTRA CORSA SPARK RENAULT CLIO CHERY ARAUCA ORINOCO X1 FIAT UNO PALIO SIENA FORD FIESTA MALIBU FAIRLANE CIELO ESPERO RACER MATIZ | Formato de venta: Unidad | Tipo de contenedor: Envase | Modelo detallado: SUPREME SAE | Tipo de aceite de motor: Mineral | Tipo de vehículo: Carro/Camioneta | Código OEM: E2068,https://http2.mlstatic.com/D_NQ_NP_2X_765634-MLV85574903140_062025-F.webp,https://articulo.mercadolibre.com.ve/MLV-756611112-aceite-motor-20w50-mineral-supreme-sae-api-sp-chevron-946-ml-_JM,https://www.google.com/search?q=%22Aiko%20Repuestos%22%20Venezuela%20(whatsapp%20OR%20instagram%20OR%20rif%20OR%20telefono%20OR%20tienda),Sí,2026-08-15T08:29:16.953Z
MLV767625707,Lápiz Lápices De Grafito Mongol - Paper Mate. Mayor Y Detal. Grafito,2,4.8,154,1000,0,Sí,DISTRIBUIDORA EDMIDIMAR CA,MercadoLíder Platinum,1500,100,10000,100,16,https://www.mercadolibre.com.ve/pagina/distribuidoraedmidimar_c.a,"Girardot (Maracay), Aragua","Arte, Papelería y Mercería",Papelería > Escolar > Escritura > Lápices,"Arte, Papelería y Mercería > Papelería > Escolar > Escritura > Lápices",Mongol,Original natural caja gruesa,Marca: Mongol | Modelo: Original natural caja gruesa | Color del trazo: Grafito | Formato de venta: Pack | Unidades por pack: 12 | Tipo de lápiz: Grafito,https://http2.mlstatic.com/D_NQ_NP_2X_882556-MLV112506189563_052026-F.webp,https://articulo.mercadolibre.com.ve/MLV-767625707-lapiz-lapices-de-grafito-mongol-paper-mate-mayor-y-detal-grafito-_JM,https://www.google.com/search?q=%22DISTRIBUIDORA%20EDMIDIMAR%20CA%22%20Venezuela%20(whatsapp%20OR%20instagram%20OR%20rif%20OR%20telefono%20OR%20tienda),Sí,2026-08-15T08:29:17.563Z
MLV915017988,Tapa Centros De Rin De 4runner 2003 2004 2005 2006 2007 2008 Plateado,7.2,4.8,65,500,0,Sí,PROCOMPRAS,MercadoLíder Platinum,2700,500,10000,100,7,https://www.mercadolibre.com.ve/pagina/centro-repuestos,"Mun. Libertador (Noreste), Distrito Capital",Accesorios para Vehículos,Acc. para Carros y Camionetas > Accesorios de Exterior > Tazas,Accesorios para Vehículos > Acc. para Carros y Camionetas > Accesorios de Exterior > Tazas,Genérica,N/A,"Marca: Genérica | Número de pieza: Genérica | Color: Plateado | Tipo de vehículo: Carro/Camioneta | Tipo de taza: Central | Diámetro: 14,5 """,https://http2.mlstatic.com/D_NQ_NP_2X_833902-MLV98925349414_112025-F.webp,https://articulo.mercadolibre.com.ve/MLV-915017988-tapa-centros-de-rin-de-4runner-2003-2004-2005-2006-2007-2008-plateado-_JM,https://www.google.com/search?q=%22PROCOMPRAS%22%20Venezuela%20(whatsapp%20OR%20instagram%20OR%20rif%20OR%20telefono%20OR%20tienda),Sí,2026-08-15T08:29:18.122Z
MLV740964117,Flotador Flotante Aveo 1.6 Spark Optra Design Advance,7.35,4.9,196,500,0,Sí,REPRESENTACIONES RA,MercadoLíder Platinum,460,500,5000,100,8,https://www.mercadolibre.com.ve/pagina/representacionesra,"San Francisco, Zulia",Accesorios para Vehículos,Repuestos Carros y Camionetas > Motor > Bombas > Bombas de Gasolina,Accesorios para Vehículos > Repuestos Carros y Camionetas > Motor > Bombas > Bombas de Gasolina,GM,N/A,Marca: GM | Número de pieza: 96865768 | Tipo de combustible: Gasolina | Tipo de vehículo: Carro/Camioneta | Es eléctrica: Sí | Incluye filtro: No | Incluye kit de montaje: Sí | Incluye junta o sello: No,https://http2.mlstatic.com/D_NQ_NP_2X_789944-MLV110802260733_042026-F.webp,https://articulo.mercadolibre.com.ve/MLV-740964117-flotador-flotante-aveo-16-spark-optra-design-advance-_JM,https://www.google.com/search?q=%22REPRESENTACIONES%20RA%22%20Venezuela%20(whatsapp%20OR%20instagram%20OR%20rif%20OR%20telefono%20OR%20tienda),Sí,2026-08-15T08:29:19.516Z
MLV768064060,Peso Digital Led Balanza Gramera Bascula Cocina Portatil 10k Blanco,6.99,4.8,661,1000,0,Sí,SCAROLA IMPORT,N/A,4100,500,50000,98,6,https://www.mercadolibre.com.ve/pagina/scarolaimport,"Mun. Sucre (este), Distrito Capital",Electrodomésticos,Pequeños Electrodomésticos > Para Cocina > Balanzas de Cocina,Electrodomésticos > Pequeños Electrodomésticos > Para Cocina > Balanzas de Cocina,Electronic Kitchen Scale,SF-400,Marca: Electronic Kitchen Scale | Modelo: SF-400 | Color: Blanco | Tipo de balanza: Digital | Sensibilidad de la balanza: 1 g | Tipos de alimentación: Batería | Tamaño de la pila: AAA | Incluye recipiente: No | Incluye pilas: Sí | Voltaje de la batería: 5,https://http2.mlstatic.com/D_NQ_NP_2X_988588-MLV71437599905_082023-F.webp,https://articulo.mercadolibre.com.ve/MLV-768064060-peso-digital-led-balanza-gramera-bascula-cocina-portatil-10k-blanco-_JM,https://www.google.com/search?q=%22SCAROLA%20IMPORT%22%20Venezuela%20(whatsapp%20OR%20instagram%20OR%20rif%20OR%20telefono%20OR%20tienda),Sí,2026-08-15T08:29:20.368Z
MLV529824152,Raqueta Eléctrica Recargable Mata Zancudos Moscas Mosquitos,3.51,4.7,154,500,0,Sí,SAMU DIGITAL,N/A,2900,100,50000,97,10,https://www.mercadolibre.com.ve/pagina/samudigital,"Barquisimeto, Lara",Herramientas,Otros,Herramientas > Otros,Genérica,N/A,Marca: Genérica,https://http2.mlstatic.com/D_NQ_NP_2X_656991-MLV69748556719_062023-F.webp,https://articulo.mercadolibre.com.ve/MLV-529824152-raqueta-electrica-recargable-mata-zancudos-moscas-mosquitos-_JM,https://www.google.com/search?q=%22SAMU%20DIGITAL%22%20Venezuela%20(whatsapp%20OR%20instagram%20OR%20rif%20OR%20telefono%20OR%20tienda),Sí,2026-08-15T08:29:20.883Z
MLV792198062,Papel Fotográfico 230gms Tinec A4 20hojas Alta Resolución Blanco,6.76,4.9,329,500,0,Sí,lnb2009,MercadoLíder Platinum,1600,100,10000,100,22,https://www.mercadolibre.com.ve/pagina/lnb_2009,"Barquisimeto, Lara","Arte, Papelería y Mercería",Papelería > Comercial y Oficina > Papeles para Impresión,"Arte, Papelería y Mercería > Papelería > Comercial y Oficina > Papeles para Impresión",Tinec,N/A,Marca: Tinec | Tamaño del papel: A4 | Tipo de papel: Fotográfico | Color: Blanco | Cantidad de hojas: 20 | Gramaje: 230 g | Formato de venta: Pack | Unidades por pack: 2 | Acabado: Brillante,https://http2.mlstatic.com/D_NQ_NP_2X_622596-MLV81539747206_012025-F.webp,https://articulo.mercadolibre.com.ve/MLV-792198062-papel-fotografico-230gms-tinec-a4-20hojas-alta-resolucion-blanco-_JM,https://www.google.com/search?q=%22lnb2009%22%20Venezuela%20(whatsapp%20OR%20instagram%20OR%20rif%20OR%20telefono%20OR%20tienda),Sí,2026-08-15T08:29:21.386Z
MLV757896966,Hand Grip Entrenamiento Muñeca Manos Antebrazo Con Contador.,3.79,4.8,319,1000,0,Sí,SAMU DIGITAL,N/A,2900,100,50000,97,10,https://www.mercadolibre.com.ve/pagina/samudigital,"Barquisimeto, Lara",Deportes y Fitness,"Fitness y Aerobics > Pesas, Discos y Barras > Hand Grips","Deportes y Fitness > Fitness y Aerobics > Pesas, Discos y Barras > Hand Grips",SamuDigital,Contador,Marca: SamuDigital | Modelo: Contador | Material del mango: Plástico | Con resistencia ajustable: Sí | Resistencia mínima - Resistencia máxima: 10 kg - 100 kg | Es digital: No | Con pantalla LCD: No | Marca: SamuDigital,https://http2.mlstatic.com/D_NQ_NP_2X_647730-MLV77522980658_072024-F.webp,https://articulo.mercadolibre.com.ve/MLV-757896966-hand-grip-entrenamiento-muneca-manos-antebrazo-con-contador-_JM,https://www.google.com/search?q=%22SAMU%20DIGITAL%22%20Venezuela%20(whatsapp%20OR%20instagram%20OR%20rif%20OR%20telefono%20OR%20tienda),Sí,2026-08-15T08:29:21.879Z
MLV746279365,Calibrador De Valvulas Universal 32 Hojas Acero,5.99,4.9,13,500,0,Sí,MECANITOOLS,MercadoLíder Platinum,530,100,10000,100,12,https://www.mercadolibre.com.ve/pagina/mecanitools,"Mun. Libertador (Centro), Distrito Capital",Accesorios para Vehículos,Herramientas para Vehículos > Medición > Medidores > Otros,Accesorios para Vehículos > Herramientas para Vehículos > Medición > Medidores > Otros,Calibrador de valvulas universal,32 Hojas Acero,Marca: Calibrador de valvulas universal | Modelo: 32 Hojas Acero,https://http2.mlstatic.com/D_NQ_NP_2X_835341-MLV81127076740_122024-F.webp,https://articulo.mercadolibre.com.ve/MLV-746279365-calibrador-de-valvulas-universal-32-hojas-acero-_JM,https://www.google.com/search?q=%22MECANITOOLS%22%20Venezuela%20(whatsapp%20OR%20instagram%20OR%20rif%20OR%20telefono%20OR%20tienda),Sí,2026-08-15T08:29:22.344Z
MLV777547122,Probador De Circuito Eléctrico Digital Automotriz Dc 3v-24v,5.99,4.8,285,500,0,Sí,technodigitaljn,MercadoLíder Platinum,2900,500,100000,97,8,https://www.mercadolibre.com.ve/pagina/technodigital_jn,"Valencia (Valencia), Carabobo",Herramientas,Testers y Equipos de Medición > Medidores de Electricidad > Buscapolos,Herramientas > Testers y Equipos de Medición > Medidores de Electricidad > Buscapolos,Gnérica,dc12V-24volt,Marca: Gnérica | Modelo: dc12V-24volt | Formato de venta: Unidad | Tipo de detector: n/a | Medida mínima de voltaje - Medida máxima de voltaje: 75V - 48V | Con linterna: Sí,https://http2.mlstatic.com/D_NQ_NP_2X_839014-MLV109370476425_032026-F.webp,https://articulo.mercadolibre.com.ve/MLV-777547122-probador-de-circuito-electrico-digital-automotriz-dc-3v-24v-_JM,https://www.google.com/search?q=%22technodigitaljn%22%20Venezuela%20(whatsapp%20OR%20instagram%20OR%20rif%20OR%20telefono%20OR%20tienda),Sí,2026-08-15T08:29:23.282Z
MLV962704072,Creatina Nutrex 60 Servicios 300gr Monohidrato Sin Sabor Sin Sabor,15.9,5,247,500,0,Sí,RLRCUD,MercadoLíder Platinum,200,50,1000,100,6,https://www.mercadolibre.com.ve/pagina/scissor,"Mun. Baruta (central), Distrito Capital",Deportes y Fitness,Suplementos y Shakers > Suplementos Deportivos,Deportes y Fitness > Suplementos y Shakers > Suplementos Deportivos,Nutrex Research,N/A,"Marca: Nutrex Research | Línea: Polvo | Suplemento principal: Creatina monohidratada | Nombre comercial: Nutrex Creatina 60 Servicios | Función del suplemento: Nutricional/Deportivo | Sabor: Sin sabor | Es libre de gluten: Sí | Es vegano: Sí | Contiene lactosa: No | Formato del suplemento: Polvo | Tipo de envase: Envase | Formato de venta: Unidad | Peso neto: 300 g | Peso de la unidad: 300 g | Ingredientes: Creatina monohidrato | Valores nutricionales por porción: 5g, Creatina | Peso de la porción: 5 g | Clase de suplemento: Creatina | Formato de venta: Unidad | Marca: Nutrex Research",https://http2.mlstatic.com/D_NQ_NP_2X_915489-MLV107298783703_022026-F.webp,https://articulo.mercadolibre.com.ve/MLV-962704072-creatina-nutrex-60-servicios-300gr-monohidrato-sin-sabor-sin-sabor-_JM,https://www.google.com/search?q=%22RLRCUD%22%20Venezuela%20(whatsapp%20OR%20instagram%20OR%20rif%20OR%20telefono%20OR%20tienda),Sí,2026-08-15T08:29:23.726Z
MLV473820539,Gomas Valvula Corsa - Cielo - Meriva - Montana Original Sabo,5.66,4.8,184,500,0,Sí,LUMHA,MercadoLíder Platinum,5400,1000,50000,99,10,https://www.mercadolibre.com.ve/tienda/lumha,"Mun. Libertador (Centro), Distrito Capital",Accesorios para Vehículos,Repuestos Carros y Camionetas > Motor > Estoperas de Motor,Accesorios para Vehículos > Repuestos Carros y Camionetas > Motor > Estoperas de Motor,VITON GOMA MARRÓN SABO 1.3 / 1.4 / 1.6,N/A,Marca: VITON GOMA MARRÓN SABO 1.3 / 1.4 / 1.6 | Número de pieza: 1998 1999 2000 2001 2002 2003 2004 2005 2006 | Tipo de vehículo: Carro/Camioneta | Código OEM: 90215296 | Origen: Brasil,https://http2.mlstatic.com/D_NQ_NP_2X_970542-MLV41838943247_052020-F.webp,https://articulo.mercadolibre.com.ve/MLV-473820539-gomas-valvula-corsa-cielo-meriva-montana-original-sabo-_JM,https://www.google.com/search?q=%22LUMHA%22%20Venezuela%20(whatsapp%20OR%20instagram%20OR%20rif%20OR%20telefono%20OR%20tienda),Sí,2026-08-15T08:29:24.213Z
MLV828919736,Limpia Contacto Electrico En Spray Dielectrico 450ml,5.31,5,2,500,0,Sí,FERRETERIA EL RELAMPAGO CA,MercadoLíder Platinum,2600,1000,10000,100,11,https://www.mercadolibre.com.ve/pagina/ferreteriaelrelampagoca,"Barquisimeto, Lara",Accesorios para Vehículos,Acc. para Carros y Camionetas > Otros,Accesorios para Vehículos > Acc. para Carros y Camionetas > Otros,Covo,N/A,Marca: Covo | Número de pieza: CV-CCNR-450ML | Tipo de vehículo: Carro/Camioneta,https://http2.mlstatic.com/D_NQ_NP_2X_618628-MLV93642594634_102025-F.webp,https://articulo.mercadolibre.com.ve/MLV-828919736-limpia-contacto-electrico-en-spray-dielectrico-450ml-_JM,https://www.google.com/search?q=%22FERRETERIA%20EL%20RELAMPAGO%20CA%22%20Venezuela%20(whatsapp%20OR%20instagram%20OR%20rif%20OR%20telefono%20OR%20tienda),Sí,2026-08-15T08:29:24.670Z
MLV765435321,Llave Arresto Doble 1/2 X 1/2 Metálica Independiente Griven,5,4.9,26,500,0,Sí,FERRETERIA EL RELAMPAGO CA,MercadoLíder Platinum,2600,1000,10000,100,11,https://www.mercadolibre.com.ve/pagina/ferreteriaelrelampagoca,"Barquisimeto, Lara",Hogar y Muebles,Baños > Grifería para Baño > Otros,Hogar y Muebles > Baños > Grifería para Baño > Otros,Griven,GV-AVD-1-2,Fabricante: Griven | Marca: Griven | Modelo: GV-AVD-1-2,https://http2.mlstatic.com/D_NQ_NP_2X_746292-MLV94038749697_102025-F.webp,https://articulo.mercadolibre.com.ve/MLV-765435321-llave-arresto-doble-12-x-12-metalica-independiente-griven-_JM,https://www.google.com/search?q=%22FERRETERIA%20EL%20RELAMPAGO%20CA%22%20Venezuela%20(whatsapp%20OR%20instagram%20OR%20rif%20OR%20telefono%20OR%20tienda),Sí,2026-08-15T08:29:25.117Z
MLV884247058,Creatina Nutrex Monohidratada Micronizada 60 Servicios 300 G Sin Sabor,16.46,4.9,199,500,0,Sí,JESMAHER,MercadoLíder Platinum,90,5,500,100,20,https://www.mercadolibre.com.ve/pagina/jesmaher,"San Cristóbal,",Estética y Belleza,Salud > Suplementos Alimenticios,Estética y Belleza > Salud > Suplementos Alimenticios,Nutrex,N/A,Marca: Nutrex | Línea: Suplemento | Suplemento principal: Creatina micronizada | Nombre comercial: Creatina Nutrex Monohidratada Micronizada | Función del suplemento: Deportivo | Sabor: Sin sabor | Es libre de gluten: Sí | Es vegano: Sí | Contiene lactosa: No | Formato del suplemento: Polvo | Tipo de envase: Botella | Formato de venta: Unidad | Unidades por envase: 60 | Peso neto: 300 g | Peso de la unidad: 5 g | Ingredientes: Creatina monohidratada micronizada | Peso de la porción: 5 g | Clase de suplemento: Creatina | Formato de venta: Unidad | Marca: Nutrex | Unidades por envase: 60,https://http2.mlstatic.com/D_NQ_NP_2X_950509-MLV87643306728_072025-F.webp,https://articulo.mercadolibre.com.ve/MLV-884247058-creatina-nutrex-monohidratada-micronizada-60-servicios-300-g-sin-sabor-_JM,https://www.google.com/search?q=%22JESMAHER%22%20Venezuela%20(whatsapp%20OR%20instagram%20OR%20rif%20OR%20telefono%20OR%20tienda),Sí,2026-08-15T08:29:25.575Z
MLV768300802,Almohadilla De Desecho Para Impresora Epson L3210,5,4.9,167,500,0,Sí,VENCORP,MercadoLíder Platinum,330,100,5000,100,10,https://www.mercadolibre.com.ve/pagina/vencopyvzla,"Valencia (Valencia), Carabobo",Computación,Impresión > Insumos de Impresión > Otros,Computación > Impresión > Insumos de Impresión > Otros,N/A,N/A,Marca del repuesto: Epson | Modelo del repuesto: L3110/L3210/L3150/L1110,https://http2.mlstatic.com/D_NQ_NP_2X_985735-MLV71473293354_092023-F.webp,https://articulo.mercadolibre.com.ve/MLV-768300802-almohadilla-de-desecho-para-impresora-epson-l3210-_JM,https://www.google.com/search?q=%22VENCORP%22%20Venezuela%20(whatsapp%20OR%20instagram%20OR%20rif%20OR%20telefono%20OR%20tienda),Sí,2026-08-15T08:29:26.037Z
MLV709012431,Impresora Epson L 3250 Multifuncional Tinta Continua Ecotank Negro,299.99,4.9,193,500,0,Sí,TOTAL TECNO 21 AÑOS DE CALIDAD,MercadoLíder Platinum,1100,100,10000,100,21,https://www.mercadolibre.com.ve/pagina/totaltecno,"Mun. Libertador (Noreste), Distrito Capital",Computación,Impresión > Impresoras,Computación > Impresión > Impresoras,Epson,L3250,"Marca: Epson | Línea: EcoTank | Modelo: L3250 | Modelo alfanumérico: C11CJ67301 | Color: Negro | Voltaje: 110 / 240V (Bivolt) | Resolución máxima de impresión en color: 5760 dpi x 1440 dpi | Tipo de impresora: Multifunción | Tecnología de impresión: Inyección de tinta | Tipo de impresión: Color | Funciones de la impresora: Copia, escanea, imprime | Con Wi-Fi: Sí | Con puerto USB: Sí | Tipo de impresora: Multifunción | Tipo de impresión: Color | Con WI-Fi : Sí | Tecnología de impresión: Inyección de tinta | Funciones de la impresora: Copia, escanea, imprime",https://http2.mlstatic.com/D_NQ_NP_2X_714683-MLV96196855430_102025-F.webp,https://articulo.mercadolibre.com.ve/MLV-709012431-impresora-epson-l-3250-multifuncional-tinta-continua-ecotank-negro-_JM,https://www.google.com/search?q=%22TOTAL%20TECNO%2021%20A%C3%91OS%20DE%20CALIDAD%22%20Venezuela%20(whatsapp%20OR%20instagram%20OR%20rif%20OR%20telefono%20OR%20tienda),Sí,2026-08-15T08:29:26.512Z
MLV807027410,Router Tp-link Ax1500 Dual Band Archer Ax12 Wifi 6 Gigabit,49,4.9,699,1000,0,Sí,MCSUMINISTROS CARLOSRAMIREZ,MercadoLíder Platinum,2400,100,10000,100,10,https://www.mercadolibre.com.ve/pagina/mcsuministroscarlosramirez4552,"San Cristóbal,",Computación,Conectividad y Redes > Routers y Access Points,Computación > Conectividad y Redes > Routers y Access Points,TP-Link,AX12,"Marca: TP-Link | Modelo: AX12 | Versión: 1.0 | Color: Negro | Voltaje: 120/220V | Funciones: Access point | Con conexión PoE: No | Formato de venta: Unidad | Tipos de conexiones: Con cable/Inalámbrica | Velocidad inalámbrica: 1,5 Gbps | Frecuencias: 2.4 GHz, 5 GHz | Tipo de frecuencia: Banda doble | Cantidad de antenas externas: 4 | Funciones Access point | Frecuencias 2.4 GHz, 5 GHz | Velocidad inalámbrica 1.5 Gbps",https://http2.mlstatic.com/D_NQ_NP_2X_890177-MLV111127002624_052026-F.webp,https://articulo.mercadolibre.com.ve/MLV-807027410-router-tp-link-ax1500-dual-band-archer-ax12-wifi-6-gigabit-_JM,https://www.google.com/search?q=%22MCSUMINISTROS%20CARLOSRAMIREZ%22%20Venezuela%20San%20Crist%C3%B3bal%20(whatsapp%20OR%20instagram%20OR%20rif%20OR%20telefono%20OR%20tienda),Sí,2026-08-16T23:31:02.957Z
MLV736050054,Medidor Digital Voltimetro Led Carro Moto 5v - 120v Cc Dc,2.02,4.8,84,500,0,Sí,SOLUCIONES MC,MercadoLíder Platinum,710,100,10000,100,10,https://www.mercadolibre.com.ve/pagina/soluciones_mc,"San Cristóbal,",Accesorios para Vehículos,Tuning > Otros,Accesorios para Vehículos > Tuning > Otros,Genérica,N/A,Marca: Genérica,https://http2.mlstatic.com/D_NQ_NP_2X_830265-MLV54687272277_032023-F.webp,https://articulo.mercadolibre.com.ve/MLV-736050054-medidor-digital-voltimetro-led-carro-moto-5v-120v-cc-dc-_JM,https://www.google.com/search?q=%22SOLUCIONES%20MC%22%20Venezuela%20(whatsapp%20OR%20instagram%20OR%20rif%20OR%20telefono%20OR%20tienda),Sí,2026-08-15T08:29:27.893Z
MLV740491710,Camara Seguridad Wi-fi Tp Link Tapo C200 1080p Full Hd,33,5,0,1000,0,Sí,Pendiente,Pendiente,N/A,N/A,N/A,N/A,N/A,,Pendiente,N/A,N/A,N/A,N/A,N/A,N/A,https://http2.mlstatic.com/D_Q_NP_2X_940740-MLV114447019540_082026-E.webp,https://articulo.mercadolibre.com.ve/MLV-740491710-camara-seguridad-wi-fi-tp-link-tapo-c200-1080p-full-hd-_JM,,No,2026-08-16T23:31:04.265Z
MLV702155436,Cable Universal Para Tester Multimetro O Pinza Amperimetrica,2,5,1,500,0,Sí,technodigitaljn,MercadoLíder Platinum,2900,500,100000,97,8,https://www.mercadolibre.com.ve/pagina/technodigital_jn,"Valencia (Valencia), Carabobo",Herramientas,Testers y Equipos de Medición > Medidores de Electricidad > Multímetros,Herramientas > Testers y Equipos de Medición > Medidores de Electricidad > Multímetros,Universal,Cable para tester,Marca: Universal | Modelo: Cable para tester,https://http2.mlstatic.com/D_NQ_NP_2X_780082-MLV110698718832_052026-F.webp,https://articulo.mercadolibre.com.ve/MLV-702155436-cable-universal-para-tester-multimetro-o-pinza-amperimetrica-_JM,https://www.google.com/search?q=%22technodigitaljn%22%20Venezuela%20(whatsapp%20OR%20instagram%20OR%20rif%20OR%20telefono%20OR%20tienda),Sí,2026-08-15T08:29:29.167Z
MLV822316892,Router Mercusys Mr50g Ac1900 Gigabit Fibra Optica 6 Antenas,35.95,4.9,348,500,0,Sí,MCSUMINISTROS CARLOSRAMIREZ,MercadoLíder Platinum,2300,100,10000,100,10,https://www.mercadolibre.com.ve/pagina/mcsuministroscarlosramirez4552,"San Cristóbal,",Computación,Conectividad y Redes > Routers y Access Points,Computación > Conectividad y Redes > Routers y Access Points,Mercusys,MR50G,"Marca: Mercusys | Modelo: MR50G | Versión: 1.0 | Color: Negro | Voltaje: 120/220V | Funciones: Access point | Con conexión PoE: No | Formato de venta: Unidad | Tipos de conexiones: Con cable/Inalámbrica | Velocidad inalámbrica: 1,9 Gbps | Frecuencias: 2.4ghz, 5ghZ | Tipo de frecuencia: Banda doble | Cantidad de antenas externas: 6 | Funciones Access point | Frecuencias 2.4ghz, 5ghZ | Velocidad inalámbrica 1.9 Gbps",https://http2.mlstatic.com/D_NQ_NP_2X_630285-MLV112121707671_052026-F.webp,https://articulo.mercadolibre.com.ve/MLV-822316892-router-mercusys-mr50g-ac1900-gigabit-fibra-optica-6-antenas-_JM,https://www.google.com/search?q=%22MCSUMINISTROS%20CARLOSRAMIREZ%22%20Venezuela%20(whatsapp%20OR%20instagram%20OR%20rif%20OR%20telefono%20OR%20tienda),Sí,2026-08-15T08:29:29.676Z
MLV575497207,Memoria Micro Sd Kingston 128gb 100mb/s Original Canvas Plus,31.49,4.9,172,500,0,Sí,ZTC3000,MercadoLíder Platinum,730,100,10000,99,10,https://www.mercadolibre.com.ve/pagina/ztc3000,"Mun. Libertador (Oeste), Distrito Capital",Celulares y Teléfonos,Accesorios para Celulares > Memorias,Celulares y Teléfonos > Accesorios para Celulares > Memorias,Kingston,SDCS2/128GBSP,Marca: Kingston | Línea: Canvas Select Plus | Modelo: SDCS2/128GBSP | Modelo alfanumérico: sdcs2/128gbsp | Capacidad: 128 GB | Velocidad de lectura: 100 MB/s | Clase de velocidad: 10 | Clase de velocidad UHS-I: U1 | Velocidad de escritura: 10 MB/s | Incluye adaptador SD: Sí | Incluye adaptador USB: No | Formato de la tarjeta: MicroSDXC | Es a prueba de agua: Sí | Interfaz: UHS-I | Resolución máxima de video: Full HD | Capacidad: 128 GB | Formato de la tarjeta: MicroSDXC | Resolución máxima de vídeo: Full HD | Velocidad de lectura: 100 MB/s | Incluye adaptador SD: Sí,https://http2.mlstatic.com/D_NQ_NP_2X_620421-MLV114646229109_072026-F.webp,https://articulo.mercadolibre.com.ve/MLV-575497207-memoria-micro-sd-kingston-128gb-100mbs-original-canvas-plus-_JM,https://www.google.com/search?q=%22ZTC3000%22%20Venezuela%20(whatsapp%20OR%20instagram%20OR%20rif%20OR%20telefono%20OR%20tienda),Sí,2026-08-15T08:29:30.180Z
MLV568119136,Tarjetas Blancas Plásticas Pvc Cr80 Pra Carnets Credenciales,20.9,4.9,130,500,0,Sí,grupoidvenezuela,MercadoLíder,50,50,1000,98,18,https://www.mercadolibre.com.ve/pagina/grupo_id_venezuela,"Mun. Baruta (sureste), Distrito Capital","Arte, Papelería y Mercería",Papelería > Otros,"Arte, Papelería y Mercería > Papelería > Otros",PVC,Cr80,Marca: PVC | Modelo: Cr80,https://http2.mlstatic.com/D_NQ_NP_2X_864723-MLV43453646281_092020-F.webp,https://articulo.mercadolibre.com.ve/MLV-568119136-tarjetas-blancas-plasticas-pvc-cr80-pra-carnets-credenciales-_JM,https://www.google.com/search?q=%22grupoidvenezuela%22%20Venezuela%20(whatsapp%20OR%20instagram%20OR%20rif%20OR%20telefono%20OR%20tienda),Sí,2026-08-15T08:29:30.650Z
MLV806911006,Router Mercusys Mr62x Ax1500 Wifi 6 Gigabit Doble Banda,41.99,4.9,440,500,0,Sí,MCSUMINISTROS CARLOSRAMIREZ,MercadoLíder Platinum,2300,100,10000,100,10,https://www.mercadolibre.com.ve/pagina/mcsuministroscarlosramirez4552,"San Cristóbal,",Computación,Conectividad y Redes > Routers y Access Points,Computación > Conectividad y Redes > Routers y Access Points,Mercusys,MR62X,"Marca: Mercusys | Modelo: MR62X | Versión: 1.0 | Color: AX1500 | Voltaje: 120/220V | Funciones: Access point | Con conexión PoE: No | Formato de venta: Unidad | Tipos de conexiones: Con cable/Inalámbrica | Velocidad inalámbrica: 1,5 Gbps | Frecuencias: 2.4ghz, 5ghZ | Tipo de frecuencia: Banda doble | Cantidad de antenas externas: 4 | Funciones Access point | Frecuencias 2.4ghz, 5ghZ | Velocidad inalámbrica 1.5 Gbps",https://http2.mlstatic.com/D_NQ_NP_2X_960841-MLV112121148789_052026-F.webp,https://articulo.mercadolibre.com.ve/MLV-806911006-router-mercusys-mr62x-ax1500-wifi-6-gigabit-doble-banda-_JM,https://www.google.com/search?q=%22MCSUMINISTROS%20CARLOSRAMIREZ%22%20Venezuela%20(whatsapp%20OR%20instagram%20OR%20rif%20OR%20telefono%20OR%20tienda),Sí,2026-08-15T08:29:31.163Z
MLV477463188,Mecate Polipropileno 3/16 1/4 5/16 3/8 7/16 1/2,94.9,4.9,73,500,0,Sí,HILOSA,MercadoLíder Platinum,1000,100,1000,99,23,https://www.mercadolibre.com.ve/tienda/hilosa,"Mun. Sucre (centro), Distrito Capital",Construcción,Otros,Construcción > Otros,HILOS,MECATE POLIPROPILENO,Marca: HILOS | Modelo: MECATE POLIPROPILENO,https://http2.mlstatic.com/D_NQ_NP_2X_840363-MLV115900971981_082026-F.webp,https://articulo.mercadolibre.com.ve/MLV-477463188-mecate-polipropileno-316-14-516-38-716-12-_JM,https://www.google.com/search?q=%22HILOSA%22%20Venezuela%20(whatsapp%20OR%20instagram%20OR%20rif%20OR%20telefono%20OR%20tienda),Sí,2026-08-15T08:29:31.622Z
MLV465956686,Energizador De Cerco Electrico Jfl 18.000 V Tasa Bcv,82,4.8,17,500,0,Sí,GRUPOFERROMARKET,MercadoLíder Gold,210,50,1000,100,10,https://www.mercadolibre.com.ve/pagina/grupoferromarket,"San Diego (San Diego), Carabobo",Hogar y Muebles,Seguridad para el Hogar > Sistemas de Monitoreo > Alarmas y Sensores,Hogar y Muebles > Seguridad para el Hogar > Sistemas de Monitoreo > Alarmas y Sensores,JFL,ECR 18 PLUS,Marca: JFL | Línea: CERCO ELECTRICO | Modelo: ECR 18 PLUS | Tipo de dispositivo: ENERGIZADOR | Tipos de sensores: Inalámbrico y con cable | Tipos de detectores: inalambricos y cableados | Es inalámbrico: Sí | Cantidad de zonas: 1,https://http2.mlstatic.com/D_NQ_NP_2X_767102-MLV70732044402_072023-F.webp,https://articulo.mercadolibre.com.ve/MLV-465956686-energizador-de-cerco-electrico-jfl-18000-v-tasa-bcv-_JM,https://www.google.com/search?q=%22GRUPOFERROMARKET%22%20Venezuela%20(whatsapp%20OR%20instagram%20OR%20rif%20OR%20telefono%20OR%20tienda),Sí,2026-08-15T08:29:32.104Z
MLV785443376,Tinta Epson 544 Original 100% 65ml,16.97,4.9,0,1000,0,Sí,Pendiente,Pendiente,N/A,N/A,N/A,N/A,N/A,,Pendiente,N/A,N/A,N/A,N/A,N/A,N/A,https://http2.mlstatic.com/D_Q_NP_2X_896882-MLV110762333650_052026-E.webp,https://articulo.mercadolibre.com.ve/MLV-785443376-tinta-epson-544-original-100-65ml-_JM,,No,2026-08-16T23:31:14.569Z
MLV798026714,Glucómetro Contec Kit Certificado Mas 50 Tiras Y 50 Lancetas Blanco,17.99,4.8,754,1000,0,Sí,Vendedores Certificados Salud,MercadoLíder Platinum,150,5,5000,100,3,https://www.mercadolibre.com.ve/pagina/conteccomercia,"Mun. Libertador (Oeste), Distrito Capital",Estética y Belleza,Salud > Equipamiento Médico > Equipos de Monitoreo > Glucómetros,Estética y Belleza > Salud > Equipamiento Médico > Equipos de Monitoreo > Glucómetros,Contec,BG-01-10,Marca: Contec | Modelo: BG-01-10 | Color: Blanco | Es glucómetro continuo: Sí | Incluye pilas: Sí,https://http2.mlstatic.com/D_NQ_NP_2X_620485-MLV111413112605_052026-F.webp,https://articulo.mercadolibre.com.ve/MLV-798026714-glucometro-contec-kit-certificado-mas-50-tiras-y-50-lancetas-blanco-_JM,https://www.google.com/search?q=%22Vendedores%20Certificados%20Salud%22%20Venezuela%20Mun.%20Libertador%20(Oeste)%20(whatsapp%20OR%20instagram%20OR%20rif%20OR%20telefono%20OR%20tienda),Sí,2026-08-16T23:31:05.246Z
MLV575970451,Papel Autoadhesivo Fotográfico 135gms 50hojas Color Make,10.75,4.9,55,1000,0,Sí,lnb2009,MercadoLíder Platinum,1600,100,10000,100,22,https://www.mercadolibre.com.ve/pagina/lnb_2009,"Barquisimeto, Lara","Arte, Papelería y Mercería",Papelería > Comercial y Oficina > Papeles para Impresión,"Arte, Papelería y Mercería > Papelería > Comercial y Oficina > Papeles para Impresión",Color Make,N/A,Marca: Color Make | Tamaño del papel: A4 | Tipo de papel: Fotográfico Auto-Adhesivo | Cantidad de hojas: 50 | Gramaje: 135 g | Acabado: Brillante,https://http2.mlstatic.com/D_NQ_NP_2X_727519-MLV86955321784_072025-F.webp,https://articulo.mercadolibre.com.ve/MLV-575970451-papel-autoadhesivo-fotografico-135gms-50hojas-color-make-_JM,https://www.google.com/search?q=%22lnb2009%22%20Venezuela%20Barquisimeto%20(whatsapp%20OR%20instagram%20OR%20rif%20OR%20telefono%20OR%20tienda),Sí,2026-08-16T23:30:29.652Z
MLV703506551,Impresora Hp Multifuncional Deskjet Ink Advantage 2875 Wi-fi,99.99,4.8,520,1000,0,Sí,Pendiente,Pendiente,1100,100,10000,100,21,https://www.mercadolibre.com.ve/pagina/totaltecno,Pendiente,Computación,Impresión > Impresoras,N/A,N/A,N/A,N/A,https://http2.mlstatic.com/D_Q_NP_2X_688271-MLV92977666804_092025-E.webp,https://articulo.mercadolibre.com.ve/MLV-703506551-impresora-hp-multifuncional-deskjet-ink-advantage-2875-wi-fi-_JM,,No,2026-08-16T23:30:22.678Z
MLV706936628,Kit Tinta Epson 544 De 65ml C/u (4 Colores) Kit 4 Colores,26.86,4.9,466,1000,0,Sí,MCSUMINISTROS CARLOSRAMIREZ,MercadoLíder Platinum,2400,100,10000,100,10,https://www.mercadolibre.com.ve/pagina/mcsuministroscarlosramirez4552,"San Cristóbal,",Computación,Impresión > Insumos de Impresión > Recargas de Tinta,Computación > Impresión > Insumos de Impresión > Recargas de Tinta,Epson,544,Marca: Epson | Modelo: 544 | Color de la tinta: Kit 4 Colores | Volumen de la unidad: 65 mL | Es apto para sublimación: No,https://http2.mlstatic.com/D_NQ_NP_2X_724552-MLV110118131642_042026-F.webp,https://articulo.mercadolibre.com.ve/MLV-706936628-kit-tinta-epson-544-de-65ml-cu-4-colores-kit-4-colores-_JM,https://www.google.com/search?q=%22MCSUMINISTROS%20CARLOSRAMIREZ%22%20Venezuela%20San%20Crist%C3%B3bal%20(whatsapp%20OR%20instagram%20OR%20rif%20OR%20telefono%20OR%20tienda),Sí,2026-08-16T23:31:11.913Z
MLV716202611,Rodillera Voleibol Volleyball Deportiva Regent Varios Colore,9.41,4.9,894,1000,0,Sí,Buhodega,MercadoLíder Platinum,2700,1000,50000,99,6,https://www.mercadolibre.com.ve/pagina/feni8200424,"Mun. Sucre (este), Distrito Capital",Deportes y Fitness,Voley > Rodilleras,Deportes y Fitness > Voley > Rodilleras,Regent,N/A,Marca: Regent | Tipo de rodillera: Deportiva,https://http2.mlstatic.com/D_NQ_NP_2X_773592-MLV87499008295_072025-F.webp,https://articulo.mercadolibre.com.ve/MLV-716202611-rodillera-voleibol-volleyball-deportiva-regent-varios-colore-_JM,https://www.google.com/search?q=%22Buhodega%22%20Venezuela%20Mun.%20Sucre%20(este)%20(whatsapp%20OR%20instagram%20OR%20rif%20OR%20telefono%20OR%20tienda),Sí,2026-08-16T23:31:09.212Z
MLV704167924,Pistola De Masaje Recargable Muscular Tejido Profundo Sy-720,10,4.8,0,1000,0,Sí,Pendiente,Pendiente,N/A,N/A,N/A,N/A,N/A,,Pendiente,N/A,N/A,N/A,N/A,N/A,N/A,https://http2.mlstatic.com/D_Q_NP_2X_823392-MLV97707471213_112025-E.webp,https://articulo.mercadolibre.com.ve/MLV-704167924-pistola-de-masaje-recargable-muscular-tejido-profundo-sy-720-_JM,,No,2026-08-16T23:31:18.789Z
MLV776570870,Termo Vacuum Bottle Clásico Frío Y Caliente De Litro,8.4,4.8,469,1000,0,Sí,INVERSIONES RL,MercadoLíder Platinum,2300,100,10000,99,8,https://www.mercadolibre.com.ve/pagina/ronald.mpcoopsitelme,"Mun. Sucre (sur), Distrito Capital",Deportes y Fitness,"Camping, Caza y Pesca > Accesorios de Camping > Recipientes Térmicos > Termos","Deportes y Fitness > Camping, Caza y Pesca > Accesorios de Camping > Recipientes Térmicos > Termos",Vacuum,Termo Clásico 1000ML,"Marca: Vacuum | Línea: Bottle | Modelo: Termo Clásico 1000ML | Capacidad del termo: 1 L | Nombre del diseño: Bottle | Tiempo de conservación de la bebida fría: 12 h | Tiempo de conservación de la bebida caliente: 8 h | Material del interior: Acero inoxidable | Materiales del exterior: Plástico | Sistema de apertura de tapa: A rosca, Tapa clean | Materiales del exterior: Plástico | Marca: Vacuum",https://http2.mlstatic.com/D_NQ_NP_2X_874609-MLV107116963667_022026-F.webp,https://articulo.mercadolibre.com.ve/MLV-776570870-termo-vacuum-bottle-clasico-frio-y-caliente-de-litro-_JM,https://www.google.com/search?q=%22INVERSIONES%20RL%22%20Venezuela%20Mun.%20Sucre%20(sur)%20(whatsapp%20OR%20instagram%20OR%20rif%20OR%20telefono%20OR%20tienda),Sí,2026-08-16T23:31:21.132Z
MLV498277577,Carpetas Manila Tamaño Oficio (paquete De 100). Amarillo,13.99,4.8,348,1000,0,Sí,VRSTORE CA,MercadoLíder Platinum,3400,500,10000,100,16,https://www.mercadolibre.com.ve/pagina/vrstoreca,"Barquisimeto, Lara","Arte, Papelería y Mercería",Papelería > Comercial y Oficina > Archivadores y Carpetas,"Arte, Papelería y Mercería > Papelería > Comercial y Oficina > Archivadores y Carpetas",oficio,Oficio,Marca: oficio | Modelo: Oficio | Color: Amarillo | Diseño: manila | Tipo de carpeta: Manila | Material: Cartulina | Formato de venta: Pack | Unidades por envase: 100 | Largo x Ancho: 34 cm x 23 cm | Espesor: 3 mm,https://http2.mlstatic.com/D_NQ_NP_2X_920061-MLV84938888175_052025-F.webp,https://articulo.mercadolibre.com.ve/MLV-498277577-carpetas-manila-tamano-oficio-paquete-de-100-amarillo-_JM,https://www.google.com/search?q=%22VRSTORE%20CA%22%20Venezuela%20Barquisimeto%20(whatsapp%20OR%20instagram%20OR%20rif%20OR%20telefono%20OR%20tienda),Sí,2026-08-16T23:31:22.615Z
MLV750297271,Impresora Canon Ts 3610 Multifuncional Wifi Color Usb Nueva Negro,119.99,4.9,180,500,0,Sí,TOTAL TECNO 21 AÑOS DE CALIDAD,MercadoLíder Platinum,1100,100,10000,100,21,https://www.mercadolibre.com.ve/pagina/totaltecno,"Mun. Libertador (Noreste), Distrito Capital",Computación,Impresión > Impresoras,Computación > Impresión > Impresoras,Canon,PIXMA TS3610,"Marca: Canon | Línea: Pixma | Modelo: PIXMA TS3610 | Color: Negro | Voltaje: 110 / 240V (Bivolt) | Peso: 4 kg | Tipo de impresora: Multifunción | Tecnología de impresión: Inyección de tinta | Tipo de impresión: Color | Funciones de la impresora: Impresión, Escaneo, Copia | Con Wi-Fi: Sí | Con puerto USB: Sí | Tipo de impresora: Multifunción | Tipo de impresión: Color | Con WI-Fi : Sí | Tecnología de impresión: Inyección de tinta | Funciones de la impresora: Impresión, Escaneo, Copia",https://http2.mlstatic.com/D_NQ_NP_2X_723449-MLV92982750318_092025-F.webp,https://articulo.mercadolibre.com.ve/MLV-750297271-impresora-canon-ts-3610-multifuncional-wifi-color-usb-nueva-negro-_JM,https://www.google.com/search?q=%22TOTAL%20TECNO%2021%20A%C3%91OS%20DE%20CALIDAD%22%20Venezuela%20(whatsapp%20OR%20instagram%20OR%20rif%20OR%20telefono%20OR%20tienda),Sí,2026-08-15T08:29:38.900Z
MLV719537283,Rodillera Volleyball Regent Voley Volibol Voleibol,9.42,4.9,488,1000,0,Sí,EKNIAS,MercadoLíder Platinum,5600,1000,50000,100,17,https://www.mercadolibre.com.ve/pagina/eknias,"Mun. Sucre (este), Distrito Capital",Deportes y Fitness,Voley > Rodilleras,Deportes y Fitness > Voley > Rodilleras,Regent,Rodillera Voleibol Volleyball Basket Futbol Acolchada deportiva acolchada Rodillera Acolchada voley volibol,Marca: Regent | Modelo: Rodillera Voleibol Volleyball Basket Futbol Acolchada deportiva acolchada Rodillera Acolchada voley volibol | Tipo de rodillera: Deportiva | COLOR Y TALLA: TALLAS | Formato de venta: Unidad | Materiales: Neopreno | Es articulada: No | Es respirable: Sí | Con correas ajustables: No | Con protección rígida externa: No,https://http2.mlstatic.com/D_NQ_NP_2X_809777-MLV113626428947_062026-F.webp,https://articulo.mercadolibre.com.ve/MLV-719537283-rodillera-volleyball-regent-voley-volibol-voleibol-_JM,https://www.google.com/search?q=%22EKNIAS%22%20Venezuela%20Mun.%20Sucre%20(este)%20(whatsapp%20OR%20instagram%20OR%20rif%20OR%20telefono%20OR%20tienda),Sí,2026-08-16T23:31:09.703Z
MLV752447876,Tinta Epson 544 Litro,24.75,4.9,194,1000,0,Sí,INK TECNOLOGIA,MercadoLíder Platinum,610,100,5000,100,10,https://www.mercadolibre.com.ve/pagina/inktach,"San Cristóbal,",Computación,Impresión > Insumos de Impresión > Recargas de Tinta,Computación > Impresión > Insumos de Impresión > Recargas de Tinta,Epson,Eco Tank,Marca: Epson | Modelo: Eco Tank | Cantidad de packs: 1 | Volumen de la unidad: 1 L | Formato de venta: Unidad | Tipo de tinta: Dye | Es apto para sublimación: No,https://http2.mlstatic.com/D_NQ_NP_2X_738952-MLV109568549534_042026-F.webp,https://articulo.mercadolibre.com.ve/MLV-752447876-tinta-epson-544-litro-_JM,https://www.google.com/search?q=%22INK%20TECNOLOGIA%22%20Venezuela%20San%20Crist%C3%B3bal%20(whatsapp%20OR%20instagram%20OR%20rif%20OR%20telefono%20OR%20tienda),Sí,2026-08-16T23:31:06.246Z
MLV739510056,Router Inalambrico Multimodo Mercusys Mw302r 300mbps,21,4.9,0,1000,0,Sí,Pendiente,Pendiente,N/A,N/A,N/A,N/A,N/A,,Pendiente,N/A,N/A,N/A,N/A,N/A,N/A,https://http2.mlstatic.com/D_Q_NP_2X_749381-MLV111614339823_052026-E.webp,https://articulo.mercadolibre.com.ve/MLV-739510056-router-inalambrico-multimodo-mercusys-mw302r-300mbps-_JM,,No,2026-08-16T23:31:29.705Z
MLV829817848,Silicon Mega Grey Gris Americano Caja 12 Piezas,18.99,4.6,11,500,0,Sí,AUTOMARKET VENEZUELA,MercadoLíder Platinum,450,100,1000,98,3,https://www.mercadolibre.com.ve/pagina/automarketve,"Barquisimeto, Lara",Accesorios para Vehículos,Repuestos Carros y Camionetas > Motor > Componentes de Motor > Otros,Accesorios para Vehículos > Repuestos Carros y Camionetas > Motor > Componentes de Motor > Otros,Mega Grey,N/A,Marca: Mega Grey | Número de pieza: 99939 | Tipo de vehículo: Carro/Camioneta | Código OEM: 99939 | Origen: Japón,https://http2.mlstatic.com/D_NQ_NP_2X_960129-MLV96056813016_102025-F.webp,https://articulo.mercadolibre.com.ve/MLV-829817848-silicon-mega-grey-gris-americano-caja-12-piezas-_JM,https://www.google.com/search?q=%22AUTOMARKET%20VENEZUELA%22%20Venezuela%20(whatsapp%20OR%20instagram%20OR%20rif%20OR%20telefono%20OR%20tienda),Sí,2026-08-15T08:29:40.784Z
MLV800147932,Luces Led Rgb Multicolor Inteligente Smart Decoración Rgb,6.05,4.9,261,500,0,Sí,INVERSIONES RL,MercadoLíder Platinum,2300,100,10000,99,8,https://www.mercadolibre.com.ve/pagina/ronald.mpcoopsitelme,"Mun. Sucre (sur), Distrito Capital",Hogar y Muebles,Iluminación para el Hogar > Cintas LED,Hogar y Muebles > Iluminación para el Hogar > Cintas LED,Genérica,LED,Marca: Genérica | Modelo: LED | Tipo de LED: 3535 | Color de la luz: RGB | Voltaje: 8 | Voltaje de funcionamiento: 5 | Grado de protección: IP68 | Largo: 5 m | Incluye fuente de alimentación: No | Incluye controlador de color: Sí | Con Wi-Fi: No | Aplicaciones inteligentes compatibles: Miracles.star v1.1.6,https://http2.mlstatic.com/D_NQ_NP_2X_873168-MLV76990138530_062024-F.webp,https://articulo.mercadolibre.com.ve/MLV-800147932-luces-led-rgb-multicolor-inteligente-smart-decoracion-rgb-_JM,https://www.google.com/search?q=%22INVERSIONES%20RL%22%20Venezuela%20(whatsapp%20OR%20instagram%20OR%20rif%20OR%20telefono%20OR%20tienda),Sí,2026-08-15T08:29:41.220Z
MLV843880856,Cartulina Opalina Blanca 180 Gramos Tamaño Carta Blanco 180gr Carta,6.99,4.9,0,1000,0,Sí,Pendiente,Pendiente,N/A,N/A,N/A,N/A,N/A,,Pendiente,N/A,N/A,N/A,N/A,N/A,N/A,https://http2.mlstatic.com/D_Q_NP_2X_969592-MLV47177794917_082021-E.webp,https://articulo.mercadolibre.com.ve/MLV-843880856-cartulina-opalina-blanca-180-gramos-tamano-carta-blanco-180gr-carta-_JM,,No,2026-08-16T23:31:10.526Z
MLV771134671,Aceite Semisintetico Motorcraft,10.99,4.8,74,1000,0,Sí,Vendido por PARTS.ALL,MercadoLíder Platinum,N/A,50,5000,100,7,https://listado.mercadolibre.com.ve/_CustId_427657127,"Mun. Chacao (norte), Distrito Capital",Accesorios para Vehículos,Lubricantes y Fluidos > Autos y Camionetas > Aceites > Para Motor,Accesorios para Vehículos > Lubricantes y Fluidos > Autos y Camionetas > Aceites > Para Motor,Motorcraft,N/A,Marca: Motorcraft | Línea: API SP | Grado de viscosidad: 5W-30 10w-30 5w-20 | Volumen de la unidad: 946 mL | Volumen neto: 946 mL | Formato de venta: Unidad | Tipo de contenedor: Plástico | Modelo detallado: 5w-30 10w-30 5w-20 | Tipo de aceite de motor: Semi-sintético | Tipo de vehículo: Carro/Camioneta,https://http2.mlstatic.com/D_NQ_NP_2X_717538-MLV91611644070_092025-F.webp,https://articulo.mercadolibre.com.ve/MLV-771134671-aceite-semisintetico-motorcraft-_JM,https://www.google.com/search?q=%22Vendido%20por%20PARTS.ALL%22%20Venezuela%20Mun.%20Chacao%20(norte)%20(whatsapp%20OR%20instagram%20OR%20rif%20OR%20telefono%20OR%20tienda),Sí,2026-08-16T23:30:45.880Z
MLV743210199,Manta Térmica Eléctrica Fomentera Control De Calor Azul Marino,34.99,4.8,182,500,0,Sí,Vendedores Certificados Salud,N/A,4100,500,50000,98,6,https://www.mercadolibre.com.ve/pagina/scarolaimport,"Mun. Sucre (este), Distrito Capital",Estética y Belleza,Salud > Cuidado de la Salud > Tratamientos de Frío y Calor > Almohadillas Térmicas,Estética y Belleza > Salud > Cuidado de la Salud > Tratamientos de Frío y Calor > Almohadillas Térmicas,Heating Pad,HP3060,"Marca: Heating Pad | Modelo: HP3060 | Tipo de almohadilla: Eléctrica | Tipo de alimentación: Batería | Color: Azul marino | Voltaje: 120V | Largo x Altura: 58 cm x 30 cm | Potencia: 75 W | Materiales: Poliéster | Parte del cuerpo: Cintura | Forma: Rectangular | Con temperatura regulable: Sí | Es apto para microondas: No | Es apto para freezer: No | Accesorios incluidos: Manta, control de corriente | Voltaje de la batería: 12v | Color: Azul marino | Marca: Heating Pad | Altura: 30 cm | Materiales: Poliéster | Potencia: 75 W",https://http2.mlstatic.com/D_NQ_NP_2X_747504-MLV69839521212_062023-F.webp,https://articulo.mercadolibre.com.ve/MLV-743210199-manta-termica-electrica-fomentera-control-de-calor-azul-marino-_JM,https://www.google.com/search?q=%22Vendedores%20Certificados%20Salud%22%20Venezuela%20(whatsapp%20OR%20instagram%20OR%20rif%20OR%20telefono%20OR%20tienda),Sí,2026-08-15T08:29:42.701Z
MLV733546265,Tinta Epson Original 544 L3210 L3250 L3110 L3150 L1110 L1210,15.99,4.9,128,500,0,Sí,Andy Corporación,MercadoLíder Platinum,1100,100,10000,100,17,https://www.mercadolibre.com.ve/tienda/andy-corporacion,"Girardot (Maracay), Aragua",Computación,Impresión > Insumos de Impresión > Recargas de Tinta,Computación > Impresión > Insumos de Impresión > Recargas de Tinta,Epson,L3210 L3250 L3110 L3150 L1110 L1210,Marca: Epson | Modelo: L3210 L3250 L3110 L3150 L1110 L1210 | Volumen de la unidad: 65 mL | Es apto para sublimación: No | Es original: Sí,https://http2.mlstatic.com/D_NQ_NP_2X_928914-MLV95635338464_102025-F.webp,https://articulo.mercadolibre.com.ve/MLV-733546265-tinta-epson-original-544-l3210-l3250-l3110-l3150-l1110-l1210-_JM,https://www.google.com/search?q=%22Andy%20Corporaci%C3%B3n%22%20Venezuela%20(whatsapp%20OR%20instagram%20OR%20rif%20OR%20telefono%20OR%20tienda),Sí,2026-08-15T08:29:43.223Z
MLV576750056,Papel Fotografico Profesional Kores Blanco,9.99,4.9,637,1000,0,Sí,VRSTORE CA,MercadoLíder Platinum,3400,500,10000,100,16,https://www.mercadolibre.com.ve/pagina/vrstoreca,"Barquisimeto, Lara","Arte, Papelería y Mercería",Papelería > Comercial y Oficina > Papeles para Impresión,"Arte, Papelería y Mercería > Papelería > Comercial y Oficina > Papeles para Impresión",Kores,N/A,Marca: Kores | Tamaño del papel: Carta | Tipo de papel: Fotográfico | Color: Blanco | Cantidad de hojas: 50 | Gramaje: 180 g | Formato de venta: Pack | Peso: 600 g | Acabado: Brillante,https://http2.mlstatic.com/D_NQ_NP_2X_732057-MLV48532898894_122021-F.webp,https://articulo.mercadolibre.com.ve/MLV-576750056-papel-fotografico-profesional-kores-blanco-_JM,https://www.google.com/search?q=%22VRSTORE%20CA%22%20Venezuela%20Barquisimeto%20(whatsapp%20OR%20instagram%20OR%20rif%20OR%20telefono%20OR%20tienda),Sí,2026-08-16T23:31:28.940Z
MLV723171577,Protector De Nevera Gsm-n120 Blanco,10.85,4.9,414,1000,0,Sí,ElectroMateriales RB,MercadoLíder Platinum,320,100,1000,100,11,https://www.mercadolibre.com.ve/pagina/electrorb,"Mun. Sucre (este), Distrito Capital",Computación,Protectores y UPS > Reguladores,Computación > Protectores y UPS > Reguladores,Exceline,GSM-N120,Marca: Exceline | Línea: Protector | Modelo: GSM-N120 | Color: Blanco | Tipos de producto: Protector | Potencia pico: 110VA | Voltaje de entrada: 120 | Voltaje de salida: 120V | Voltaje de entrada CA: 110V | Voltaje de salida CA: 110V | Denominación de voltaje: Monovolt | Rango de voltaje de entrada: 90V 140V | Rango de voltaje de entrada CA: 110 | Voltaje de entrada: 120 | Potencia pico: 110VA | Voltaje de entrada CA: 110V,https://http2.mlstatic.com/D_NQ_NP_2X_733752-MLV54075015491_022023-F.webp,https://articulo.mercadolibre.com.ve/MLV-723171577-protector-de-nevera-gsm-n120-blanco-_JM,https://www.google.com/search?q=%22ElectroMateriales%20RB%22%20Venezuela%20(whatsapp%20OR%20instagram%20OR%20rif%20OR%20telefono%20OR%20tienda),Sí,2026-08-15T08:29:44.726Z
MLV542314609,Termómetro Láser Digital Infrarrojo Uni-t Ut-306s Pirometro,35.7,4.9,148,500,0,Sí,UNI -T,MercadoLíder Platinum,890,100,10000,100,21,https://www.mercadolibre.com.ve/tienda/uni-t,"Mun. El Hatillo (sur), Distrito Capital",Herramientas,Otros,Herramientas > Otros,Uni-T,UT-306S,Marca: Uni-T | Modelo: UT-306S,https://http2.mlstatic.com/D_NQ_NP_2X_848519-MLV50001263759_052022-F.webp,https://articulo.mercadolibre.com.ve/MLV-542314609-termometro-laser-digital-infrarrojo-uni-t-ut-306s-pirometro-_JM,https://www.google.com/search?q=%22UNI%20-T%22%20Venezuela%20(whatsapp%20OR%20instagram%20OR%20rif%20OR%20telefono%20OR%20tienda),Sí,2026-08-15T08:29:45.182Z
MLV761094910,Filtros De Cafe Desechables Cafeteras Paquete 100 Unds Blanco,9.45,4.9,196,500,0,Sí,Vendido por DESECHABLES VENEZUELA,MercadoLíder Gold,N/A,5,1000,100,7,https://listado.mercadolibre.com.ve/_CustId_398455526,"Mun. Libertador (Noreste), Distrito Capital",Electrodomésticos,Pequeños Electrodomésticos > Para Cocina > Cafeteras,Electrodomésticos > Pequeños Electrodomésticos > Para Cocina > Cafeteras,Brew Rite,Cesta,"Fabricante: Brew Rite | Marca: Brew Rite | Línea: Cafeteras | Modelo: Cesta | Color: Blanco | Tipos de cafetera: Automáticas | Tecnología: Automática | Capacidad de agua: 2,84 L | Materiales de la estructura: Papel | Eficiencia energética: A+++",https://http2.mlstatic.com/D_NQ_NP_2X_605497-MLV112632023245_062026-F.webp,https://articulo.mercadolibre.com.ve/MLV-761094910-filtros-de-cafe-desechables-cafeteras-paquete-100-unds-blanco-_JM,https://www.google.com/search?q=%22Vendido%20por%20DESECHABLES%20VENEZUELA%22%20Venezuela%20(whatsapp%20OR%20instagram%20OR%20rif%20OR%20telefono%20OR%20tienda),Sí,2026-08-15T08:29:45.683Z
MLV738838094,Tapo C200c Cámara Wi-fi Vigilancia Hd 1080p Nocturna Audio Blanco,34.56,4.9,148,500,0,Sí,OFFI-HAM CA,MercadoLíder Platinum,230,100,1000,100,22,https://www.mercadolibre.com.ve/pagina/offihamca_sc,"San Cristóbal,",Hogar y Muebles,Seguridad para el Hogar > Sistemas de Monitoreo > Cámaras de Seguridad,Hogar y Muebles > Seguridad para el Hogar > Sistemas de Monitoreo > Cámaras de Seguridad,TP-Link,C200,"Marca: TP-Link | Línea: Tapo Smart | Modelo: C200 | Color: Blanco | Tipo de resolución: Full HD | Conectividad: Wi-Fi | Con sensor de movimiento: No | Con alarma: Sí | Con audio bidireccional: No | Diámetro del lente de la cámara: 4 mm | Con visión nocturna a color: No | Formato de venta: Unidad | Calidad de resolución: 1080p | Lugares de montaje: Pared, Repisa, Sobremesa, Techo | Tipo de cámara de vigilancia: Domo | Es motorizada: Sí | Campo visual: 360 ° | Tipo de movimiento: Pan and tilt | Con visión nocturna: Sí | Temperatura mínima soportada: 0 °C | Temperatura máxima soportada: 70 °C | Tipos de conexiones: Inalámbrica | Tipo de cámara: Domo | Con visión nocturna: Sí",https://http2.mlstatic.com/D_NQ_NP_2X_666869-MLV86901497548_072025-F.webp,https://articulo.mercadolibre.com.ve/MLV-738838094-tapo-c200c-camara-wi-fi-vigilancia-hd-1080p-nocturna-audio-blanco-_JM,https://www.google.com/search?q=%22OFFI-HAM%20CA%22%20Venezuela%20(whatsapp%20OR%20instagram%20OR%20rif%20OR%20telefono%20OR%20tienda),Sí,2026-08-15T08:29:46.270Z
MLV850654284,Base Para Laptop Soporte Tablet Metalica,4.99,4.8,225,500,0,Sí,MABSHOPP,N/A,980,50,10000,98,7,https://www.mercadolibre.com.ve/pagina/mabshopp,"Mun. Libertador (Centro), Distrito Capital",Computación,Laptops y Accesorios > Accesorios para Laptops > Bases y Mesas,Computación > Laptops y Accesorios > Accesorios para Laptops > Bases y Mesas,soporte,Laptop Stand,Marca: soporte | Modelo: Laptop Stand | Tipo de soporte: Soportes para laptop,https://http2.mlstatic.com/D_NQ_NP_2X_656999-MLV114250364295_072026-F.webp,https://articulo.mercadolibre.com.ve/MLV-850654284-base-para-laptop-soporte-tablet-metalica-_JM,https://www.google.com/search?q=%22MABSHOPP%22%20Venezuela%20(whatsapp%20OR%20instagram%20OR%20rif%20OR%20telefono%20OR%20tienda),Sí,2026-08-15T08:29:46.769Z
MLV724752255,Tinta Hp Gt53 Black 90ml,7.46,4.9,277,1000,0,Sí,MCSUMINISTROS CARLOSRAMIREZ,MercadoLíder Platinum,2400,100,10000,100,10,https://www.mercadolibre.com.ve/pagina/mcsuministroscarlosramirez4552,"San Cristóbal,",Computación,Impresión > Insumos de Impresión > Recargas de Tinta,Computación > Impresión > Insumos de Impresión > Recargas de Tinta,HP,GT53,Marca: HP | Modelo: GT53 | Volumen de la unidad: 90 mL,https://http2.mlstatic.com/D_NQ_NP_2X_883409-MLV84422745073_052025-F.webp,https://articulo.mercadolibre.com.ve/MLV-724752255-tinta-hp-gt53-black-90ml-_JM,https://www.google.com/search?q=%22MCSUMINISTROS%20CARLOSRAMIREZ%22%20Venezuela%20San%20Crist%C3%B3bal%20(whatsapp%20OR%20instagram%20OR%20rif%20OR%20telefono%20OR%20tienda),Sí,2026-08-16T23:31:24.028Z
MLV575866348,Xiaomi Mi Wifi Pro Extensor De Rango 300 Mbps 2 Antenas,18,4.8,338,500,0,Sí,TECNICAMVENTAS,MercadoLíder Platinum,730,100,10000,99,10,https://www.mercadolibre.com.ve/pagina/tecnicamventas,"Naguanagua (Naguanagua), Carabobo",Computación,Conectividad y Redes > Routers y Access Points,Computación > Conectividad y Redes > Routers y Access Points,Xiaomi,Mi Pro,"Marca: Xiaomi | Línea: Mi | Modelo: Mi Pro | Funciones: Repetidor | Cantidad de antenas externas: 2 | Tipos de conexiones: Inalámbrica | Velocidad inalámbrica: 0 Mbps | Frecuencias: 2.4GHz | Tipo de frecuencia: Banda única | Duración del producto: 0,01 meses | Funciones Repetidor | Frecuencias 2.4GHz | Velocidad inalámbrica 0 Mbps",https://http2.mlstatic.com/D_NQ_NP_2X_741842-MLV88253940231_072025-F.webp,https://articulo.mercadolibre.com.ve/MLV-575866348-xiaomi-mi-wifi-pro-extensor-de-rango-300-mbps-2-antenas-_JM,https://www.google.com/search?q=%22TECNICAMVENTAS%22%20Venezuela%20(whatsapp%20OR%20instagram%20OR%20rif%20OR%20telefono%20OR%20tienda),Sí,2026-08-15T08:29:47.770Z
MLV737798190,Brazos Gato Hidraulico Cierra Puertas 35-60 Kg Gris,17.81,4.9,403,1000,0,Sí,URBIGLASS,MercadoLíder Platinum,290,100,1000,100,16,https://www.mercadolibre.com.ve/pagina/urbinalf,"Cabudare, Lara",Construcción,Aberturas > Puertas,Construcción > Aberturas > Puertas,Genérica,Cierra puertas,Marca: Genérica | Modelo: Cierra puertas | Color: Gris | Es apta para interior: Sí | Es apta para exterior: Sí | Material: Acero,https://http2.mlstatic.com/D_NQ_NP_2X_800352-MLV69657172331_052023-F.webp,https://articulo.mercadolibre.com.ve/MLV-737798190-brazos-gato-hidraulico-cierra-puertas-35-60-kg-gris-_JM,https://www.google.com/search?q=%22URBIGLASS%22%20Venezuela%20Cabudare%20(whatsapp%20OR%20instagram%20OR%20rif%20OR%20telefono%20OR%20tienda),Sí,2026-08-16T23:31:30.308Z
MLV840785078,"Tinta Epson 544 1 Litro Para L3150 L1210 L3210 L3250 L3110 Negra, Cian, Magenta Y Amarilla",13.92,4.9,169,1000,0,Sí,Venspeed,MercadoLíder Platinum,3000,500,100000,99,14,https://www.mercadolibre.com.ve/tienda/venspeed,"Mun. Chacao (sur), Distrito Capital",Computación,Impresión > Insumos de Impresión > Recargas de Tinta,Computación > Impresión > Insumos de Impresión > Recargas de Tinta,VENSPEED,544,"Marca: VENSPEED | Modelo: 544 | Color de la tinta: NEGRA, CIAN, MAGENTA y AMARILLA | Volumen de la unidad: 1 L | Formato de venta: Unidad",https://http2.mlstatic.com/D_NQ_NP_2X_875290-MLV83778241098_042025-F.webp,https://articulo.mercadolibre.com.ve/MLV-840785078-tinta-epson-544-1-litro-para-l3150-l1210-l3210-l3250-l3110-negra-cian-magenta-y-amarilla-_JM,https://www.google.com/search?q=%22Venspeed%22%20Venezuela%20Mun.%20Chacao%20(sur)%20(whatsapp%20OR%20instagram%20OR%20rif%20OR%20telefono%20OR%20tienda),Sí,2026-08-16T23:31:23.136Z
MLV757998073,Ambientador Super Organic Paradise Super Intenso,4.8,4.8,193,1000,0,Sí,Multimarcas Budha,MercadoLíder Platinum,11200,500,10000,99,10,https://www.mercadolibre.com.ve/tienda/multimarcas-budha,"Mun. Chacao (sur), Distrito Capital",Accesorios para Vehículos,Limpieza de Vehículos > Aromatizadores,Accesorios para Vehículos > Limpieza de Vehículos > Aromatizadores,Paradise,N/A,Marca: Paradise | Formato: Orgánico | Número de pieza: C011132 | Formato de venta: Unidad | Tipo de vehículo: Carro/Camioneta | Es descartable: Sí,https://http2.mlstatic.com/D_NQ_NP_2X_776434-MLV75845830723_042024-F.webp,https://articulo.mercadolibre.com.ve/MLV-757998073-ambientador-super-organic-paradise-super-intenso-_JM,https://www.google.com/search?q=%22Multimarcas%20Budha%22%20Venezuela%20Mun.%20Chacao%20(sur)%20(whatsapp%20OR%20instagram%20OR%20rif%20OR%20telefono%20OR%20tienda),Sí,2026-08-16T23:30:31.861Z
MLV714840981,Cartucho Original Hp 667 Negro Nvo Impresora 2375 2775 6475,23.99,4.8,142,500,0,Sí,TOTAL TECNO 21 AÑOS DE CALIDAD,MercadoLíder Platinum,1100,100,10000,100,21,https://www.mercadolibre.com.ve/pagina/totaltecno,"Mun. Libertador (Noreste), Distrito Capital",Computación,Impresión > Insumos de Impresión > Cartuchos de Tinta,Computación > Impresión > Insumos de Impresión > Cartuchos de Tinta,HP,667,Marca: HP | Modelo: 667 | Tipo de cartucho: Original | Color de la tinta: Negro | Rendimiento de páginas: 100,https://http2.mlstatic.com/D_NQ_NP_2X_961706-MLV49783561324_042022-F.webp,https://articulo.mercadolibre.com.ve/MLV-714840981-cartucho-original-hp-667-negro-nvo-impresora-2375-2775-6475-_JM,https://www.google.com/search?q=%22TOTAL%20TECNO%2021%20A%C3%91OS%20DE%20CALIDAD%22%20Venezuela%20(whatsapp%20OR%20instagram%20OR%20rif%20OR%20telefono%20OR%20tienda),Sí,2026-08-15T08:29:50.740Z
MLV776791856,"Audífonos Kz Edx Pro In-ear, Profesionales, Calidad De Audio",16,4.9,377,500,0,Sí,ARTEMENSTORE,MercadoLíder Platinum,670,50,1000,100,10,https://www.mercadolibre.com.ve/pagina/artemenstore,"Valencia (Valencia), Carabobo","Electrónica, Audio y Video",Audio > Audífonos,"Electrónica, Audio y Video > Audio > Audífonos",KZ,EDX Pro,"Fabricante: KZ | Marca: KZ | Línea: Audio | Modelo: EDX Pro | Modelo alfanumérico: EDX PRO | Cantidad de pares: 1 | Largo del cable: 1,2 m | Formato del audífono: In-ear | Es monoaural: No | Con luz LED: No | Es inalámbrico: No | Con Bluetooth: No | Con micrófono: Sí | Es infantil: No | Es inalámbrico: No | Con luz LED: No | Con micrófono: Sí",https://http2.mlstatic.com/D_NQ_NP_2X_609036-MLV90375380628_082025-F.webp,https://articulo.mercadolibre.com.ve/MLV-776791856-audifonos-kz-edx-pro-in-ear-profesionales-calidad-de-audio-_JM,https://www.google.com/search?q=%22ARTEMENSTORE%22%20Venezuela%20(whatsapp%20OR%20instagram%20OR%20rif%20OR%20telefono%20OR%20tienda),Sí,2026-08-15T08:29:51.283Z
MLV705028722,Refrigerante Acdelco Importado 50/50,19.98,4.9,332,1000,0,Sí,DISTRIBUIDORAJJJMERAKI,MercadoLíder Platinum,1200,500,10000,99,11,https://www.mercadolibre.com.ve/pagina/distribuidoramerakielparaiso,"Mun. Libertador (Oeste), Distrito Capital",Accesorios para Vehículos,Lubricantes y Fluidos > Líquidos > Refrigerante y Anticongelante,Accesorios para Vehículos > Lubricantes y Fluidos > Líquidos > Refrigerante y Anticongelante,ACDelco,Galon,"Marca: ACDelco | Número de pieza: 1 | Modelo: Galon | Tipo de producto: Refrigerante/Anticongelante | Volumen de la unidad: 3,79 L | Volumen neto: 3,78 L | Tipo de contenedor: Balde | Tipos de motor: Gasolina | Tipos de vehículo: Carro/Camioneta | Es anticorrosivo: Sí | Es orgánico: Sí | Origen: USA",https://http2.mlstatic.com/D_NQ_NP_2X_874246-MLV86297815016_062025-F.webp,https://articulo.mercadolibre.com.ve/MLV-705028722-refrigerante-acdelco-importado-5050-_JM,https://www.google.com/search?q=%22DISTRIBUIDORAJJJMERAKI%22%20Venezuela%20(whatsapp%20OR%20instagram%20OR%20rif%20OR%20telefono%20OR%20tienda),Sí,2026-08-15T08:29:51.716Z
MLV710986967,Bisagra Recta Cazoleta 35cm Con Freno Por Par Y Tornillos,2.5,4.9,153,1000,0,Sí,SPAZIOSCA,MercadoLíder Platinum,520,100,5000,100,14,https://www.mercadolibre.com.ve/pagina/spaziosca,"San Cristóbal,",Construcción,Aberturas > Herrajes > Bisagras,Construcción > Aberturas > Herrajes > Bisagras,Bonuit,Con freno,"Marca: Bonuit | Modelo: Con freno | Tipo de bisagra: Cazoleta con freno | Diámetro de la cazoleta: 3,5 cm | Color: Plateado | Tipo de apertura: Freno | Peso máximo soportado: 20 kg | Largo: 8 cm | Ancho: 3 cm | Espesor: 1,2 mm | Modelo detallado: Con freno | Materiales de la bisagra: Acero | Acabado: Mate | Usos recomendados: Puerta cocinas | Superficies de aplicación: Madera, Mdf | Tipos de instalación: Tornillos | Tipo de cierre: Con freno | Con cierre suave: Sí | Ángulo de apertura: 90° | Peso: 150 g",https://http2.mlstatic.com/D_NQ_NP_2X_690063-MLV111828474458_062026-F.webp,https://articulo.mercadolibre.com.ve/MLV-710986967-bisagra-recta-cazoleta-35cm-con-freno-por-par-y-tornillos-_JM,https://www.google.com/search?q=%22SPAZIOSCA%22%20Venezuela%20(whatsapp%20OR%20instagram%20OR%20rif%20OR%20telefono%20OR%20tienda),Sí,2026-08-15T08:29:52.208Z
MLV738897521,Tensiometro Digital De Brazo Arritmia Usb Sinocare,20,4.9,356,500,0,Sí,Sinocare,MercadoLíder Platinum,680,5,5000,99,19,https://www.mercadolibre.com.ve/tienda/sinocare,"Mun. Libertador (Sur), Distrito Capital",Estética y Belleza,Salud > Cuidado de la Salud > Tensiómetros > Digitales,Estética y Belleza > Salud > Cuidado de la Salud > Tensiómetros > Digitales,Sinocare - Povo,RJA-001,Marca: Sinocare - Povo | Modelo: RJA-001,https://http2.mlstatic.com/D_NQ_NP_2X_984193-MLV79483070238_102024-F.webp,https://articulo.mercadolibre.com.ve/MLV-738897521-tensiometro-digital-de-brazo-arritmia-usb-sinocare-_JM,https://www.google.com/search?q=%22Sinocare%22%20Venezuela%20(whatsapp%20OR%20instagram%20OR%20rif%20OR%20telefono%20OR%20tienda),Sí,2026-08-15T08:29:52.689Z
MLV576423430,Tinta Sublimación O Sublimar Color Make 1/2 L 100% Original,36,4.8,61,500,0,Sí,lnb2009,MercadoLíder Platinum,1600,100,10000,100,22,https://www.mercadolibre.com.ve/pagina/lnb_2009,"Barquisimeto, Lara",Computación,Impresión > Insumos de Impresión > Recargas de Tinta,Computación > Impresión > Insumos de Impresión > Recargas de Tinta,Color Make,SUBLIMACIÓN,Marca: Color Make | Modelo: SUBLIMACIÓN | Volumen de la unidad: 500 mL | Color De La Tinta: CMYK | Es apto para sublimación: Sí | Es original: Sí,https://http2.mlstatic.com/D_NQ_NP_2X_999229-MLV110347849446_052026-F.webp,https://articulo.mercadolibre.com.ve/MLV-576423430-tinta-sublimacion-o-sublimar-color-make-12-l-100-original-_JM,https://www.google.com/search?q=%22lnb2009%22%20Venezuela%20(whatsapp%20OR%20instagram%20OR%20rif%20OR%20telefono%20OR%20tienda),Sí,2026-08-15T08:29:53.202Z
MLV580186109,Cinturon Para Correr Koala Ciclismo Deportivo Gym Telefono,5,4.9,240,500,0,Sí,Vendido por ENLACEDIGITAL1_,MercadoLíder Platinum,N/A,100,10000,99,18,https://listado.mercadolibre.com.ve/_CustId_50111911,"Mun. Sucre (norte), Distrito Capital","Ropa, Zapatos y Accesorios",Equipaje y Bolsos > Koalas,"Ropa, Zapatos y Accesorios > Equipaje y Bolsos > Koalas",TDSI,Deportivo,Marca: TDSI | Modelo: Deportivo | Edad: Adultos | Largo: 39 cm | Ancho: 10 cm | Género: Sin género | Color de la correa: Negro | Cantidad de compartimentos: 3 | Cantidad de bolsillos exteriores: 3 | Cantidad de bolsillos interiores: 2 | Material de la correa: Elastico | Tipo de cierre: Velcro | Con materiales reciclados: No | Es a prueba de agua: Sí | Es ajustable: Sí | Con forro interior: No | Es táctica: No | Tipo de cierre: Velcro | Ancho: 10 cm | Es a prueba de agua: Sí | Marca: TDSI | Género: Sin género,https://http2.mlstatic.com/D_NQ_NP_2X_830937-MLV111166471259_052026-F.webp,https://articulo.mercadolibre.com.ve/MLV-580186109-cinturon-para-correr-koala-ciclismo-deportivo-gym-telefono-_JM,https://www.google.com/search?q=%22Vendido%20por%20ENLACEDIGITAL1_%22%20Venezuela%20(whatsapp%20OR%20instagram%20OR%20rif%20OR%20telefono%20OR%20tienda),Sí,2026-08-15T08:29:53.673Z
MLV759209778,Camara Robotica 340g Wifi Ip 1080p 2mp Con Micrófono Ezviz,54.14,4.9,119,500,0,Sí,TIGSOLUCIONES,MercadoLíder Platinum,430,50,5000,100,17,https://www.mercadolibre.com.ve/pagina/tigsoluciones,"Mun. Libertador (Noreste), Distrito Capital",Hogar y Muebles,Seguridad para el Hogar > Sistemas de Monitoreo > Cámaras de Seguridad,Hogar y Muebles > Seguridad para el Hogar > Sistemas de Monitoreo > Cámaras de Seguridad,Ezviz,C6N con soporte,"Marca: Ezviz | Línea: C6N | Modelo: C6N con soporte | Tipo de resolución: Full HD | Formatos de compresión de video: H.264 | Conectividad: Wi-Fi | Zoom óptico: 1x | Zoom digital: 8x | Con sensor de movimiento: No | Con alarma: Sí | Con audio bidireccional: No | Con alerta al móvil: Sí | Con vídeo en vivo: Sí | Con reducción de ruido: Sí | Distancia de alcance nocturno: 10 m | Tipos de alimentación: Corriente eléctrica | Potencia: 5 W | Distancia focal del lente: 4 mm | Tipo de sensor de imagen: 1/4"" Sensor CMOS | Asistentes virtuales compatibles: Alexa, Google Assistant | Sistemas operativos compatibles: Android, Windows, iOS | Tipos de almacenamiento: Micro-SD, Nube | Capacidad de almacenamiento: 256 GB | Calidad de resolución: 2MP | Lugares de montaje: Techo | Tipo de cámara de vigilancia: Domo | Es motorizada: Sí | Campo visual: 75 | Tipo de movimiento: Pan and tilt | Locaciones de la cámara: Interior | Con visión nocturna: No | Temperatura máxima soportada: 45 °C | Con micrófono: Sí | Tipos de conexiones: Con cable, Inalámbrica | Distancia de alcance: 10 m | Cantidad máxima de FPS: 15 | Tipos de control: App, Remoto | Es resistente al agua: No | Con puerto USB: Sí | Clasificación de resistancia al agua: IP67 | Accesorios incluidos: Cable USB, Cargador, Manual de instrucciones, Set de montaje, Soporte, Tornillos | Largo: 8,82 cm | Altura: 11,9 cm | Profundidad: 8,8 cm | Peso: 218 g | Diámetro del lente de la cámara: 2,8 mm | Con visión nocturna a color: No | Aplicaciones inteligentes compatibles: EZVIZ | Es antivandálica: No | Tipo de cámara: Domo | Con visión nocturna: No | Con micrófono: Sí",https://http2.mlstatic.com/D_NQ_NP_2X_954055-MLV106105679769_012026-F.webp,https://articulo.mercadolibre.com.ve/MLV-759209778-camara-robotica-340g-wifi-ip-1080p-2mp-con-microfono-ezviz-_JM,https://www.google.com/search?q=%22TIGSOLUCIONES%22%20Venezuela%20(whatsapp%20OR%20instagram%20OR%20rif%20OR%20telefono%20OR%20tienda),Sí,2026-08-15T08:29:54.394Z
MLV799860868,Porta Placa Marco Texturizado Letras 3d Universal Jdm Negro,3.55,4.8,207,1000,0,Sí,FULL IMPORT-2020,MercadoLíder Platinum,2400,100,10000,100,11,https://www.mercadolibre.com.ve/pagina/fullimport-2020,"Pto. La Cruz, Anzoátegui",Accesorios para Vehículos,Acc. para Carros y Camionetas > Accesorios de Exterior > Embellecedores > Soportes para Placas,Accesorios para Vehículos > Acc. para Carros y Camionetas > Accesorios de Exterior > Embellecedores > Soportes para Placas,tPS,24154f,Marca: tPS | Número de pieza: 1 | Modelo: 24154f | Color: Negro | Tipo de vehículo: Carro/Camioneta | Material: Plástico,https://http2.mlstatic.com/D_NQ_NP_2X_965599-MLV107320786296_032026-F.webp,https://articulo.mercadolibre.com.ve/MLV-799860868-porta-placa-marco-texturizado-letras-3d-universal-jdm-negro-_JM,https://www.google.com/search?q=%22FULL%20IMPORT-2020%22%20Venezuela%20Pto.%20La%20Cruz%20(whatsapp%20OR%20instagram%20OR%20rif%20OR%20telefono%20OR%20tienda),Sí,2026-08-16T23:30:27.904Z
MLV730774690,Pistola Soldadora De Plastico Parachoques Mas 200 Grapas,21.84,4,1,500,0,Sí,JOC STORE,MercadoLíder Platinum,1900,100,10000,100,15,https://www.mercadolibre.com.ve/pagina/jocstore,"Barquisimeto, Lara",Herramientas,Herramientas Eléctricas > Soldadura > Cautines para Soldar,Herramientas > Herramientas Eléctricas > Soldadura > Cautines para Soldar,Plastic welding gun,H50,Marca: Plastic welding gun | Modelo: H50 | Voltaje: 120V | Tipo de soldador eléctrico: Pistola | Potencia: 50 W,https://http2.mlstatic.com/D_NQ_NP_2X_759289-MLV114430538496_082026-F.webp,https://articulo.mercadolibre.com.ve/MLV-730774690-pistola-soldadora-de-plastico-parachoques-mas-200-grapas-_JM,https://www.google.com/search?q=%22JOC%20STORE%22%20Venezuela%20(whatsapp%20OR%20instagram%20OR%20rif%20OR%20telefono%20OR%20tienda),Sí,2026-08-15T08:29:56.469Z
MLV762985144,Interruptor Inteligente Mini Switch 16a Smartlife Alexa Blanco,6.99,4.9,158,500,0,Sí,TECHNOSMARTVE,MercadoLíder Platinum,310,50,1000,100,15,https://www.mercadolibre.com.ve/pagina/technosmart,"San Felipe, Yaracuy",Construcción,Electricidad > Interruptores y Enchufes > Interruptores > Interruptores Eléctricos,Construcción > Electricidad > Interruptores y Enchufes > Interruptores > Interruptores Eléctricos,TechnoSmart,Mini Switch,"Marca: TechnoSmart | Modelo: Mini Switch | Tipo de interruptor: Interruptor inteligente | Color: Blanco | Largo x Altura x Ancho: 4.2 cm x 4.2 cm x 2 cm | Peso: 40 g | Potencia nominal: 600 W | Voltaje nominal: 110V | Frecuencia nominal: 60 Hz | Corriente nominal: 16 A | Cantidad de canales: 1 | Con luz LED: Sí | Con Wi-Fi: Sí | Posiciones: Encendido/Apagado | Aplicaciones compatibles: Alexa, Google Home, SmarLife",https://http2.mlstatic.com/D_NQ_NP_2X_761688-MLV111587343950_062026-F.webp,https://articulo.mercadolibre.com.ve/MLV-762985144-interruptor-inteligente-mini-switch-16a-smartlife-alexa-blanco-_JM,https://www.google.com/search?q=%22TECHNOSMARTVE%22%20Venezuela%20(whatsapp%20OR%20instagram%20OR%20rif%20OR%20telefono%20OR%20tienda),Sí,2026-08-15T08:29:57.311Z
MLV210006069,Reloj Skmei 1389 Metal Acero Inoxidable Contra Agua,24.9,4.9,282,500,0,Sí,RUDO SPORT,MercadoLíder Platinum,4600,500,10000,100,14,https://www.mercadolibre.com.ve/pagina/rudo_sport,"Mun. Libertador (Oeste), Distrito Capital","Relojes, Joyas y Bisutería",Relojes > Relojes Pulsera,"Relojes, Joyas y Bisutería > Relojes > Relojes Pulsera",Skmei,1389,Marca: Skmei | Línea: Reloj | Modelo: 1389 | Modelo alfanumérico: 1389 | Género: Hombre | Edad: Adultos | Color de la caja: Negro | Material de la correa: Acero inoxidable | Tipo de cierre: Expandible | Color De La Correa: Silver gold | Color Del Bisel: Silver gold | Color Del Fondo: Gold | Peso: 200 kg | Tipo de movimiento: Cuarzo/Digital | Tipos de pantalla: CUARZO Y DIGITAL | Materiales de la caja: Acero inoxidable | Es resistente al agua: Sí | Es apto para buceo: No | Profundidad de resistencia al agua: 30 m | Forma de la caja: Redonda | Cantidad de agujas: 3 | Es reloj parlante: No | Es braille: No | Es resistente a golpes: Sí | Con pantalla táctil: No | Con cronógrafo: Sí | Con calendario: Sí | Con hora dual: Sí | Con alarma: Sí | Con retroiluminación: Sí | Con luz LED automática: No | Con termómetro: No | Con brújula: No | Con taquímetro: No | Con altímetro: No | Con sistema de reloj controlado: No | Con indicador de amanecer/atardecer: No | Con sistema de carga solar: No | Con hora mundial: No | Con temporizador: Sí,https://http2.mlstatic.com/D_NQ_NP_2X_869847-MLV98198030328_112025-F.webp,https://articulo.mercadolibre.com.ve/MLV-210006069-reloj-skmei-1389-metal-acero-inoxidable-contra-agua-_JM,https://www.google.com/search?q=%22RUDO%20SPORT%22%20Venezuela%20(whatsapp%20OR%20instagram%20OR%20rif%20OR%20telefono%20OR%20tienda),Sí,2026-08-15T08:29:57.861Z
MLV731605657,Rolinera Rodamientos 6203 2rs Koyo Japonesa Por 10 Unidades,15.51,4.9,84,500,0,Sí,KOYO,MercadoLíder Gold,120,50,1000,100,4,https://www.mercadolibre.com.ve/pagina/koyovenezuela,"Barquisimeto, Lara",Accesorios para Vehículos,Repuestos Carros y Camionetas > Suspensión y Dirección > Rodamientos de Ruedas,Accesorios para Vehículos > Repuestos Carros y Camionetas > Suspensión y Dirección > Rodamientos de Ruedas,Koyo,2RS C3,Marca: Koyo | Modelo: 2RS C3 | Número de pieza: 6203 | Tipo de vehículo: Carro/Camioneta,https://http2.mlstatic.com/D_NQ_NP_2X_617623-MLV91532839988_092025-F.webp,https://articulo.mercadolibre.com.ve/MLV-731605657-rolinera-rodamientos-6203-2rs-koyo-japonesa-por-10-unidades-_JM,https://www.google.com/search?q=%22KOYO%22%20Venezuela%20(whatsapp%20OR%20instagram%20OR%20rif%20OR%20telefono%20OR%20tienda),Sí,2026-08-15T08:29:58.341Z
MLV778330542,Papel Fotográfico Doble Cara 200gms Tinec 50hojas Brillante,9.5,5,192,500,0,Sí,lnb2009,MercadoLíder Platinum,1600,100,10000,100,22,https://www.mercadolibre.com.ve/pagina/lnb_2009,"Barquisimeto, Lara","Arte, Papelería y Mercería",Papelería > Comercial y Oficina > Papeles para Impresión,"Arte, Papelería y Mercería > Papelería > Comercial y Oficina > Papeles para Impresión",Tinec,N/A,Marca: Tinec | Tamaño del papel: A4 | Tipo de papel: Fotográfico Doble Cara | Cantidad de hojas: 50 | Gramaje: 200 g | Acabado: Brillante,https://http2.mlstatic.com/D_NQ_NP_2X_987060-MLV81812156805_012025-F.webp,https://articulo.mercadolibre.com.ve/MLV-778330542-papel-fotografico-doble-cara-200gms-tinec-50hojas-brillante-_JM,https://www.google.com/search?q=%22lnb2009%22%20Venezuela%20(whatsapp%20OR%20instagram%20OR%20rif%20OR%20telefono%20OR%20tienda),Sí,2026-08-15T08:29:58.794Z
MLV704466416,Adaptador De Video Displayport A Hdmi,2.5,4.8,0,1000,0,Sí,Pendiente,Pendiente,N/A,N/A,N/A,N/A,N/A,,Pendiente,N/A,N/A,N/A,N/A,N/A,N/A,https://http2.mlstatic.com/D_Q_NP_2X_602992-MLV48044866981_102021-E.webp,https://articulo.mercadolibre.com.ve/MLV-704466416-adaptador-de-video-displayport-a-hdmi-_JM,,No,2026-08-16T23:31:25.331Z
MLV576581008,Toner Generico Compatible Hp 105a W1105a Laser 135wg 137fwg Negro,19,4.9,166,500,0,Sí,ENMA7042614,MercadoLíder Platinum,260,100,10000,100,12,https://www.mercadolibre.com.ve/pagina/enma7042614,"Mun. Chacao (norte), Distrito Capital",Computación,Impresión > Insumos de Impresión > Tóners,Computación > Impresión > Insumos de Impresión > Tóners,HP,HP105A,Marca: HP | Modelo: HP105A | Color de la tinta: Negro | Contenido total en peso: 1 g | Está cargado: Sí | Tipo de tóner: Alternativo,https://http2.mlstatic.com/D_NQ_NP_2X_935252-MLV71747176064_092023-F.webp,https://articulo.mercadolibre.com.ve/MLV-576581008-toner-generico-compatible-hp-105a-w1105a-laser-135wg-137fwg-negro-_JM,https://www.google.com/search?q=%22ENMA7042614%22%20Venezuela%20(whatsapp%20OR%20instagram%20OR%20rif%20OR%20telefono%20OR%20tienda),Sí,2026-08-15T08:29:59.693Z
MLV743016256,Medias De Descanso Compresion 20-30,4.56,4.8,143,500,0,Sí,RALECO,MercadoLíder Platinum,410,50,1000,100,7,https://www.mercadolibre.com.ve/pagina/ralecoca3545,"Barquisimeto, Lara",Estética y Belleza,Salud > Ortopedia > Podología > Medias de Compresión,Estética y Belleza > Salud > Ortopedia > Podología > Medias de Compresión,N/A,N/A,N/A,https://http2.mlstatic.com/D_NQ_NP_2X_932165-MLV96495055297_102025-F.webp,https://articulo.mercadolibre.com.ve/MLV-743016256-medias-de-descanso-compresion-20-30-_JM,https://www.google.com/search?q=%22RALECO%22%20Venezuela%20(whatsapp%20OR%20instagram%20OR%20rif%20OR%20telefono%20OR%20tienda),Sí,2026-08-15T08:30:00.213Z
MLV843932780,Cartulina Opalina 180 Gramos Tamaño Oficio Blanco 180gr,6.99,4.9,204,500,0,Sí,VRSTORE CA,MercadoLíder Platinum,3400,500,10000,100,16,https://www.mercadolibre.com.ve/pagina/vrstoreca,"Barquisimeto, Lara","Arte, Papelería y Mercería",Papelería > Escolar > Papeles Artísticos y Técnicos,"Arte, Papelería y Mercería > Papelería > Escolar > Papeles Artísticos y Técnicos",chambril y kores,180 Gr,"Marca: chambril y kores | Modelo: 180 Gr | Color: Blanco | Nombre del diseño: 180gr | Tipo de papel: Opalina | Usos recomendados: Dibujo técnico, Impresiones, tarjeteria | Tamaño del papel: Oficio | Acabado: Mate | Gramaje: 180 g | Formato de venta: Pack | Unidades por pack: 100 | Largo: 33 cm | Ancho: 21,56 cm",https://http2.mlstatic.com/D_NQ_NP_2X_820466-MLV79488614456_102024-F.webp,https://articulo.mercadolibre.com.ve/MLV-843932780-cartulina-opalina-180-gramos-tamano-oficio-blanco-180gr-_JM,https://www.google.com/search?q=%22VRSTORE%20CA%22%20Venezuela%20(whatsapp%20OR%20instagram%20OR%20rif%20OR%20telefono%20OR%20tienda),Sí,2026-08-15T08:30:00.655Z
MLV578496217,Quemador Cocina Mabe Kilya Esmaltado,5,0,0,500,0,Sí,inversionesreparón ca,N/A,660,500,10000,99,12,https://www.mercadolibre.com.ve/pagina/inversionesreparnca,"Mun. Libertador (Oeste), Distrito Capital",Electrodomésticos,Cocción > Cocinas,Electrodomésticos > Cocción > Cocinas,Mabe,N/A,Marca: Mabe,https://http2.mlstatic.com/D_NQ_NP_2X_786913-MLV45821613638_052021-F.webp,https://articulo.mercadolibre.com.ve/MLV-578496217-quemador-cocina-mabe-kilya-esmaltado-_JM,https://www.google.com/search?q=%22inversionesrepar%C3%B3n%20ca%22%20Venezuela%20(whatsapp%20OR%20instagram%20OR%20rif%20OR%20telefono%20OR%20tienda),Sí,2026-08-15T08:30:01.087Z
MLV496178526,Cocina Eléctrica Oasis 2 Hornillas 110v Negro,19.45,4.8,230,500,0,Sí,LAS MEJORES OFERTAS PF,MercadoLíder Platinum,1200,100,10000,99,18,https://www.mercadolibre.com.ve/pagina/franklineltigre113376,"Punto Fijo, Falcón",Electrodomésticos,Cocción > Topes,Electrodomésticos > Cocción > Topes,Oasis,Dos Hornillas,"Marca: Oasis | Modelo: Dos Hornillas | Color: Negro | Voltaje: 110V | Con protección contra sobrecalentamiento: Sí | Ancho x Profundidad x Altura: 1 cm x 1 cm x 1 cm | Peso: 1,5 kg | Potencia total: 2 kW | Tipos de alimentación: Corriente eléctrica | Tipo de control: Perillas | Materiales de la superficie: Cerámica | Es convertible a gas natural: No | Es convertible a gas envasado: No | Tipo de montaje: De pie | Es ecológico: Sí | Cantidad de hornallas: 2 | Potencia: 2 kW",https://http2.mlstatic.com/D_NQ_NP_2X_931447-MLV112588742047_062026-F.webp,https://articulo.mercadolibre.com.ve/MLV-496178526-cocina-electrica-oasis-2-hornillas-110v-negro-_JM,https://www.google.com/search?q=%22LAS%20MEJORES%20OFERTAS%20PF%22%20Venezuela%20(whatsapp%20OR%20instagram%20OR%20rif%20OR%20telefono%20OR%20tienda),Sí,2026-08-15T08:30:01.551Z
MLV759866102,Cocina Electrica Haceb 1 Puesto De 3 Temperaturas Gris,43.5,4.9,292,500,0,Sí,CooPack,MercadoLíder Platinum,1400,50,10000,99,5,https://www.mercadolibre.com.ve/pagina/gaev7126450,"San Cristóbal,",Electrodomésticos,Cocción > Topes,Electrodomésticos > Cocción > Topes,Haceb,Arezzo,Marca: Haceb | Modelo: Arezzo | Color: Gris | Voltaje: 110V | Potencia total: 1 kW | Tipos de alimentación: Corriente eléctrica | Tipo de encendido: Manual | Tipo de control: Perillas | Tipo de montaje: De pie | Cantidad de hornallas: 1 | Tipo de encendido: Manual | Potencia: 1 kW,https://http2.mlstatic.com/D_NQ_NP_2X_804757-MLV49288724488_032022-F.webp,https://articulo.mercadolibre.com.ve/MLV-759866102-cocina-electrica-haceb-1-puesto-de-3-temperaturas-gris-_JM,https://www.google.com/search?q=%22CooPack%22%20Venezuela%20(whatsapp%20OR%20instagram%20OR%20rif%20OR%20telefono%20OR%20tienda),Sí,2026-08-15T08:30:02.018Z
MLV714336393,Olla De Presion Corona 6 Litros Original 5 Años De Garantia Plateado,45.9,4.8,251,500,0,Sí,CooPack,MercadoLíder Platinum,1400,50,10000,99,5,https://www.mercadolibre.com.ve/pagina/gaev7126450,"San Cristóbal,",Hogar y Muebles,"Cocina > Cocción y Horneado > Baterías, Ollas y Sartenes > Ollas","Hogar y Muebles > Cocina > Cocción y Horneado > Baterías, Ollas y Sartenes > Ollas",Corona,L22600,"Marca: Corona | Modelo: L22600 | Tipo de olla: Olla | Capacidad en volumen: 6 L | Color: Plateado | Formato de venta: Unidad | Peso: 1,5 kg | Material de la olla: Aluminio | Incluye tapa: Sí",https://http2.mlstatic.com/D_NQ_NP_2X_619616-MLV49699092908_042022-F.webp,https://articulo.mercadolibre.com.ve/MLV-714336393-olla-de-presion-corona-6-litros-original-5-anos-de-garantia-plateado-_JM,https://www.google.com/search?q=%22CooPack%22%20Venezuela%20(whatsapp%20OR%20instagram%20OR%20rif%20OR%20telefono%20OR%20tienda),Sí,2026-08-15T08:30:02.638Z
MLV737803017,Resistencia Para Cocina Eléctrica Tipo Caracol 110v 1000watt,3,4.8,39,1000,0,Sí,DISTRIBUIDORA EDMIDIMAR CA,MercadoLíder Platinum,1500,100,10000,100,16,https://www.mercadolibre.com.ve/pagina/distribuidoraedmidimar_c.a,"Girardot (Maracay), Aragua",Electrodomésticos,Cocción > Repuestos y Accesorios > Para Cocinas y Hornos > Resistencias,Electrodomésticos > Cocción > Repuestos y Accesorios > Para Cocinas y Hornos > Resistencias,N/A,3 Vueltas. 110 Voltios. 1000 Watt,Modelo: 3 Vueltas. 110 Voltios. 1000 Watt,https://http2.mlstatic.com/D_NQ_NP_2X_966247-MLV84482387133_052025-F.webp,https://articulo.mercadolibre.com.ve/MLV-737803017-resistencia-para-cocina-electrica-tipo-caracol-110v-1000watt-_JM,https://www.google.com/search?q=%22DISTRIBUIDORA%20EDMIDIMAR%20CA%22%20Venezuela%20(whatsapp%20OR%20instagram%20OR%20rif%20OR%20telefono%20OR%20tienda),Sí,2026-08-15T08:30:03.101Z
MLV555212136,Licuadora Oster Clásica 1500w 1.5l Vidrio + Accesorios Plateado,40,4.8,1355,1000,0,Sí,LAS MEJORES OFERTAS PF,MercadoLíder Platinum,1200,100,10000,99,18,https://www.mercadolibre.com.ve/pagina/franklineltigre113376,"Punto Fijo, Falcón",Electrodomésticos,Pequeños Electrodomésticos > Para Cocina > Preparación de Bebidas > Licuadoras,Electrodomésticos > Pequeños Electrodomésticos > Para Cocina > Preparación de Bebidas > Licuadoras,Oster,1500W,"Capacidad total: 1,25 L | Tipo de alimentación: Corriente | Potencia: 1.500 W | Usos recomendados: Doméstico | Cantidad de velocidades: 3 | Es industrial: No | Material de la jarra: Vidrio | Con cuchilla removible: Sí | Con cuchilla de acero inoxidable: Sí | Con tapa dosificadora: Sí | Con pantalla digital: No | Peso: 4,3 kg | Marca: Oster | Línea: Clásica | Modelo: 1500W | Cantidad de accesorios: 3 | Color: Plateado | Voltaje: 120V | Eficiencia energética: A | Accesorios incluidos: Jarra, Picatodo | Es apta para picar hielo: Sí | Programas de la licuadora: Licuar | Con función pulsar: No | Capacidad útil: 1,25 L | Incluye accesorios: Sí | Es industrial: No | Con cuchilla de acero inoxidable: Sí | Potencia: 1500 W | Con display digital: No",https://http2.mlstatic.com/D_NQ_NP_2X_635486-MLV112552765752_062026-F.webp,https://articulo.mercadolibre.com.ve/MLV-555212136-licuadora-oster-clasica-1500w-15l-vidrio-accesorios-plateado-_JM,https://www.google.com/search?q=%22LAS%20MEJORES%20OFERTAS%20PF%22%20Venezuela%20(whatsapp%20OR%20instagram%20OR%20rif%20OR%20telefono%20OR%20tienda),Sí,2026-08-15T08:30:03.550Z
MLV758970243,Maquina Mini Donas X7 Color Negro 110v,19.99,4.8,418,1000,0,Sí,CooPack,MercadoLíder Platinum,1400,50,10000,99,5,https://www.mercadolibre.com.ve/pagina/gaev7126450,"San Cristóbal,",Electrodomésticos,Pequeños Electrodomésticos > Para Cocina > Máquinas para Postres > Máquinas para Donas,Electrodomésticos > Pequeños Electrodomésticos > Para Cocina > Máquinas para Postres > Máquinas para Donas,DONUS MARKET,F-606,Marca: DONUS MARKET | Modelo: F-606 | Voltaje: 120V | Largo x Ancho x Altura: 20.5 cm x 26.5 cm x 10.5 cm | Tamaño de las donas: Mini | Cantidad de donas: 7 | Potencia: 1.200 W | Con material antiadherente: Sí | Con luz indicadora: Sí | Es compacta: Sí,https://http2.mlstatic.com/D_NQ_NP_2X_937974-MLV76255230051_052024-F.webp,https://articulo.mercadolibre.com.ve/MLV-758970243-maquina-mini-donas-x7-color-negro-110v-_JM,https://www.google.com/search?q=%22CooPack%22%20Venezuela%20(whatsapp%20OR%20instagram%20OR%20rif%20OR%20telefono%20OR%20tienda),Sí,2026-08-15T08:30:03.991Z
MLV582037056,Filtros De Cafetera Paquete 100 Unidades Blanco,9.99,4.9,188,1000,0,Sí,INVERSIONES LISCAR 18 C A,MercadoLíder Gold,120,50,1000,99,8,https://www.mercadolibre.com.ve/pagina/inversionesliscar,"Mun. Libertador (Centro), Distrito Capital",Electrodomésticos,Pequeños Electrodomésticos > Para Cocina > Cafeteras,Electrodomésticos > Pequeños Electrodomésticos > Para Cocina > Cafeteras,Mr. Coffee,Cesta,Tipo de alimentación: Corriente doméstica | Tecnología: Automática | Incluye temporizador: No | Eficiencia energética: A | Fabricante: Mr. Coffee | Marca: Mr. Coffee | Modelo: Cesta | Color: Blanco | Tipos de cafetera: Automáticas,https://http2.mlstatic.com/D_NQ_NP_2X_845784-MLV102215705755_122025-F.webp,https://articulo.mercadolibre.com.ve/MLV-582037056-filtros-de-cafetera-paquete-100-unidades-blanco-_JM,https://www.google.com/search?q=%22INVERSIONES%20LISCAR%2018%20C%20A%22%20Venezuela%20(whatsapp%20OR%20instagram%20OR%20rif%20OR%20telefono%20OR%20tienda),Sí,2026-08-15T08:30:04.461Z
MLV701192127,Cuchilla Oster Original Americana,4.99,5,3,1000,0,Sí,QUINGEL QUINTERO,MercadoLíder Platinum,1300,100,10000,99,14,https://www.mercadolibre.com.ve/pagina/quingelquintero9908,"Mun. Libertador (Sur), Distrito Capital",...,Pequeños Electrodomésticos > Para Cocina > Repuestos y Accesorios > Para Licuadoras > Cuchillas,... > Pequeños Electrodomésticos > Para Cocina > Repuestos y Accesorios > Para Licuadoras > Cuchillas,Oster 1000% original,Americana Made in USA,Marca: Oster 1000% original | Modelo: Americana Made in USA | Cantidad de aspas: 4 | Material: Acero inoxidable | Con base: No | Es apto para picar hielo: Sí,https://http2.mlstatic.com/D_NQ_NP_2X_971260-MLV111017669771_042026-F.webp,https://articulo.mercadolibre.com.ve/MLV-701192127-cuchilla-oster-original-americana-_JM,https://www.google.com/search?q=%22QUINGEL%20QUINTERO%22%20Venezuela%20(whatsapp%20OR%20instagram%20OR%20rif%20OR%20telefono%20OR%20tienda),Sí,2026-08-15T08:30:04.955Z
MLV752021494,Licuadora Oster 1500w 1.5l Vidrio + Picatodo,40,4.8,308,500,0,Sí,LAS MEJORES OFERTAS PF,MercadoLíder Platinum,1200,100,10000,99,18,https://www.mercadolibre.com.ve/pagina/franklineltigre113376,"Punto Fijo, Falcón",Electrodomésticos,Pequeños Electrodomésticos > Para Cocina > Preparación de Bebidas > Licuadoras,Electrodomésticos > Pequeños Electrodomésticos > Para Cocina > Preparación de Bebidas > Licuadoras,Oster,1500W,"Capacidad total: 1,25 L | Tipo de alimentación: Corriente | Potencia: 1.500 W | Usos recomendados: Hogar | Cantidad de velocidades: 3 | Es industrial: No | Eficiencia energética: A | Capacidad útil: 1,25 L | Incluye accesorios: Sí | Marca: Oster | Línea: OSTER | Modelo: 1500W | Cantidad de accesorios: 2 | Voltaje: 110 | Material de la jarra: Vidrio | Accesorios incluidos: Picatodo | Es industrial: No | Potencia: 1500 W",https://http2.mlstatic.com/D_NQ_NP_2X_876083-MLV115432268377_082026-F.webp,https://articulo.mercadolibre.com.ve/MLV-752021494-licuadora-oster-1500w-15l-vidrio-picatodo-_JM,https://www.google.com/search?q=%22LAS%20MEJORES%20OFERTAS%20PF%22%20Venezuela%20(whatsapp%20OR%20instagram%20OR%20rif%20OR%20telefono%20OR%20tienda),Sí,2026-08-15T08:30:05.382Z
MLV579029635,Vaso De Licuadora De Vidrio Oster,8.99,4.9,29,1000,0,Sí,QUINGEL QUINTERO,MercadoLíder Platinum,1300,100,10000,99,14,https://www.mercadolibre.com.ve/pagina/quingelquintero9908,"Mun. Libertador (Sur), Distrito Capital",Electrodomésticos,Pequeños Electrodomésticos > Para Cocina > Preparación de Bebidas > Licuadoras,Electrodomésticos > Pequeños Electrodomésticos > Para Cocina > Preparación de Bebidas > Licuadoras,Solo para Oster,Desc al mayor,Marca: Solo para Oster | Línea: Liquidificador | Modelo: Desc al mayor | Usos recomendados: Licuadora | Es industrial: No | Material de la jarra: Vidrio | Es industrial: No,https://http2.mlstatic.com/D_NQ_NP_2X_611897-MLV41145121965_032020-F.webp,https://articulo.mercadolibre.com.ve/MLV-579029635-vaso-de-licuadora-de-vidrio-oster-_JM,https://www.google.com/search?q=%22QUINGEL%20QUINTERO%22%20Venezuela%20(whatsapp%20OR%20instagram%20OR%20rif%20OR%20telefono%20OR%20tienda),Sí,2026-08-15T08:30:05.833Z
MLV767941608,Balanza Gramera Digital Peso Báscula Led 0.01-3000gr Cromada Plateado,8.99,4.8,187,500,0,Sí,SCAROLA IMPORT,N/A,4100,500,50000,98,6,https://www.mercadolibre.com.ve/pagina/scarolaimport,"Mun. Sucre (este), Distrito Capital",Electrodomésticos,Pequeños Electrodomésticos > Para Cocina > Balanzas de Cocina,Electrodomésticos > Pequeños Electrodomésticos > Para Cocina > Balanzas de Cocina,Superior Scale,I-2000,Marca: Superior Scale | Modelo: I-2000 | Color: Plateado | Tipo de balanza: Digital | Sensibilidad de la balanza: 100 mg | Tipos de alimentación: Bateria AAA | Tamaño de la pila: AAA | Incluye recipiente: Sí | Incluye pilas: Sí | Voltaje de la batería: 12v,https://http2.mlstatic.com/D_NQ_NP_2X_788840-MLV71410186252_092023-F.webp,https://articulo.mercadolibre.com.ve/MLV-767941608-balanza-gramera-digital-peso-bascula-led-001-3000gr-cromada-plateado-_JM,https://www.google.com/search?q=%22SCAROLA%20IMPORT%22%20Venezuela%20(whatsapp%20OR%20instagram%20OR%20rif%20OR%20telefono%20OR%20tienda),Sí,2026-08-15T08:30:06.295Z
MLV718182986,Ducto Flexible 4 Pulgadas Para Secadora 3 Metros De Largo,5,4.8,204,500,0,Sí,inversionesreparón ca,N/A,660,500,10000,99,12,https://www.mercadolibre.com.ve/pagina/inversionesreparnca,"Mun. Libertador (Oeste), Distrito Capital",Electrodomésticos,Lavado > Repuestos y Accesorios > Para Lavadoras y Secadoras > Otros,Electrodomésticos > Lavado > Repuestos y Accesorios > Para Lavadoras y Secadoras > Otros,N/A,N/A,N/A,https://http2.mlstatic.com/D_NQ_NP_2X_787116-MLV50409737209_062022-F.webp,https://articulo.mercadolibre.com.ve/MLV-718182986-ducto-flexible-4-pulgadas-para-secadora-3-metros-de-largo-_JM,https://www.google.com/search?q=%22inversionesrepar%C3%B3n%20ca%22%20Venezuela%20(whatsapp%20OR%20instagram%20OR%20rif%20OR%20telefono%20OR%20tienda),Sí,2026-08-15T08:30:06.728Z
MLV709492154,Manguera Desague Con Codo Lavadora LG Samsung Y Otras,5,4.8,186,500,0,Sí,inversionesreparón ca,N/A,660,500,10000,99,12,https://www.mercadolibre.com.ve/pagina/inversionesreparnca,"Mun. Libertador (Oeste), Distrito Capital",Electrodomésticos,Lavado > Repuestos y Accesorios > Para Lavadoras y Secadoras > Mangueras,Electrodomésticos > Lavado > Repuestos y Accesorios > Para Lavadoras y Secadoras > Mangueras,LG,N/A,Marca: LG,https://http2.mlstatic.com/D_NQ_NP_2X_819887-MLV48956551494_012022-F.webp,https://articulo.mercadolibre.com.ve/MLV-709492154-manguera-desague-con-codo-lavadora-lg-samsung-y-otras-_JM,https://www.google.com/search?q=%22inversionesrepar%C3%B3n%20ca%22%20Venezuela%20(whatsapp%20OR%20instagram%20OR%20rif%20OR%20telefono%20OR%20tienda),Sí,2026-08-15T08:30:07.229Z
MLV556277756,Fan Cooler Intel Disipador Calor Socket 1155/1150/1151 /1200,7.99,4.8,390,1000,0,Sí,CHIMENEAS PLUS,MercadoLíder Platinum,2900,100,10000,98,14,https://www.mercadolibre.com.ve/pagina/chimeneasplus7765,"Valencia (Valencia), Carabobo",Computación,Componentes de PC > Refrigeración > Coolers y Ventiladores,Computación > Componentes de PC > Refrigeración > Coolers y Ventiladores,Intel,"1155, 1150, 1151, 1200","Marca: Intel | Línea: Disipador de calor | Modelo: 1155, 1150, 1151, 1200 | Tipo de refrigeración: Aire | Tipo de producto: Cooler | Cantidad de pines: 4",https://http2.mlstatic.com/D_NQ_NP_2X_673024-MLV40727702105_022020-F.webp,https://articulo.mercadolibre.com.ve/MLV-556277756-fan-cooler-intel-disipador-calor-socket-115511501151-1200-_JM,https://www.google.com/search?q=%22CHIMENEAS%20PLUS%22%20Venezuela%20(whatsapp%20OR%20instagram%20OR%20rif%20OR%20telefono%20OR%20tienda),Sí,2026-08-15T08:30:07.741Z
MLV900818686,Protector De Voltaje 110v Protek Para Neveras Refrigeradores,12.95,4.9,194,500,0,Sí,Venspeed,MercadoLíder Platinum,2900,100,100000,99,14,https://www.mercadolibre.com.ve/tienda/venspeed,"Mun. Chacao (sur), Distrito Capital",Computación,Protectores y UPS > Reguladores,Computación > Protectores y UPS > Reguladores,Protek,BX-V008-N-30S,Marca: Protek | Modelo: BX-V008-N-30S | Tipos de producto: Protector de tensión | Potencia pico: 1800VA | Voltaje de entrada: 90-140V | Voltaje de salida: 110-120 V | Voltaje de entrada CA: 110-120 V AC | Voltaje de salida CA: 110-120 V AC | Denominación de voltaje: Monovolt | Rango de voltaje de entrada: 90-140 V | Voltaje de entrada: 90-140V | Potencia pico: 1800VA | Voltaje de entrada CA: 110-120 V AC,https://http2.mlstatic.com/D_NQ_NP_2X_662752-MLV89445998271_082025-F.webp,https://articulo.mercadolibre.com.ve/MLV-900818686-protector-de-voltaje-110v-protek-para-neveras-refrigeradores-_JM,https://www.google.com/search?q=%22Venspeed%22%20Venezuela%20(whatsapp%20OR%20instagram%20OR%20rif%20OR%20telefono%20OR%20tienda),Sí,2026-08-15T08:30:08.199Z
MLV773899898,Protector De Voltaje 120v Neveras Refrigeradores Enfriadores Azul,12.99,4.9,362,1000,0,Sí,MAFR3447087,MercadoLíder Platinum,220,100,5000,100,6,https://www.mercadolibre.com.ve/pagina/mafr3447087,"Mun. Libertador (Noreste), Distrito Capital",Computación,Protectores y UPS > Reguladores,Computación > Protectores y UPS > Reguladores,Exceline,N/A,Marca: Exceline | Línea: NEVERAS | Color: Azul | Modelo detallado: Protector de voltaje | Voltaje de entrada: 110V | Voltaje de salida: 110V | Voltaje de entrada: 110V,https://http2.mlstatic.com/D_NQ_NP_2X_785149-MLV72380250481_102023-F.webp,https://articulo.mercadolibre.com.ve/MLV-773899898-protector-de-voltaje-120v-neveras-refrigeradores-enfriadores-azul-_JM,https://www.google.com/search?q=%22MAFR3447087%22%20Venezuela%20(whatsapp%20OR%20instagram%20OR%20rif%20OR%20telefono%20OR%20tienda),Sí,2026-08-15T08:30:08.683Z
MLV753880101,Envase De Agua Ford Fiesta Power Max Movie Con Tapa,15,4.8,182,500,0,Sí,PACA20231228094206,MercadoLíder Platinum,1200,500,10000,100,2,https://www.mercadolibre.com.ve/pagina/paca20231228094206,"Mun. Baruta (norte), Distrito Capital",Accesorios para Vehículos,Repuestos Carros y Camionetas > Motor > Radiadores > Depósito Líquido Refrigerante,Accesorios para Vehículos > Repuestos Carros y Camionetas > Motor > Radiadores > Depósito Líquido Refrigerante,Motorcraft,N/A,Marca: Motorcraft | Número de pieza: 2s658k218ba | Incluye tapa: Sí | Tipo de vehículo: Carro/Camioneta,https://http2.mlstatic.com/D_NQ_NP_2X_787217-MLV77792784245_072024-F.webp,https://articulo.mercadolibre.com.ve/MLV-753880101-envase-de-agua-ford-fiesta-power-max-movie-con-tapa-_JM,https://www.google.com/search?q=%22PACA20231228094206%22%20Venezuela%20(whatsapp%20OR%20instagram%20OR%20rif%20OR%20telefono%20OR%20tienda),Sí,2026-08-15T08:30:09.264Z
MLV468304469,Termometro Digital Lcd Refrigerador Cavas Acuario Congelador,2.06,4.7,58,500,0,Sí,PIKEKE,MercadoLíder Platinum,670,100,10000,100,21,https://www.mercadolibre.com.ve/pagina/pikeke,"San Cristóbal,",Herramientas,Otros,Herramientas > Otros,Genérica,Termometro+Sonda,Marca: Genérica | Modelo: Termometro+Sonda,https://http2.mlstatic.com/D_NQ_NP_2X_609647-MLV31247975440_062019-F.webp,https://articulo.mercadolibre.com.ve/MLV-468304469-termometro-digital-lcd-refrigerador-cavas-acuario-congelador-_JM,https://www.google.com/search?q=%22PIKEKE%22%20Venezuela%20(whatsapp%20OR%20instagram%20OR%20rif%20OR%20telefono%20OR%20tienda),Sí,2026-08-15T08:30:09.745Z
MLV769806514,Refrigerante Mopar 5 Años 50/50 Original,22.99,4.8,127,500,0,Sí,TUSHOPHERE,MercadoLíder Platinum,390,100,10000,99,6,https://www.mercadolibre.com.ve/pagina/tushophere,"Mun. Chacao (sur), Distrito Capital",Accesorios para Vehículos,Lubricantes y Fluidos > Líquidos > Refrigerante y Anticongelante,Accesorios para Vehículos > Lubricantes y Fluidos > Líquidos > Refrigerante y Anticongelante,Mopar,N/A,"Marca: Mopar | Número de pieza: 9769 | Volumen de la unidad: 3,79 L",https://http2.mlstatic.com/D_NQ_NP_2X_795863-MLV71825841889_092023-F.webp,https://articulo.mercadolibre.com.ve/MLV-769806514-refrigerante-mopar-5-anos-5050-original-_JM,https://www.google.com/search?q=%22TUSHOPHERE%22%20Venezuela%20(whatsapp%20OR%20instagram%20OR%20rif%20OR%20telefono%20OR%20tienda),Sí,2026-08-15T08:30:10.244Z
MLV754426751,Pasta Térmica Arctic Mx-4 4g Procesador Refrigera Enfriador,12.99,4.8,422,500,0,Sí,BIT404 MARKET,MercadoLíder Platinum,2400,500,10000,99,11,https://www.mercadolibre.com.ve/pagina/bit404market,Mun. Libertador (,Computación,Componentes de PC > Otros,Computación > Componentes de PC > Otros,N/A,N/A,Marca del repuesto: Arctic | Modelo del repuesto: MX-4 | Presentación: MX-4 4g caja,https://http2.mlstatic.com/D_NQ_NP_2X_947474-MLA94081914285_102025-F.webp,https://articulo.mercadolibre.com.ve/MLV-754426751-pasta-termica-arctic-mx-4-4g-procesador-refrigera-enfriador-_JM,https://www.google.com/search?q=%22BIT404%20MARKET%22%20Venezuela%20(whatsapp%20OR%20instagram%20OR%20rif%20OR%20telefono%20OR%20tienda),Sí,2026-08-15T08:30:10.926Z
MLV748859915,Protector De Neveras Voltaje 110v Refrigerador Enfriador A/a,10.99,4.9,280,500,0,Sí,MULTITANQUESELPARAIS0,N/A,10,100,1000,100,6,https://www.mercadolibre.com.ve/pagina/multitanqueselparais0,"Mun. Libertador (Suroeste), Distrito Capital",Electrodomésticos,Refrigeración > Repuestos y Accesorios > Otros,Electrodomésticos > Refrigeración > Repuestos y Accesorios > Otros,Exceline,N/A,Marca: Exceline | Tipos de electrodomésticos compatibles: Nevera | Marcas compatibles: Todas que usen 110v | Modelos compatibles: Todas que usen 110v,https://http2.mlstatic.com/D_NQ_NP_2X_895824-MLV72015299828_102023-F.webp,https://articulo.mercadolibre.com.ve/MLV-748859915-protector-de-neveras-voltaje-110v-refrigerador-enfriador-aa-_JM,https://www.google.com/search?q=%22MULTITANQUESELPARAIS0%22%20Venezuela%20(whatsapp%20OR%20instagram%20OR%20rif%20OR%20telefono%20OR%20tienda),Sí,2026-08-15T08:30:11.352Z
MLV712058777,Protector De Voltaje 110v Neveras Refrigerador Enfriador A/a,12.99,5,11,500,0,Sí,Onprotec,MercadoLíder Platinum,4900,1000,10000,100,20,https://www.mercadolibre.com.ve/tienda/onprotec,"Mun. Libertador (Noreste), Distrito Capital",Electrodomésticos,Refrigeración > Repuestos y Accesorios > Otros,Electrodomésticos > Refrigeración > Repuestos y Accesorios > Otros,Exceline,GSM-N120,"Marca: Exceline | Modelo: GSM-N120 | Tipos de electrodomésticos compatibles: Neveras, Refrigeradores Horizontales Hasta 1 Puerta, Aires Acondicionados de Ventana de 5.000 BTU, Enfriadores de Agua y Deshumidificadores | Marcas compatibles: Bosh, Electrolux, Frigilux, Haier, Hisence, LG, Mabe, Samsung, Whirlpool | Modelos compatibles: GSM-N120 | Es kit: No",https://http2.mlstatic.com/D_NQ_NP_2X_879041-MLV106139501508_022026-F.webp,https://articulo.mercadolibre.com.ve/MLV-712058777-protector-de-voltaje-110v-neveras-refrigerador-enfriador-aa-_JM,https://www.google.com/search?q=%22Onprotec%22%20Venezuela%20(whatsapp%20OR%20instagram%20OR%20rif%20OR%20telefono%20OR%20tienda),Sí,2026-08-15T08:30:11.762Z
MLV537808493,Protector De Voltaje 120v Neveras Refrigeradores Enfriadores,12.99,4.9,364,1000,0,Sí,Onprotec,MercadoLíder Platinum,4900,1000,10000,100,20,https://www.mercadolibre.com.ve/tienda/onprotec,"Mun. Libertador (Noreste), Distrito Capital",Computación,Protectores y UPS > Reguladores,Computación > Protectores y UPS > Reguladores,Exceline,GSM-N120,"Marca: Exceline | Línea: Neveras | Modelo: GSM-N120 | Tipos de producto: Neveras, Refrigeradores, vineras | Con botón de encendido/apagado: Sí | Con indicador LED: Sí | Es kit: No | Potencia pico: 1200VA | Voltaje de entrada: 110V | Voltaje de salida: 110V | Voltaje de entrada CA: 120 | Voltaje de salida CA: 120 | Denominación de voltaje: Monovolt | Rango de voltaje de entrada: 120 VAC | Voltaje de entrada: 110V | Potencia pico: 1200VA | Voltaje de entrada CA: 120",https://http2.mlstatic.com/D_NQ_NP_2X_612790-MLV106763358475_022026-F.webp,https://articulo.mercadolibre.com.ve/MLV-537808493-protector-de-voltaje-120v-neveras-refrigeradores-enfriadores-_JM,https://www.google.com/search?q=%22Onprotec%22%20Venezuela%20(whatsapp%20OR%20instagram%20OR%20rif%20OR%20telefono%20OR%20tienda),Sí,2026-08-15T08:30:12.504Z
MLV577326882,"Protector De Voltaje Nevera, Aire Acond, Refrigeracion 110v Gris",11.99,0,0,1000,0,Sí,DISTGAMAX,MercadoLíder Platinum,910,500,10000,100,8,https://www.mercadolibre.com.ve/pagina/tendavzla,"Los Teques, Miranda",Computación,Protectores y UPS > Reguladores,Computación > Protectores y UPS > Reguladores,V009,TN-V009,Marca: V009 | Línea: PROTECTORES DE VOLTAJE | Modelo: TN-V009 | Modelo alfanumérico: TN-V009 | Color: Gris | Potencia pico: 1800VA | Voltaje de entrada: 110V | Voltaje de salida: 110V | Denominación de voltaje: Bivolt | Tipos de producto: Estabilizador | Voltaje de entrada: 110V | Potencia pico: 1800VA,https://http2.mlstatic.com/D_NQ_NP_2X_924736-MLV88791114236_082025-F.webp,https://articulo.mercadolibre.com.ve/MLV-577326882-protector-de-voltaje-nevera-aire-acond-refrigeracion-110v-gris-_JM,https://www.google.com/search?q=%22DISTGAMAX%22%20Venezuela%20(whatsapp%20OR%20instagram%20OR%20rif%20OR%20telefono%20OR%20tienda),Sí,2026-08-15T08:30:12.948Z
MLV580901127,Cepillo Secador Revlon Voluminizador Profesional One-step,24.35,4.8,289,500,0,Sí,LAS MEJORES OFERTAS PF,MercadoLíder Platinum,1200,100,10000,99,18,https://www.mercadolibre.com.ve/pagina/franklineltigre113376,"Punto Fijo, Falcón",Estética y Belleza,Artefactos para el Cabello > Kits de Aparatos para Cabello,Estética y Belleza > Artefactos para el Cabello > Kits de Aparatos para Cabello,Revlon,revlon,Marca: Revlon | Modelo: revlon | Voltaje: 120V | Cantidad de piezas: 1 | Es un kit de fábrica: No | Incluye secador de cabello: Sí | Incluye cepillo eléctrico de cabello: Sí,https://http2.mlstatic.com/D_NQ_NP_2X_660672-MLV74721362225_022024-F.webp,https://articulo.mercadolibre.com.ve/MLV-580901127-cepillo-secador-revlon-voluminizador-profesional-one-step-_JM,https://www.google.com/search?q=%22LAS%20MEJORES%20OFERTAS%20PF%22%20Venezuela%20(whatsapp%20OR%20instagram%20OR%20rif%20OR%20telefono%20OR%20tienda),Sí,2026-08-15T08:30:13.810Z
MLV743851382,Peso Balanza Inteligente Bluetooth Peso Corporal Hasta 180kg Negro,9.99,4.8,1209,1000,0,Sí,CooPack,MercadoLíder Platinum,1400,50,10000,99,5,https://www.mercadolibre.com.ve/pagina/gaev7126450,"San Cristóbal,",Estética y Belleza,Salud > Cuidado de la Salud > Balanzas de Baño,Estética y Belleza > Salud > Cuidado de la Salud > Balanzas de Baño,Ps Solucion,Básculasport,"Marca: Ps Solucion | Modelo: Básculasport | Color: Negro | Materiales de la plataforma: Vidrio templado | Con medidor de grasa corporal: No | Con Bluetooth: Sí | Incluye pilas: Sí | Tipo de balanza: Digital | Capacidad máxima de peso: 180 kg | Es pediátrica: Sí | Tipos de alimentación: Batería | Largo: 28 cm | Ancho: 28 cm | Altura: 2,4 cm | Tipo de balanza: Digital | Color: Negro | Marca: Ps Solucion | Altura: 2.4 cm | Con medidor de grasa corporal: No | Con Bluetooth: Sí | Ancho: 28 cm",https://http2.mlstatic.com/D_NQ_NP_2X_950895-MLV115897785873_082026-F.webp,https://articulo.mercadolibre.com.ve/MLV-743851382-peso-balanza-inteligente-bluetooth-peso-corporal-hasta-180kg-negro-_JM,https://www.google.com/search?q=%22CooPack%22%20Venezuela%20(whatsapp%20OR%20instagram%20OR%20rif%20OR%20telefono%20OR%20tienda),Sí,2026-08-15T08:30:14.272Z
MLV914839026,Crema Dental Croent Menta Sin Flúor Hidroxiapatita Vegana,6.37,4.8,256,500,0,Sí,TerraFit360,MercadoLíder Platinum,200,25,1000,100,7,https://www.mercadolibre.com.ve/pagina/terrafit360,"Barinas (Barinas), Barinas",Estética y Belleza,Higiene Personal > Cuidado Bucal > Pastas de Dientes,Estética y Belleza > Higiene Personal > Cuidado Bucal > Pastas de Dientes,Croent,Sin Fluor con Hidroxiapatita,"Marca: Croent | Modelo: Sin Fluor con Hidroxiapatita | Formato de la crema dental: Crema | Volumen neto: 120 mL | Formato de venta: Unidad | Peso neto: 120 g | Sabor: Menta | Beneficios: Reduce manchas, alivia sensibilidad dental, cuidado anti caries, hidroxiapatita, mantiene encías saludables, repara esmalte dental, sin flúor, vegana | Es infantil: Sí | Es libre de gluten: Sí | Cantidad de packs: 1 | Formato de venta: Unidad | Marca: Croent",https://http2.mlstatic.com/D_NQ_NP_2X_687557-MLV111086429699_042026-F.webp,https://articulo.mercadolibre.com.ve/MLV-914839026-crema-dental-croent-menta-sin-fluor-hidroxiapatita-vegana-_JM,https://www.google.com/search?q=%22TerraFit360%22%20Venezuela%20(whatsapp%20OR%20instagram%20OR%20rif%20OR%20telefono%20OR%20tienda),Sí,2026-08-15T08:30:14.740Z
MLV709351128,Peso Balanza Corporal Digital Bluetooth Medidor De Grasa,9.99,4.8,420,500,0,Sí,77 Innovación,MercadoLíder Platinum,10100,100,100000,98,14,https://www.mercadolibre.com.ve/tienda/77-innovacion,"Mun. Sucre (norte), Distrito Capital",Estética y Belleza,Salud > Cuidado de la Salud > Balanzas de Baño,Estética y Belleza > Salud > Cuidado de la Salud > Balanzas de Baño,After Market,After Market,"Marca: After Market | Modelo: After Market | Voltaje: 11V | Materiales de la plataforma: Vidrio templado | Con medidor de grasa corporal: Sí | Con Bluetooth: Sí | Tipo de balanza: Digital | Capacidad máxima de peso: 180 kg | Es pediátrica: No | Tipos de alimentación: 110, USB | Largo: 26 cm | Ancho: 26 cm | Altura: 2,3 cm | Tipo de balanza: Digital | Con Bluetooth: Sí | Ancho: 26 cm | Con medidor de grasa corporal: Sí | Marca: After Market | Altura: 2.3 cm",https://http2.mlstatic.com/D_NQ_NP_2X_705709-MLV54465870261_032023-F.webp,https://articulo.mercadolibre.com.ve/MLV-709351128-peso-balanza-corporal-digital-bluetooth-medidor-de-grasa-_JM,https://www.google.com/search?q=%2277%20Innovaci%C3%B3n%22%20Venezuela%20(whatsapp%20OR%20instagram%20OR%20rif%20OR%20telefono%20OR%20tienda),Sí,2026-08-15T08:30:16.321Z
MLV753269605,Trimmer Patillera Kemei 2299 Batería 1200mah Negro,21.44,4.9,268,500,0,Sí,RENNYJO,MercadoLíder Platinum,1700,500,10000,100,16,https://www.mercadolibre.com.ve/pagina/rennyjo6019,"Pto. Ordaz, Bolívar",Estética y Belleza,Artefactos para el Cabello > Cortadoras de Cabello,Estética y Belleza > Artefactos para el Cabello > Cortadoras de Cabello,Kemei,2299,Marca: Kemei | Línea: KEMEI | Modelo: 2299 | Modelo alfanumérico: KEMEI | Color: Negro | Voltaje: 120/220V | Funciones: Cortadora de pelo | Tipo de alimentación: Batería | Potencia: 5 W | Es apta para viaje: Sí | Es apta para bebés: Sí | Es inalámbrica: Sí | Es inalámbrica: Sí | Marca: Kemei | Potencia: 5 W | Color: Negro | Tipo de alimentación: Batería,https://http2.mlstatic.com/D_NQ_NP_2X_858512-MLV77096863955_062024-F.webp,https://articulo.mercadolibre.com.ve/MLV-753269605-trimmer-patillera-kemei-2299-bateria-1200mah-negro-_JM,https://www.google.com/search?q=%22RENNYJO%22%20Venezuela%20(whatsapp%20OR%20instagram%20OR%20rif%20OR%20telefono%20OR%20tienda),Sí,2026-08-15T08:30:17.136Z
MLV718574744,Pasta Dental Fixodent Original Crema 68g Pack 1,12.09,4.9,284,1000,0,Sí,Vendedores Certificados Salud,MercadoLíder Platinum,2700,1000,50000,99,6,https://www.mercadolibre.com.ve/pagina/feni8200424,"Mun. Sucre (este), Distrito Capital",Estética y Belleza,Higiene Personal > Cuidado Bucal > Pastas de Dientes,Estética y Belleza > Higiene Personal > Cuidado Bucal > Pastas de Dientes,Fixodent,Original,Marca: Fixodent | Modelo: Original | Formato de la crema dental: Crema | Peso neto: 68 kg | Cantidad de packs: 1 | Marca: Fixodent,https://http2.mlstatic.com/D_NQ_NP_2X_764698-MLV50453026490_062022-F.webp,https://articulo.mercadolibre.com.ve/MLV-718574744-pasta-dental-fixodent-original-crema-68g-pack-1-_JM,https://www.google.com/search?q=%22Vendedores%20Certificados%20Salud%22%20Venezuela%20(whatsapp%20OR%20instagram%20OR%20rif%20OR%20telefono%20OR%20tienda),Sí,2026-08-15T08:30:17.604Z
MLV522679620,Plancha Titanium Para Cabello 1 3/4 Azul,15,4.8,177,500,0,Sí,CONSOLESEXPERT,N/A,2100,1000,10000,98,22,https://www.mercadolibre.com.ve/pagina/consolesexpert,"Mun. Libertador (Noreste), Distrito Capital",Estética y Belleza,Artefactos para el Cabello > Planchas de Cabello,Estética y Belleza > Artefactos para el Cabello > Planchas de Cabello,Genérica,Plancha AC0071,"Marca: Genérica | Modelo: Plancha AC0071 | Color: Azul | Voltaje: 120V | Con regulador de temperatura: Sí | Temperatura máxima: 230 °C | Es apta para cabello seco y húmedo: Sí | Es iónica: Sí | Piezas del set: Manual de uso., Plancha para el cabello | Con emisión de vapor: No | Funciones: cable Troquelado giratorio bipolar, Placas brillantes | Temperatura máxima: 230 °C | Color: Azul | Es apta para cabello seco y húmedo: Sí | Marca: Genérica",https://http2.mlstatic.com/D_NQ_NP_2X_959398-MLV49388520718_032022-F.webp,https://articulo.mercadolibre.com.ve/MLV-522679620-plancha-titanium-para-cabello-1-34-azul-_JM,https://www.google.com/search?q=%22CONSOLESEXPERT%22%20Venezuela%20(whatsapp%20OR%20instagram%20OR%20rif%20OR%20telefono%20OR%20tienda),Sí,2026-08-15T08:30:18.848Z
MLV819961152,Rizador Para El Cabello Ondulador Encrespador Rosada,9.5,4.8,112,500,0,Sí,DIGITAL LAPTOP,MercadoLíder Platinum,120,100,5000,99,6,https://www.mercadolibre.com.ve/pagina/digitallaptop,"Mun. Chacao (norte), Distrito Capital",Estética y Belleza,Artefactos para el Cabello > Rizadoras,Estética y Belleza > Artefactos para el Cabello > Rizadoras,Sonar,Sn-8558,Marca: Sonar | Línea: rizador | Modelo: Sn-8558 | Tipo de rizadora: Profesional | Color: Rosada | Voltaje: 5 | Color: Rosada | Marca: Sonar,https://http2.mlstatic.com/D_NQ_NP_2X_687266-MLV81331159427_122024-F.webp,https://articulo.mercadolibre.com.ve/MLV-819961152-rizador-para-el-cabello-ondulador-encrespador-rosada-_JM,https://www.google.com/search?q=%22DIGITAL%20LAPTOP%22%20Venezuela%20(whatsapp%20OR%20instagram%20OR%20rif%20OR%20telefono%20OR%20tienda),Sí,2026-08-15T08:30:19.297Z
MLV495413262,Secador Profesional Supermegaturbo Cabello 27000rpm Original,59.95,4.8,75,500,0,Sí,INVERSIONES-DAVID,MercadoLíder Platinum,810,50,10000,99,10,https://www.mercadolibre.com.ve/pagina/inversiones-david,"Punto Fijo, Falcón",Estética y Belleza,Artefactos para el Cabello > Secadores de Cabello,Estética y Belleza > Artefactos para el Cabello > Secadores de Cabello,Original / Profesional,Italiano,Marca: Original / Profesional | Modelo: Italiano | Voltaje: 120V | Potencia: 2.000 W | Es iónico: Sí | Es cerámico: No | Es profesional: Sí | Con aire frío: Sí | Piezas del set: 4 | Cantidad de velocidades: 2 | Potencia: 2000 W | Marca: Original / Profesional | Cantidad de velocidades: 2,https://http2.mlstatic.com/D_NQ_NP_2X_733072-MLV73772190013_012024-F.webp,https://articulo.mercadolibre.com.ve/MLV-495413262-secador-profesional-supermegaturbo-cabello-27000rpm-original-_JM,https://www.google.com/search?q=%22INVERSIONES-DAVID%22%20Venezuela%20(whatsapp%20OR%20instagram%20OR%20rif%20OR%20telefono%20OR%20tienda),Sí,2026-08-15T08:30:19.765Z
MLV709060990,Dispensador De Botellones Recargable,7.87,4.8,235,500,0,Sí,77 Innovación,MercadoLíder Platinum,10100,100,100000,98,14,https://www.mercadolibre.com.ve/tienda/77-innovacion,"Mun. Sucre (norte), Distrito Capital",Electrodomésticos,Dispensadores y Filtros > Dispensadores de Agua,Electrodomésticos > Dispensadores y Filtros > Dispensadores de Agua,Genérica,KT-077-3,"Marca: Genérica | Modelo: KT-077-3 | Voltaje: 120V | Altura x Ancho x Profundidad: 11 cm x 6.5 cm x 10.5 cm | Lugar de colocación: botellones | Tipos de carga: 110, Usb | Es industrial: No | Incluye filtro: No | Tipos de carga: 110, Usb | Es industrial: No",https://http2.mlstatic.com/D_NQ_NP_2X_783325-MLV77620092911_072024-F.webp,https://articulo.mercadolibre.com.ve/MLV-709060990-dispensador-de-botellones-recargable-_JM,https://www.google.com/search?q=%2277%20Innovaci%C3%B3n%22%20Venezuela%20(whatsapp%20OR%20instagram%20OR%20rif%20OR%20telefono%20OR%20tienda),Sí,2026-08-15T08:30:20.915Z
MLV828086310,Trampa De Aceite Oil Catch Can,27,4.9,476,1000,0,Sí,RS STORE,MercadoLíder Platinum,7500,100,50000,99,12,https://www.mercadolibre.com.ve/tienda/rs-store,"Barquisimeto, Lara",Accesorios para Vehículos,Repuestos Carros y Camionetas > Filtros > Filtros de Aceite,Accesorios para Vehículos > Repuestos Carros y Camionetas > Filtros > Filtros de Aceite,RS,N/A,Marca: RS | Número de pieza: xx | Tipo de vehículo: Carro/Camioneta,https://http2.mlstatic.com/D_NQ_NP_2X_859864-MLV82535921113_022025-F.webp,https://articulo.mercadolibre.com.ve/MLV-828086310-trampa-de-aceite-oil-catch-can-_JM,https://www.google.com/search?q=%22RS%20STORE%22%20Venezuela%20Barquisimeto%20(whatsapp%20OR%20instagram%20OR%20rif%20OR%20telefono%20OR%20tienda),Sí,2026-08-16T23:30:38.856Z
MLV738212001,Filtro De Gasolina 619 Aveo/ Optra/ Spark / Chery / Epica,3,4.9,49,1000,0,Sí,REPUESTOS MAPOR CA,MercadoLíder Platinum,430,500,5000,100,3,https://www.mercadolibre.com.ve/pagina/repuestosmapor,"Mun. Libertador (Centro), Distrito Capital",Accesorios para Vehículos,Repuestos Carros y Camionetas > Filtros > Filtros de Gasolina,Accesorios para Vehículos > Repuestos Carros y Camionetas > Filtros > Filtros de Gasolina,Hammer,Gasolina,Marca: Hammer | Modelo: Gasolina | Número de pieza: 619 | Diámetro de entrada: 8 mm | Diámetro de salida: 8 mm | Tipo de vehículo: Carro/Camioneta,https://http2.mlstatic.com/D_NQ_NP_2X_709535-MLV53857715664_022023-F.webp,https://articulo.mercadolibre.com.ve/MLV-738212001-filtro-de-gasolina-619-aveo-optra-spark-chery-epica-_JM,https://www.google.com/search?q=%22REPUESTOS%20MAPOR%20CA%22%20Venezuela%20Mun.%20Libertador%20(Centro)%20(whatsapp%20OR%20instagram%20OR%20rif%20OR%20telefono%20OR%20tienda),Sí,2026-08-16T23:30:40.466Z
MLV582369908,Filtro Gasolina Aveo Optra Corsa Spark Epica Cruze Luv Dmax,3.2,4.8,114,500,0,Sí,goel1587650,MercadoLíder Platinum,5300,1000,50000,99,10,https://www.mercadolibre.com.ve/pagina/goel1587650,"Barquisimeto, Lara",Accesorios para Vehículos,Repuestos Carros y Camionetas > Filtros > Filtros de Gasolina,Accesorios para Vehículos > Repuestos Carros y Camionetas > Filtros > Filtros de Gasolina,CAP,33850,Marca: CAP | Modelo: 33850 | Número de pieza: 96391875 | Tipo de vehículo: Carro/Camioneta,https://http2.mlstatic.com/D_NQ_NP_2X_973132-MLV115383756429_072026-F.webp,https://articulo.mercadolibre.com.ve/MLV-582369908-filtro-gasolina-aveo-optra-corsa-spark-epica-cruze-luv-dmax-_JM,https://www.google.com/search?q=%22goel1587650%22%20Venezuela%20(whatsapp%20OR%20instagram%20OR%20rif%20OR%20telefono%20OR%20tienda),Sí,2026-08-15T08:30:22.268Z
MLV745547142,Filtro Aceite Aveo/optra/corsa Gm,3.38,4.9,78,500,0,Sí,Distribuidora La Urichunera,MercadoLíder Platinum,2500,1000,10000,99,4,https://www.mercadolibre.com.ve/pagina/distribuidoralaurichunera,"Valle De La Pascua, Guárico",Accesorios para Vehículos,Repuestos Carros y Camionetas > Filtros > Filtros de Aceite,Accesorios para Vehículos > Repuestos Carros y Camionetas > Filtros > Filtros de Aceite,GM,AVEO/OPTRA/CORSA,Marca: GM | Modelo: AVEO/OPTRA/CORSA | Número de pieza: 96879797 | Cantidad de packs: 1 | Tipo de filtro de aceite: Blindado | Tipo de vehículo: Carro/Camioneta,https://http2.mlstatic.com/D_NQ_NP_2X_648540-MLV89090527606_082025-F.webp,https://articulo.mercadolibre.com.ve/MLV-745547142-filtro-aceite-aveooptracorsa-gm-_JM,https://www.google.com/search?q=%22Distribuidora%20La%20Urichunera%22%20Venezuela%20(whatsapp%20OR%20instagram%20OR%20rif%20OR%20telefono%20OR%20tienda),Sí,2026-08-15T08:30:22.756Z
MLV740547968,Pila Gasolina + Filtro 2068 Aveo Optra Corsa Spark Carbon,9.99,4.8,811,1000,0,Sí,CARROCERIAS ABOGCARS DEL ESTE,MercadoLíder Platinum,7000,500,10000,99,15,https://www.mercadolibre.com.ve/tienda/carrocerias-abogcars-del-este,"Barquisimeto, Lara",Accesorios para Vehículos,Repuestos Carros y Camionetas > Motor > Bombas > Bombas de Gasolina,Accesorios para Vehículos > Repuestos Carros y Camionetas > Motor > Bombas > Bombas de Gasolina,ANPPAR,N/A,Marca: ANPPAR | Número de pieza: 2068 | Tipo de combustible: Gasolina | Tipo de vehículo: Carro/Camioneta | Es eléctrica: Sí | Incluye filtro: Sí,https://http2.mlstatic.com/D_NQ_NP_2X_929480-MLV92590381409_092025-F.webp,https://articulo.mercadolibre.com.ve/MLV-740547968-pila-gasolina-filtro-2068-aveo-optra-corsa-spark-carbon-_JM,https://www.google.com/search?q=%22CARROCERIAS%20ABOGCARS%20DEL%20ESTE%22%20Venezuela%20Barquisimeto%20(whatsapp%20OR%20instagram%20OR%20rif%20OR%20telefono%20OR%20tienda),Sí,2026-08-16T23:30:35.661Z
MLV576809423,Pila Gasolina Chevrolet Aveo / Optra / Spark / Idea / Lancer,12.99,4.9,362,1000,0,Sí,Vendido por AUTOPARTESKRP,MercadoLíder Platinum,N/A,10000,50000,99,11,https://listado.mercadolibre.com.ve/_CustId_189282699,"Mun. Sucre (este), Distrito Capital",Accesorios para Vehículos,Repuestos Carros y Camionetas > Motor > Bombas > Bombas de Gasolina,Accesorios para Vehículos > Repuestos Carros y Camionetas > Motor > Bombas > Bombas de Gasolina,Hammer carbon,N/A,Marca: Hammer carbon | Número de pieza: E2068 | Tipo de combustible: Gasolina | Tipo de vehículo: Carro/Camioneta | Es eléctrica: Sí | Incluye filtro: Sí | Incluye kit de montaje: Sí | Incluye junta o sello: Sí,https://http2.mlstatic.com/D_NQ_NP_2X_620069-MLV91138499779_082025-F.webp,https://articulo.mercadolibre.com.ve/MLV-576809423-pila-gasolina-chevrolet-aveo-optra-spark-idea-lancer-_JM,https://www.google.com/search?q=%22Vendido%20por%20AUTOPARTESKRP%22%20Venezuela%20Mun.%20Sucre%20(este)%20(whatsapp%20OR%20instagram%20OR%20rif%20OR%20telefono%20OR%20tienda),Sí,2026-08-16T23:30:39.379Z
MLV740525076,Cartucho De Celulosa Polipropileno 20''x2.5'' 5 Micras Blanco,6.7,4.9,84,500,0,Sí,hidropumpca,MercadoLíder Platinum,420,500,5000,99,14,https://www.mercadolibre.com.ve/pagina/hidropump_ca,"San Diego (San Diego), Carabobo",Electrodomésticos,Dispensadores y Filtros > Filtros de Agua,Electrodomésticos > Dispensadores y Filtros > Filtros de Agua,BLU,PP 20X2.5,Marca: BLU | Modelo: PP 20X2.5 | Color: Blanco,https://http2.mlstatic.com/D_NQ_NP_2X_800908-MLV71031263937_082023-F.webp,https://articulo.mercadolibre.com.ve/MLV-740525076-cartucho-de-celulosa-polipropileno-20x25-5-micras-blanco-_JM,https://www.google.com/search?q=%22hidropumpca%22%20Venezuela%20(whatsapp%20OR%20instagram%20OR%20rif%20OR%20telefono%20OR%20tienda),Sí,2026-08-15T08:30:24.402Z
MLV563713075,Pila Gasolina Chevrolet Aveo / Optra / Spark Corsa Palio,12.99,4.8,17,1000,0,Sí,Vendido por AUTOPARTESKRP,MercadoLíder Platinum,N/A,10000,50000,99,11,https://listado.mercadolibre.com.ve/_CustId_189282699,"Mun. Sucre (este), Distrito Capital",Accesorios para Vehículos,Repuestos Carros y Camionetas > Motor > Bombas > Bombas de Gasolina,Accesorios para Vehículos > Repuestos Carros y Camionetas > Motor > Bombas > Bombas de Gasolina,Hammer,N/A,Marca: Hammer | Número de pieza: E2068 | Tipo de combustible: Gasolina | Tipo de vehículo: Carro/Camioneta | Es eléctrica: Sí | Incluye filtro: Sí | Incluye kit de montaje: Sí | Incluye junta o sello: Sí,https://http2.mlstatic.com/D_NQ_NP_2X_879759-MLV91137573155_082025-F.webp,https://articulo.mercadolibre.com.ve/MLV-563713075-pila-gasolina-chevrolet-aveo-optra-spark-corsa-palio-_JM,https://www.google.com/search?q=%22Vendido%20por%20AUTOPARTESKRP%22%20Venezuela%20Mun.%20Sucre%20(este)%20(whatsapp%20OR%20instagram%20OR%20rif%20OR%20telefono%20OR%20tienda),Sí,2026-08-16T23:30:56.345Z
MLV744972426,Cartucho De Celulosa Polipropileno 20''x2.5'' 1 Micra Blanco,6.7,4.9,71,500,0,Sí,hidropumpca,MercadoLíder Platinum,420,500,5000,99,14,https://www.mercadolibre.com.ve/pagina/hidropump_ca,"San Diego (San Diego), Carabobo",Electrodomésticos,Dispensadores y Filtros > Filtros de Agua,Electrodomésticos > Dispensadores y Filtros > Filtros de Agua,BLU,20''x2.5'',Marca: BLU | Modelo: 20''x2.5'' | Color: Blanco,https://http2.mlstatic.com/D_NQ_NP_2X_990634-MLV71031606233_082023-F.webp,https://articulo.mercadolibre.com.ve/MLV-744972426-cartucho-de-celulosa-polipropileno-20x25-1-micra-blanco-_JM,https://www.google.com/search?q=%22hidropumpca%22%20Venezuela%20(whatsapp%20OR%20instagram%20OR%20rif%20OR%20telefono%20OR%20tienda),Sí,2026-08-15T08:30:26.309Z
MLV783143712,Filtro Gasolina Chevrolet Aveo / Corsa / Optra / Spark,2.7,4.9,65,500,0,Sí,PACA20231228094206,MercadoLíder Platinum,1200,500,10000,100,2,https://www.mercadolibre.com.ve/pagina/paca20231228094206,"Mun. Baruta (norte), Distrito Capital",Accesorios para Vehículos,Repuestos Carros y Camionetas > Filtros > Filtros de Gasolina,Accesorios para Vehículos > Repuestos Carros y Camionetas > Filtros > Filtros de Gasolina,FUEL FILTER,96537170,Marca: FUEL FILTER | Modelo: 96537170 | Número de pieza: 96537170 | Cantidad de packs: 1 | Formato de venta: Unidad | Tipo de vehículo: Carro/Camioneta,https://http2.mlstatic.com/D_NQ_NP_2X_635512-MLV110163236523_042026-F.webp,https://articulo.mercadolibre.com.ve/MLV-783143712-filtro-gasolina-chevrolet-aveo-corsa-optra-spark-_JM,https://www.google.com/search?q=%22PACA20231228094206%22%20Venezuela%20(whatsapp%20OR%20instagram%20OR%20rif%20OR%20telefono%20OR%20tienda),Sí,2026-08-15T08:30:26.875Z
MLV715914749,Microfiltros Universal Para Inyectores (100 Unidades),9,4.9,142,1000,0,Sí,INVERSIONES NICOCARS,MercadoLíder Platinum,480,100,5000,99,20,https://www.mercadolibre.com.ve/pagina/inversionesnicocars,"Mun. El Hatillo (sur), Distrito Capital",Accesorios para Vehículos,Repuestos Carros y Camionetas > Filtros > Otros Filtros,Accesorios para Vehículos > Repuestos Carros y Camionetas > Filtros > Otros Filtros,Quality,N/A,Marca: Quality | Número de pieza: Microfiltro Universal,https://http2.mlstatic.com/D_NQ_NP_2X_803729-MLV51136959632_082022-F.webp,https://articulo.mercadolibre.com.ve/MLV-715914749-microfiltros-universal-para-inyectores-100-unidades-_JM,https://www.google.com/search?q=%22INVERSIONES%20NICOCARS%22%20Venezuela%20(whatsapp%20OR%20instagram%20OR%20rif%20OR%20telefono%20OR%20tienda),Sí,2026-08-15T08:30:28.040Z
MLV707583916,Filtro Aceite Ford Fiesta Power Move Max Titanium Ka Focus,7,4.8,131,500,0,Sí,Vendido por MULTIREPUESTOS298,MercadoLíder Platinum,N/A,10000,50000,99,10,https://listado.mercadolibre.com.ve/_CustId_218724581,"Mun. Baruta (central), Distrito Capital",Accesorios para Vehículos,Repuestos Carros y Camionetas > Filtros > Filtros de Aceite,Accesorios para Vehículos > Repuestos Carros y Camionetas > Filtros > Filtros de Aceite,Motorcraft,FORD FIESTA 2006 2007 2008 2009 2010 2011 2012 2013POWER MOVE MAX TITANIUM KA FOCUS FORD RANGER FIESTA KA FOCUS ECOSPORT 1.6 KK KJ,Marca: Motorcraft | Modelo: FORD FIESTA 2006 2007 2008 2009 2010 2011 2012 2013POWER MOVE MAX TITANIUM KA FOCUS FORD RANGER FIESTA KA FOCUS ECOSPORT 1.6 KK KJ | Número de pieza: FL-400S | Cantidad de packs: 1 | Formato de venta: Unidad | Tipo de filtro de aceite: Blindado | Tipo de vehículo: Carro/Camioneta | Incluye aceite: No | Código OEM: FL-400S,https://http2.mlstatic.com/D_NQ_NP_2X_673831-MLV74406648969_022024-F.webp,https://articulo.mercadolibre.com.ve/MLV-707583916-filtro-aceite-ford-fiesta-power-move-max-titanium-ka-focus-_JM,https://www.google.com/search?q=%22Vendido%20por%20MULTIREPUESTOS298%22%20Venezuela%20(whatsapp%20OR%20instagram%20OR%20rif%20OR%20telefono%20OR%20tienda),Sí,2026-08-15T08:30:28.456Z
MLV723537117,Filtro Gasolina Toyota Fortunner 4.0 Hilux 2006 2018,5,5,2,1000,0,Sí,DRC,MercadoLíder Platinum,2000,100,10000,100,19,https://www.mercadolibre.com.ve/tienda/drc,"Valencia (Valencia), Carabobo",Accesorios para Vehículos,Repuestos Carros y Camionetas > Filtros > Filtros de Gasolina,Accesorios para Vehículos > Repuestos Carros y Camionetas > Filtros > Filtros de Gasolina,Toyota,N/A,Marca: Toyota | Número de pieza: 23300-75140 | Tipo de vehículo: Carro/Camioneta | Código OEM: 96335719,https://http2.mlstatic.com/D_NQ_NP_2X_819729-MLV94953133969_102025-F.webp,https://articulo.mercadolibre.com.ve/MLV-723537117-filtro-gasolina-toyota-fortunner-40-hilux-2006-2018-_JM,https://www.google.com/search?q=%22DRC%22%20Venezuela%20(whatsapp%20OR%20instagram%20OR%20rif%20OR%20telefono%20OR%20tienda),Sí,2026-08-15T08:30:28.886Z
MLV749242471,Centro Rin Corolla Gli Sapito Sensación Pantallita Yaris Plateado,3,4.9,118,1000,0,Sí,AUTO ACCESORIOS DEL CENTRO,MercadoLíder Platinum,3200,100,10000,100,10,https://www.mercadolibre.com.ve/pagina/auto_accesorios_del_centro6506,"Barquisimeto, Lara",Accesorios para Vehículos,Acc. para Carros y Camionetas > Accesorios de Exterior > Tazas,Accesorios para Vehículos > Acc. para Carros y Camionetas > Accesorios de Exterior > Tazas,Toyota,N/A,"Marca: Toyota | Número de pieza: 1 | Color: Plateado | Tipo de vehículo: Carro/Camioneta | Tipo de taza: Completa | Material: Plástico | Diámetro: 14 "" | Origen: Japón | Es asegurable: No",https://http2.mlstatic.com/D_NQ_NP_2X_641465-MLV75009548383_032024-F.webp,https://articulo.mercadolibre.com.ve/MLV-749242471-centro-rin-corolla-gli-sapito-sensacion-pantallita-yaris-plateado-_JM,https://www.google.com/search?q=%22AUTO%20ACCESORIOS%20DEL%20CENTRO%22%20Venezuela%20Barquisimeto%20(whatsapp%20OR%20instagram%20OR%20rif%20OR%20telefono%20OR%20tienda),Sí,2026-08-16T23:30:25.133Z
MLV751904253,Reloj Medidor De Temperatura Voltaje Vehiculos 12v 24v Lcd Negro,14.98,4.8,505,1000,0,Sí,RS STORE,MercadoLíder Platinum,7500,100,50000,99,12,https://www.mercadolibre.com.ve/tienda/rs-store,"Barquisimeto, Lara",...,Acc. para Carros y Camionetas > Accesorios de Interior > Instrumental > Relojes > Tacómetros,... > Acc. para Carros y Camionetas > Accesorios de Interior > Instrumental > Relojes > Tacómetros,RS AUTO PARTS,N/A,Marca: RS AUTO PARTS | Número de pieza: xxxx | Color: Negro | Tipo de vehículo: Carro/Camioneta | Tecnología: Digital,https://http2.mlstatic.com/D_NQ_NP_2X_616325-MLV73141255990_122023-F.webp,https://articulo.mercadolibre.com.ve/MLV-751904253-reloj-medidor-de-temperatura-voltaje-vehiculos-12v-24v-lcd-negro-_JM,https://www.google.com/search?q=%22RS%20STORE%22%20Venezuela%20Barquisimeto%20(whatsapp%20OR%20instagram%20OR%20rif%20OR%20telefono%20OR%20tienda),Sí,2026-08-16T23:30:41.068Z
MLV764489623,Cinta De Remolque Tuning Tow Strap Índigo,4.5,4.9,58,500,0,Sí,RS STORE,MercadoLíder Platinum,7400,100,50000,99,12,https://www.mercadolibre.com.ve/tienda/rs-store,"Barquisimeto, Lara",Accesorios para Vehículos,Acc. para Carros y Camionetas > Accesorios de Exterior > Cintas de Remolque,Accesorios para Vehículos > Acc. para Carros y Camionetas > Accesorios de Exterior > Cintas de Remolque,RS AUTO PARTS,N/A,Marca: RS AUTO PARTS | Número de pieza: XX | Color: Índigo | Tipo de vehículo: Carro/Camioneta,https://http2.mlstatic.com/D_NQ_NP_2X_901852-MLV78097952273_072024-F.webp,https://articulo.mercadolibre.com.ve/MLV-764489623-cinta-de-remolque-tuning-tow-strap-indigo-_JM,https://www.google.com/search?q=%22RS%20STORE%22%20Venezuela%20(whatsapp%20OR%20instagram%20OR%20rif%20OR%20telefono%20OR%20tienda),Sí,2026-08-15T08:30:30.687Z
MLV739391816,Reloj Medidor De Temperatura Voltaje Para Vehiculos 12v 24v,11.99,4.8,0,1000,0,Sí,Pendiente,Pendiente,N/A,N/A,N/A,N/A,N/A,,Pendiente,N/A,N/A,N/A,N/A,N/A,N/A,https://http2.mlstatic.com/D_Q_NP_2X_627400-MLV54061913317_022023-E.webp,https://articulo.mercadolibre.com.ve/MLV-739391816-reloj-medidor-de-temperatura-voltaje-para-vehiculos-12v-24v-_JM,,No,2026-08-16T23:30:44.513Z
MLV767867813,Tow Strap Cinta De Remolque Jdm Tunning Sparco Momo Bride Negro,3.5,5,67,500,0,Sí,FULL IMPORT-2020,MercadoLíder Platinum,2300,100,10000,100,11,https://www.mercadolibre.com.ve/pagina/fullimport-2020,"Pto. La Cruz, Anzoátegui",Accesorios para Vehículos,Acc. para Carros y Camionetas > Accesorios de Exterior > Cintas de Remolque,Accesorios para Vehículos > Acc. para Carros y Camionetas > Accesorios de Exterior > Cintas de Remolque,Umbranded,bordado,"Marca: Umbranded | Número de pieza: 00044 | Modelo: bordado | Color: Negro | Largo x Ancho: 25 cm x 5 cm | Tipo de vehículo: Carro/Camioneta | Peso máximo soportado: 2 t | Diámetro del agujero: 1,5 cm | Origen: China",https://http2.mlstatic.com/D_NQ_NP_2X_915887-MLV80308677674_112024-F.webp,https://articulo.mercadolibre.com.ve/MLV-767867813-tow-strap-cinta-de-remolque-jdm-tunning-sparco-momo-bride-negro-_JM,https://www.google.com/search?q=%22FULL%20IMPORT-2020%22%20Venezuela%20(whatsapp%20OR%20instagram%20OR%20rif%20OR%20telefono%20OR%20tienda),Sí,2026-08-15T08:30:32.028Z
MLV727953312,Copa Centro Tap Rin Silverado 1999-2007 -2014 Cromadas,13.5,5,140,1000,0,Sí,ALEXSTOREVECOLMENAREZ,MercadoLíder Platinum,520,100,5000,99,5,https://www.mercadolibre.com.ve/pagina/alexstorevecolmenarez,"Barquisimeto, Lara",Accesorios para Vehículos,Acc. para Carros y Camionetas > Accesorios de Exterior > Tazas,Accesorios para Vehículos > Acc. para Carros y Camionetas > Accesorios de Exterior > Tazas,Pernali GMC,N/A,Marca: Pernali GMC | Número de pieza: 22837059 | Tipo de vehículo: Carro/Camioneta | Tipo de taza: Central | Material: Plástico | Origen: Taiwán | Es asegurable: Sí,https://http2.mlstatic.com/D_NQ_NP_2X_751092-MLV112261944266_062026-F.webp,https://articulo.mercadolibre.com.ve/MLV-727953312-copa-centro-tap-rin-silverado-1999-2007-2014-cromadas-_JM,https://www.google.com/search?q=%22ALEXSTOREVECOLMENAREZ%22%20Venezuela%20Barquisimeto%20(whatsapp%20OR%20instagram%20OR%20rif%20OR%20telefono%20OR%20tienda),Sí,2026-08-16T23:30:36.962Z
MLV743687654,Tuercas De Seguridad Blox 12x1.5 Tipo Puas,22.5,4.7,14,1000,0,Sí,RS STORE,MercadoLíder Platinum,7500,100,50000,99,12,https://www.mercadolibre.com.ve/tienda/rs-store,"Barquisimeto, Lara",Accesorios para Vehículos,Seguridad Vehicular > Antirrobos de Ruedas,Accesorios para Vehículos > Seguridad Vehicular > Antirrobos de Ruedas,Blox,N/A,Marca: Blox | Tipo de vehículo: Carro/Camioneta,https://http2.mlstatic.com/D_NQ_NP_2X_934741-MLV54765563433_032023-F.webp,https://articulo.mercadolibre.com.ve/MLV-743687654-tuercas-de-seguridad-blox-12x15-tipo-puas-_JM,https://www.google.com/search?q=%22RS%20STORE%22%20Venezuela%20Barquisimeto%20(whatsapp%20OR%20instagram%20OR%20rif%20OR%20telefono%20OR%20tienda),Sí,2026-08-16T23:30:28.377Z
MLV548209873,Tapas Parrilla Paral Techo 4runner 2003 2005 2006 2007 2008,13.99,4.9,176,500,0,Sí,JA AUTOPARTES,MercadoLíder Platinum,1300,1000,10000,100,18,https://www.mercadolibre.com.ve/pagina/j.a.autopartes,"Mun. Libertador (Noreste), Distrito Capital",Accesorios para Vehículos,Acc. para Carros y Camionetas > Otros,Accesorios para Vehículos > Acc. para Carros y Camionetas > Otros,Genérica,N/A,Marca: Genérica | Número de pieza: . | Tipo de vehículo: Carro/Camioneta | Origen: Asia | Incluye herrajes de montaje: Sí | Porcentaje de visiblidad: 100 %,https://http2.mlstatic.com/D_NQ_NP_2X_927047-MLV99137752816_112025-F.webp,https://articulo.mercadolibre.com.ve/MLV-548209873-tapas-parrilla-paral-techo-4runner-2003-2005-2006-2007-2008-_JM,https://www.google.com/search?q=%22JA%20AUTOPARTES%22%20Venezuela%20(whatsapp%20OR%20instagram%20OR%20rif%20OR%20telefono%20OR%20tienda),Sí,2026-08-15T08:30:33.724Z
MLV850263990,Tope De Puerta Protector Decorativo Varias Marcas Set 4 Pcs,2.5,4.9,285,1000,0,Sí,FULL IMPORT-2020,MercadoLíder Platinum,2400,100,10000,100,11,https://www.mercadolibre.com.ve/pagina/fullimport-2020,"Pto. La Cruz, Anzoátegui",Accesorios para Vehículos,Acc. para Carros y Camionetas > Accesorios de Exterior > Embellecedores > Otros,Accesorios para Vehículos > Acc. para Carros y Camionetas > Accesorios de Exterior > Embellecedores > Otros,door giaurd,N/A,Marca: door giaurd | Número de pieza: 4 | Tipo de vehículo: Carro/Camioneta | Origen: China | Es inflamable: No,https://http2.mlstatic.com/D_NQ_NP_2X_794347-MLV92120655555_092025-F.webp,https://articulo.mercadolibre.com.ve/MLV-850263990-tope-de-puerta-protector-decorativo-varias-marcas-set-4-pcs-_JM,https://www.google.com/search?q=%22FULL%20IMPORT-2020%22%20Venezuela%20Pto.%20La%20Cruz%20(whatsapp%20OR%20instagram%20OR%20rif%20OR%20telefono%20OR%20tienda),Sí,2026-08-16T23:30:30.673Z
MLV739373960,Selenoide Universal De 2 Y 5 Cables,3,4.8,313,1000,0,Sí,RS STORE,MercadoLíder Platinum,7500,100,50000,99,12,https://www.mercadolibre.com.ve/tienda/rs-store,"Barquisimeto, Lara",Accesorios para Vehículos,Acc. para Carros y Camionetas > Otros,Accesorios para Vehículos > Acc. para Carros y Camionetas > Otros,RS AUTO PARTS,N/A,Marca: RS AUTO PARTS,https://http2.mlstatic.com/D_NQ_NP_2X_693209-MLV54061713436_022023-F.webp,https://articulo.mercadolibre.com.ve/MLV-739373960-selenoide-universal-de-2-y-5-cables-_JM,https://www.google.com/search?q=%22RS%20STORE%22%20Venezuela%20Barquisimeto%20(whatsapp%20OR%20instagram%20OR%20rif%20OR%20telefono%20OR%20tienda),Sí,2026-08-16T23:30:35.073Z
MLV813380696,Forro Cobertor De Vehiculos Impermeable Talla L,29.97,4.8,608,1000,0,Sí,RS STORE,MercadoLíder Platinum,7500,100,50000,99,12,https://www.mercadolibre.com.ve/tienda/rs-store,"Barquisimeto, Lara",Accesorios para Vehículos,Acc. para Carros y Camionetas > Accesorios de Exterior > Forros de Carros > Forros Cobertores,Accesorios para Vehículos > Acc. para Carros y Camionetas > Accesorios de Exterior > Forros de Carros > Forros Cobertores,RS AUTO PARTS,TALLA L,Marca: RS AUTO PARTS | Modelo: TALLA L | Largo x Ancho: 111 m x 111 m | Tipo de vehículo: Carro/Camioneta,https://http2.mlstatic.com/D_NQ_NP_2X_841561-MLV79722678822_102024-F.webp,https://articulo.mercadolibre.com.ve/MLV-813380696-forro-cobertor-de-vehiculos-impermeable-talla-l-_JM,https://www.google.com/search?q=%22RS%20STORE%22%20Venezuela%20Barquisimeto%20(whatsapp%20OR%20instagram%20OR%20rif%20OR%20telefono%20OR%20tienda),Sí,2026-08-16T23:30:39.986Z
MLV745262662,Kit De Aletas De Tiburon Para Vehiculos Tuning,7.5,4.9,192,1000,0,Sí,RS STORE,MercadoLíder Platinum,7500,100,50000,99,12,https://www.mercadolibre.com.ve/tienda/rs-store,"Barquisimeto, Lara",Accesorios para Vehículos,Acc. para Carros y Camionetas > Accesorios de Exterior > Embellecedores > Otros,Accesorios para Vehículos > Acc. para Carros y Camionetas > Accesorios de Exterior > Embellecedores > Otros,RS AUTO PARTS,N/A,Marca: RS AUTO PARTS,https://http2.mlstatic.com/D_NQ_NP_2X_989516-MLV54911010838_042023-F.webp,https://articulo.mercadolibre.com.ve/MLV-745262662-kit-de-aletas-de-tiburon-para-vehiculos-tuning-_JM,https://www.google.com/search?q=%22RS%20STORE%22%20Venezuela%20Barquisimeto%20(whatsapp%20OR%20instagram%20OR%20rif%20OR%20telefono%20OR%20tienda),Sí,2026-08-16T23:30:44.051Z
MLV768246285,"Centro Tapa De Rin Chevrolet Optra, Epica, Captiva. Negro",3,4.8,75,500,0,Sí,Cars Nation,MercadoLíder Platinum,500,100,10000,99,10,https://www.mercadolibre.com.ve/pagina/carstao,"Girardot (Maracay), Aragua",Accesorios para Vehículos,Acc. para Carros y Camionetas > Accesorios de Exterior > Tazas,Accesorios para Vehículos > Acc. para Carros y Camionetas > Accesorios de Exterior > Tazas,Chevrolet,N/A,"Marca: Chevrolet | Número de pieza: 36386654 | Color: Negro | Tipo de vehículo: Carro/Camioneta | Tipo de taza: Central | Material: ABS | Diámetro: 6 """,https://http2.mlstatic.com/D_NQ_NP_2X_806535-MLV80837486722_122024-F.webp,https://articulo.mercadolibre.com.ve/MLV-768246285-centro-tapa-de-rin-chevrolet-optra-epica-captiva-negro-_JM,https://www.google.com/search?q=%22Cars%20Nation%22%20Venezuela%20(whatsapp%20OR%20instagram%20OR%20rif%20OR%20telefono%20OR%20tienda),Sí,2026-08-15T08:30:36.547Z
MLV807431088,Aleta De Tiburón Mini Tunning Para Vehiculo Negra / Fibra Ca,7,4.9,98,500,0,Sí,invjohsnecarsca,MercadoLíder Platinum,390,500,5000,100,12,https://www.mercadolibre.com.ve/pagina/inv.johsnecarsc.a.,"Girardot (Maracay), Aragua",Accesorios para Vehículos,Acc. para Carros y Camionetas > Accesorios de Exterior > Otros,Accesorios para Vehículos > Acc. para Carros y Camionetas > Accesorios de Exterior > Otros,TYPER,N/A,Marca: TYPER | Número de pieza: 10 | Tipo de vehículo: Carro/Camioneta | Incluye herrajes de montaje: Sí,https://http2.mlstatic.com/D_NQ_NP_2X_975873-MLV93486412678_102025-F.webp,https://articulo.mercadolibre.com.ve/MLV-807431088-aleta-de-tiburon-mini-tunning-para-vehiculo-negra-fibra-ca-_JM,https://www.google.com/search?q=%22invjohsnecarsca%22%20Venezuela%20(whatsapp%20OR%20instagram%20OR%20rif%20OR%20telefono%20OR%20tienda),Sí,2026-08-15T08:30:37.216Z
MLV761168798,Pega Uretano Parabrisas Negro Poliuretano,6.99,4.8,230,1000,0,Sí,Vendido por PARTS.ALL,MercadoLíder Platinum,N/A,50,5000,100,7,https://listado.mercadolibre.com.ve/_CustId_427657127,"Mun. Chacao (norte), Distrito Capital",Accesorios para Vehículos,Acc. para Carros y Camionetas > Otros,Accesorios para Vehículos > Acc. para Carros y Camionetas > Otros,Uflex,N/A,Marca: Uflex,https://http2.mlstatic.com/D_NQ_NP_2X_963097-MLV107812965358_032026-F.webp,https://articulo.mercadolibre.com.ve/MLV-761168798-pega-uretano-parabrisas-negro-poliuretano-_JM,https://www.google.com/search?q=%22Vendido%20por%20PARTS.ALL%22%20Venezuela%20Mun.%20Chacao%20(norte)%20(whatsapp%20OR%20instagram%20OR%20rif%20OR%20telefono%20OR%20tienda),Sí,2026-08-16T23:30:46.690Z
MLV828503868,Acople Adaptador Para Reloj Temperatura 26 28 30 32 Y 34mm,5,4.9,145,500,0,Sí,RS STORE,MercadoLíder Platinum,7400,100,50000,99,12,https://www.mercadolibre.com.ve/tienda/rs-store,"Barquisimeto, Lara",Accesorios para Vehículos,Acc. para Carros y Camionetas > Accesorios de Interior > Otros,Accesorios para Vehículos > Acc. para Carros y Camionetas > Accesorios de Interior > Otros,RS,N/A,Marca: RS | Número de pieza: RS,https://http2.mlstatic.com/D_NQ_NP_2X_704314-MLV82306648394_022025-F.webp,https://articulo.mercadolibre.com.ve/MLV-828503868-acople-adaptador-para-reloj-temperatura-26-28-30-32-y-34mm-_JM,https://www.google.com/search?q=%22RS%20STORE%22%20Venezuela%20(whatsapp%20OR%20instagram%20OR%20rif%20OR%20telefono%20OR%20tienda),Sí,2026-08-15T08:30:38.804Z
MLV735570143,Botón Seguro Puerta Silverado Tahoe Avalanche C3500 07-14,4.99,4.8,0,1000,0,Sí,Pendiente,Pendiente,N/A,N/A,N/A,N/A,N/A,,Pendiente,N/A,N/A,N/A,N/A,N/A,N/A,https://http2.mlstatic.com/D_Q_NP_2X_870601-MLV53516659793_012023-E.webp,https://articulo.mercadolibre.com.ve/MLV-735570143-boton-seguro-puerta-silverado-tahoe-avalanche-c3500-07-14-_JM,,No,2026-08-16T23:30:58.404Z
MLV755842929,Copas Tapa Tazas Centro Rin Aveo Original Plateado,5,4.9,143,500,0,Sí,AUTO ACCESORIOS DEL CENTRO,MercadoLíder Platinum,3200,100,10000,100,10,https://www.mercadolibre.com.ve/pagina/auto_accesorios_del_centro6506,"Barquisimeto, Lara",Accesorios para Vehículos,Acc. para Carros y Camionetas > Accesorios de Exterior > Tazas,Accesorios para Vehículos > Acc. para Carros y Camionetas > Accesorios de Exterior > Tazas,GM,N/A,"Marca: GM | Número de pieza: 2 | Color: Plateado | Tipo de vehículo: Carro/Camioneta | Tipo de taza: Central | Material: Plástico | Diámetro: 5,5 "" | Origen: China | Es asegurable: Sí",https://http2.mlstatic.com/D_NQ_NP_2X_713726-MLV74775727618_032024-F.webp,https://articulo.mercadolibre.com.ve/MLV-755842929-copas-tapa-tazas-centro-rin-aveo-original-plateado-_JM,https://www.google.com/search?q=%22AUTO%20ACCESORIOS%20DEL%20CENTRO%22%20Venezuela%20(whatsapp%20OR%20instagram%20OR%20rif%20OR%20telefono%20OR%20tienda),Sí,2026-08-15T08:30:39.778Z
MLV795726538,Centro Rin De Ford Explorer 2007 /08/09/2010 /2012 + C/u Gris,2.5,5,98,500,0,Sí,ALEXSTOREVECOLMENAREZ,MercadoLíder Platinum,520,100,5000,99,5,https://www.mercadolibre.com.ve/pagina/alexstorevecolmenarez,"Barquisimeto, Lara",Accesorios para Vehículos,Acc. para Carros y Camionetas > Accesorios de Exterior > Tazas,Accesorios para Vehículos > Acc. para Carros y Camionetas > Accesorios de Exterior > Tazas,RSP,N/A,Marca: RSP | Número de pieza: 6F2Z-1130-B | Color: Gris | Tipo de vehículo: Carro/Camioneta | Tipo de taza: Central | Material: Plástico,https://http2.mlstatic.com/D_NQ_NP_2X_692956-MLA113129055528_072026-F.webp,https://articulo.mercadolibre.com.ve/MLV-795726538-centro-rin-de-ford-explorer-2007-08092010-2012-cu-gris-_JM,https://www.google.com/search?q=%22ALEXSTOREVECOLMENAREZ%22%20Venezuela%20(whatsapp%20OR%20instagram%20OR%20rif%20OR%20telefono%20OR%20tienda),Sí,2026-08-15T08:30:40.205Z
MLV768132045,Carcasa Control Chevystar Chevrolet,3,4.8,143,1000,0,Sí,RS STORE,MercadoLíder Platinum,7400,100,50000,99,12,https://www.mercadolibre.com.ve/tienda/rs-store,"Barquisimeto, Lara",Accesorios para Vehículos,Seguridad Vehicular > Alarmas y Accesorios > Carcasas de Controles,Accesorios para Vehículos > Seguridad Vehicular > Alarmas y Accesorios > Carcasas de Controles,RS,chevystar,Marca: RS | Modelo: chevystar,https://http2.mlstatic.com/D_NQ_NP_2X_765301-MLV81033791449_112024-F.webp,https://articulo.mercadolibre.com.ve/MLV-768132045-carcasa-control-chevystar-chevrolet-_JM,https://www.google.com/search?q=%22RS%20STORE%22%20Venezuela%20(whatsapp%20OR%20instagram%20OR%20rif%20OR%20telefono%20OR%20tienda),Sí,2026-08-15T08:30:40.636Z
MLV742161662,Botón Seguro Puerta Silverado Tahoe Avalanche C3500 Gris,4.99,4.9,110,500,0,Sí,VenelinK,MercadoLíder Platinum,3300,1000,50000,100,15,https://www.mercadolibre.com.ve/pagina/alcideoliveira,"Barquisimeto, Lara",Accesorios para Vehículos,Acc. para Carros y Camionetas > Accesorios de Interior > Otros,Accesorios para Vehículos > Acc. para Carros y Camionetas > Accesorios de Interior > Otros,Eccpp,N/A,Marca: Eccpp,https://http2.mlstatic.com/D_NQ_NP_2X_825669-MLV54552186439_032023-F.webp,https://articulo.mercadolibre.com.ve/MLV-742161662-boton-seguro-puerta-silverado-tahoe-avalanche-c3500-gris-_JM,https://www.google.com/search?q=%22VenelinK%22%20Venezuela%20(whatsapp%20OR%20instagram%20OR%20rif%20OR%20telefono%20OR%20tienda),Sí,2026-08-15T08:30:41.062Z
MLV572805557,Centro De Rin Ford Explorer Eddie Bauer Sport Trac Gris,3,5,72,500,0,Sí,AUTO ACCESORIOS DEL CENTRO,MercadoLíder Platinum,3200,100,10000,100,10,https://www.mercadolibre.com.ve/pagina/auto_accesorios_del_centro6506,"Barquisimeto, Lara",Accesorios para Vehículos,Acc. para Carros y Camionetas > Accesorios de Exterior > Tazas,Accesorios para Vehículos > Acc. para Carros y Camionetas > Accesorios de Exterior > Tazas,Ford,N/A,"Marca: Ford | Número de pieza: 1 | Color: Gris | Tipo de vehículo: Carro/Camioneta | Tipo de taza: Central | Material: Plástico | Diámetro: 2 "" | Origen: China | Es asegurable: No",https://http2.mlstatic.com/D_NQ_NP_2X_709515-MLV108578374214_032026-F.webp,https://articulo.mercadolibre.com.ve/MLV-572805557-centro-de-rin-ford-explorer-eddie-bauer-sport-trac-gris-_JM,https://www.google.com/search?q=%22AUTO%20ACCESORIOS%20DEL%20CENTRO%22%20Venezuela%20(whatsapp%20OR%20instagram%20OR%20rif%20OR%20telefono%20OR%20tienda),Sí,2026-08-15T08:30:41.490Z
MLV566120009,Alarma Para Carro Universal Antirobo Antiscanner Bluetooth,29.97,5,7,500,0,Sí,RS STORE,MercadoLíder Platinum,7400,100,50000,99,12,https://www.mercadolibre.com.ve/tienda/rs-store,"Barquisimeto, Lara",Accesorios para Vehículos,Acc. para Carros y Camionetas > Accesorios de Exterior > Otros,Accesorios para Vehículos > Acc. para Carros y Camionetas > Accesorios de Exterior > Otros,RS AUTO PARTS,N/A,Marca: RS AUTO PARTS,https://http2.mlstatic.com/D_NQ_NP_2X_777793-MLV79564263732_102024-F.webp,https://articulo.mercadolibre.com.ve/MLV-566120009-alarma-para-carro-universal-antirobo-antiscanner-bluetooth-_JM,https://www.google.com/search?q=%22RS%20STORE%22%20Venezuela%20(whatsapp%20OR%20instagram%20OR%20rif%20OR%20telefono%20OR%20tienda),Sí,2026-08-15T08:30:41.938Z
MLV827438110,Tonillos Arandelas Decorativos Jdm Password Set 10 Tuning,4.99,4.9,69,500,0,Sí,INVERSIONES NICOCARS,MercadoLíder Platinum,480,100,5000,99,20,https://www.mercadolibre.com.ve/pagina/inversionesnicocars,"Mun. El Hatillo (sur), Distrito Capital",Accesorios para Vehículos,Acc. para Carros y Camionetas > Accesorios de Exterior > Embellecedores > Otros,Accesorios para Vehículos > Acc. para Carros y Camionetas > Accesorios de Exterior > Embellecedores > Otros,Genérica,N/A,Marca: Genérica | Número de pieza: Set 10 | Tipo de vehículo: Carro/Camioneta,https://http2.mlstatic.com/D_NQ_NP_2X_720026-MLV82504872191_022025-F.webp,https://articulo.mercadolibre.com.ve/MLV-827438110-tonillos-arandelas-decorativos-jdm-password-set-10-tuning-_JM,https://www.google.com/search?q=%22INVERSIONES%20NICOCARS%22%20Venezuela%20(whatsapp%20OR%20instagram%20OR%20rif%20OR%20telefono%20OR%20tienda),Sí,2026-08-15T08:30:42.365Z
MLV713040284,F4 Reproductor Mp3 Bluetooth Transmisor Fm Cargador Carro,5.43,4.6,40,500,0,Sí,77 Innovación,MercadoLíder Platinum,10100,100,100000,98,14,https://www.mercadolibre.com.ve/tienda/77-innovacion,"Mun. Sucre (norte), Distrito Capital",Accesorios para Vehículos,Audio para Vehículos > Equipos de Audio > Accesorios > Adaptadores,Accesorios para Vehículos > Audio para Vehículos > Equipos de Audio > Accesorios > Adaptadores,Genérica,C9-A,"Marca: Genérica | Modelo: C9-A | Dimensiones estándar del estéreo: 1.5 DIN | Material: Plástico | Altura exterior: 8,7 cm | Ancho exterior: 3,78 cm | Largo exterior: 2,7 cm",https://http2.mlstatic.com/D_NQ_NP_2X_625663-MLV76857671886_062024-F.webp,https://articulo.mercadolibre.com.ve/MLV-713040284-f4-reproductor-mp3-bluetooth-transmisor-fm-cargador-carro-_JM,https://www.google.com/search?q=%2277%20Innovaci%C3%B3n%22%20Venezuela%20(whatsapp%20OR%20instagram%20OR%20rif%20OR%20telefono%20OR%20tienda),Sí,2026-08-15T08:30:42.781Z
MLV727175644,Tow Strap Cinta De Remolque Jdm Tunning,3.5,4.9,403,1000,0,Sí,FULL IMPORT-2020,MercadoLíder Platinum,2300,100,10000,100,11,https://www.mercadolibre.com.ve/pagina/fullimport-2020,"Pto. La Cruz, Anzoátegui",Accesorios para Vehículos,Acc. para Carros y Camionetas > Accesorios de Exterior > Cintas de Remolque,Accesorios para Vehículos > Acc. para Carros y Camionetas > Accesorios de Exterior > Cintas de Remolque,Umbranded,N/A,"Marca: Umbranded | Número de pieza: 0004 | Largo x Ancho: 25 cm x 5 cm | Tipo de vehículo: Carro/Camioneta | Peso máximo soportado: 2 t | Diámetro del agujero: 1,5 cm | Origen: China",https://http2.mlstatic.com/D_NQ_NP_2X_873472-MLV71159574528_082023-F.webp,https://articulo.mercadolibre.com.ve/MLV-727175644-tow-strap-cinta-de-remolque-jdm-tunning-_JM,https://www.google.com/search?q=%22FULL%20IMPORT-2020%22%20Venezuela%20(whatsapp%20OR%20instagram%20OR%20rif%20OR%20telefono%20OR%20tienda),Sí,2026-08-15T08:30:43.172Z
MLV836171938,Tuerca Tipo Bulgue Cromada Rines 12x1.25 12x1.5 Unidad,2,4.4,8,500,0,Sí,insucauchos monagas,MercadoLíder Gold,100,100,500,100,16,https://www.mercadolibre.com.ve/pagina/insucauchosmonagas,"Maturin, Monagas",Accesorios para Vehículos,Accesorios para Línea Pesada > Accesorios de Exterior > Antirrobos de Ruedas,Accesorios para Vehículos > Accesorios para Línea Pesada > Accesorios de Exterior > Antirrobos de Ruedas,Kiki,12X1.5 12X1.25,Marca: Kiki | Modelo: 12X1.5 12X1.25 | Número de pieza: 1 | Tipo de vehículo: Línea Pesada,https://http2.mlstatic.com/D_NQ_NP_2X_888350-MLV83769034795_042025-F.webp,https://articulo.mercadolibre.com.ve/MLV-836171938-tuerca-tipo-bulgue-cromada-rines-12x125-12x15-unidad-_JM,https://www.google.com/search?q=%22insucauchos%20monagas%22%20Venezuela%20(whatsapp%20OR%20instagram%20OR%20rif%20OR%20telefono%20OR%20tienda),Sí,2026-08-15T08:30:43.591Z
MLV545590173,Tapas Centro Rin Toyota 4runner 03-08 Nuevo Original Gris,7.5,4.9,0,1000,0,Sí,Pendiente,Pendiente,N/A,N/A,N/A,N/A,N/A,,Pendiente,N/A,N/A,N/A,N/A,N/A,N/A,https://http2.mlstatic.com/D_Q_NP_2X_930311-MLV31959801123_082019-E.webp,https://articulo.mercadolibre.com.ve/MLV-545590173-tapas-centro-rin-toyota-4runner-03-08-nuevo-original-gris-_JM,,No,2026-08-16T23:30:57.416Z
MLV747537265,Centro Rin Silverado Ls Gris Mate Rin De Hierro Gris,13.5,4.9,78,500,0,Sí,ALEXSTOREVECOLMENAREZ,MercadoLíder Platinum,520,100,5000,99,5,https://www.mercadolibre.com.ve/pagina/alexstorevecolmenarez,"Barquisimeto, Lara",Accesorios para Vehículos,Acc. para Carros y Camionetas > Accesorios de Exterior > Tazas,Accesorios para Vehículos > Acc. para Carros y Camionetas > Accesorios de Exterior > Tazas,Akautoparts,N/A,Marca: Akautoparts | Número de pieza: 15067578 | Color: Gris | Tipo de vehículo: Carro/Camioneta | Tipo de taza: Central | Material: Plástico Gris | Origen: Taiwán | Es asegurable: Sí,https://http2.mlstatic.com/D_NQ_NP_2X_656207-MLV71333730779_082023-F.webp,https://articulo.mercadolibre.com.ve/MLV-747537265-centro-rin-silverado-ls-gris-mate-rin-de-hierro-gris-_JM,https://www.google.com/search?q=%22ALEXSTOREVECOLMENAREZ%22%20Venezuela%20(whatsapp%20OR%20instagram%20OR%20rif%20OR%20telefono%20OR%20tienda),Sí,2026-08-15T08:30:44.444Z
MLV748297572,Modulos Led Borde Rueda 20 Unidades Varios Colores 12v,5.76,4.9,83,500,0,Sí,Lara Led Auto Partes,MercadoLíder Platinum,1700,100,10000,99,11,https://www.mercadolibre.com.ve/pagina/laraled_ve,"Barquisimeto, Lara",Accesorios para Vehículos,Acc. para Carros y Camionetas > Accesorios de Interior > Otros,Accesorios para Vehículos > Acc. para Carros y Camionetas > Accesorios de Interior > Otros,Lara Led Autoparts,N/A,Marca: Lara Led Autoparts | Número de pieza: 20 | Tipo de vehículo: Carro/Camioneta | Origen: China,https://http2.mlstatic.com/D_NQ_NP_2X_733155-MLV107191453685_022026-F.webp,https://articulo.mercadolibre.com.ve/MLV-748297572-modulos-led-borde-rueda-20-unidades-varios-colores-12v-_JM,https://www.google.com/search?q=%22Lara%20Led%20Auto%20Partes%22%20Venezuela%20(whatsapp%20OR%20instagram%20OR%20rif%20OR%20telefono%20OR%20tienda),Sí,2026-08-15T08:30:44.892Z
MLV790752522,Tapa Valvula De Gusanillo Tipo Pua Jdm 4pcs Tuning,5,5,0,1000,0,Sí,Pendiente,Pendiente,N/A,N/A,N/A,N/A,N/A,,Pendiente,N/A,N/A,N/A,N/A,N/A,N/A,https://http2.mlstatic.com/D_Q_NP_2X_961106-MLV75460487748_042024-E.webp,https://articulo.mercadolibre.com.ve/MLV-790752522-tapa-valvula-de-gusanillo-tipo-pua-jdm-4pcs-tuning-_JM,,No,2026-08-16T23:30:59.612Z
MLV714671963,Corneta Pito Sirena Retroceso Para Carro Camion 12/24voltios Negro,8.97,4.8,107,500,0,Sí,Aderco,MercadoLíder Platinum,5000,500,10000,100,7,https://www.mercadolibre.com.ve/tienda/aderco,"Valencia (Valencia), Carabobo",Accesorios para Vehículos,Acc. para Carros y Camionetas > Accesorios de Exterior > Sensores de Retroceso,Accesorios para Vehículos > Acc. para Carros y Camionetas > Accesorios de Exterior > Sensores de Retroceso,Aderco,12/24v,Marca: Aderco | Modelo: 12/24v | Número de pieza: 1 | Color: Negro | Con pantalla digital: No | Con cámara: No | Con buzzer: No,https://http2.mlstatic.com/D_NQ_NP_2X_644419-MLV85403469184_062025-F.webp,https://articulo.mercadolibre.com.ve/MLV-714671963-corneta-pito-sirena-retroceso-para-carro-camion-1224voltios-negro-_JM,https://www.google.com/search?q=%22Aderco%22%20Venezuela%20(whatsapp%20OR%20instagram%20OR%20rif%20OR%20telefono%20OR%20tienda),Sí,2026-08-15T08:30:45.837Z
MLV581217902,Selenoide Para Carro Universal De 2 Y 5 Cables Hammer,4.99,4.8,101,500,0,Sí,TOYOSENSOR,N/A,20,1000,10000,100,12,https://www.mercadolibre.com.ve/pagina/toyosensor,"Mun. Libertador (Sur), Distrito Capital",Accesorios para Vehículos,Acc. para Carros y Camionetas > Otros,Accesorios para Vehículos > Acc. para Carros y Camionetas > Otros,N/A,N/A,N/A,https://http2.mlstatic.com/D_NQ_NP_2X_981352-MLV77302745459_062024-F.webp,https://articulo.mercadolibre.com.ve/MLV-581217902-selenoide-para-carro-universal-de-2-y-5-cables-hammer-_JM,https://www.google.com/search?q=%22TOYOSENSOR%22%20Venezuela%20(whatsapp%20OR%20instagram%20OR%20rif%20OR%20telefono%20OR%20tienda),Sí,2026-08-15T08:30:46.273Z
MLV546415150,Forro Universal Para Volante Vehículo Car De Silicon Talla M Beige,5.04,5,1,500,0,Sí,KAMIKAZE ELECTRONICA,MercadoLíder Platinum,860,100,10000,98,10,https://www.mercadolibre.com.ve/pagina/kamikazeelectronica,"Mun. Libertador (Centro), Distrito Capital",Accesorios para Vehículos,Acc. para Carros y Camionetas > Accesorios de Interior > Alfombras,Accesorios para Vehículos > Acc. para Carros y Camionetas > Accesorios de Interior > Alfombras,Genérica,N/A,Marca: Genérica | Número de pieza: 1 | Color: Beige | Material: Silicona | Tipo de vehículo: Carro/Camioneta,https://http2.mlstatic.com/D_NQ_NP_2X_876811-MLV32088147316_092019-F.webp,https://articulo.mercadolibre.com.ve/MLV-546415150-forro-universal-para-volante-vehiculo-car-de-silicon-talla-m-beige-_JM,https://www.google.com/search?q=%22KAMIKAZE%20ELECTRONICA%22%20Venezuela%20(whatsapp%20OR%20instagram%20OR%20rif%20OR%20telefono%20OR%20tienda),Sí,2026-08-15T08:30:46.704Z
MLV572840004,Espaciador O Filler De Daewoo Matiz. En Fibra De Vidrio,15,4.8,167,500,0,Sí,shalomfibradevidrio,MercadoLíder Gold,60,5,1000,98,8,https://www.mercadolibre.com.ve/pagina/shalomfibradevidrio,"Valencia (Valencia), Carabobo",Accesorios para Vehículos,Acc. para Carros y Camionetas > Accesorios de Exterior > Otros,Accesorios para Vehículos > Acc. para Carros y Camionetas > Accesorios de Exterior > Otros,Daewoo,N/A,Marca: Daewoo,https://http2.mlstatic.com/D_NQ_NP_2X_991358-MLV77524833145_072024-F.webp,https://articulo.mercadolibre.com.ve/MLV-572840004-espaciador-o-filler-de-daewoo-matiz-en-fibra-de-vidrio-_JM,https://www.google.com/search?q=%22shalomfibradevidrio%22%20Venezuela%20(whatsapp%20OR%20instagram%20OR%20rif%20OR%20telefono%20OR%20tienda),Sí,2026-08-15T08:30:47.137Z
MLV580132414,"Voltaje Digital Voltimetro Universal 12v,24v,30v Carros Moto",3.6,4.8,117,500,0,Sí,Vendido por MICRO_512M,MercadoLíder Platinum,N/A,100,5000,99,15,https://listado.mercadolibre.com.ve/_CustId_34726751,"Mun. Libertador (Centro), Distrito Capital",Accesorios para Vehículos,Acc. para Carros y Camionetas > Otros,Accesorios para Vehículos > Acc. para Carros y Camionetas > Otros,Zectronix,N/A,Marca: Zectronix,https://http2.mlstatic.com/D_NQ_NP_2X_720914-MLV46390496370_062021-F.webp,https://articulo.mercadolibre.com.ve/MLV-580132414-voltaje-digital-voltimetro-universal-12v24v30v-carros-moto-_JM,https://www.google.com/search?q=%22Vendido%20por%20MICRO_512M%22%20Venezuela%20(whatsapp%20OR%20instagram%20OR%20rif%20OR%20telefono%20OR%20tienda),Sí,2026-08-15T08:30:47.572Z
MLV716723888,Boton Seguro Puerta Silverado Ls Rey Camion 3500 Hd,5,4.9,118,500,0,Sí,MEGAPARTES VALENCIA,MercadoLíder Platinum,1300,100,10000,100,13,https://www.mercadolibre.com.ve/pagina/megapartes_valencia,No especificada,Accesorios para Vehículos,Acc. para Carros y Camionetas > Accesorios de Interior > Otros,Accesorios para Vehículos > Acc. para Carros y Camionetas > Accesorios de Interior > Otros,USA,N/A,Marca: USA | Origen: USA,https://http2.mlstatic.com/D_NQ_NP_2X_884096-MLV77933956368_082024-F.webp,https://articulo.mercadolibre.com.ve/MLV-716723888-boton-seguro-puerta-silverado-ls-rey-camion-3500-hd-_JM,https://www.google.com/search?q=%22MEGAPARTES%20VALENCIA%22%20Venezuela%20(whatsapp%20OR%20instagram%20OR%20rif%20OR%20telefono%20OR%20tienda),Sí,2026-08-15T08:30:48.039Z
MLV764758327,"Tapas, Centros Rin Ford Explorer, Eddi Bauer, Y Sportrack. Plateado",3,4.8,88,500,0,Sí,Cars Nation,MercadoLíder Platinum,500,100,10000,99,10,https://www.mercadolibre.com.ve/pagina/carstao,"Girardot (Maracay), Aragua",Accesorios para Vehículos,Acc. para Carros y Camionetas > Accesorios de Exterior > Tazas,Accesorios para Vehículos > Acc. para Carros y Camionetas > Accesorios de Exterior > Tazas,TAO,N/A,Marca: TAO | Número de pieza: 53735436863 | Color: Plateado | Tipo de vehículo: Carro/Camioneta | Tipo de taza: Central | Material: ABS | Es asegurable: No,https://http2.mlstatic.com/D_NQ_NP_2X_632382-MLV78023377464_082024-F.webp,https://articulo.mercadolibre.com.ve/MLV-764758327-tapas-centros-rin-ford-explorer-eddi-bauer-y-sportrack-plateado-_JM,https://www.google.com/search?q=%22Cars%20Nation%22%20Venezuela%20(whatsapp%20OR%20instagram%20OR%20rif%20OR%20telefono%20OR%20tienda),Sí,2026-08-15T08:30:48.461Z
MLV770345712,Valvula Tapa De Gusanillo Blox Tipo Pua Jdm,4.49,4.9,59,500,0,Sí,RS STORE,MercadoLíder Platinum,7400,100,50000,99,12,https://www.mercadolibre.com.ve/tienda/rs-store,"Barquisimeto, Lara",Accesorios para Vehículos,Acc. para Carros y Camionetas > Accesorios de Exterior > Embellecedores > Tapas de Válvulas de Ruedas,Accesorios para Vehículos > Acc. para Carros y Camionetas > Accesorios de Exterior > Embellecedores > Tapas de Válvulas de Ruedas,Blox,N/A,Marca: Blox | Tipo de vehículo: Carro/Camioneta | Material: Aluminio | Altura: 60 mm,https://http2.mlstatic.com/D_NQ_NP_2X_802844-MLV71859912476_092023-F.webp,https://articulo.mercadolibre.com.ve/MLV-770345712-valvula-tapa-de-gusanillo-blox-tipo-pua-jdm-_JM,https://www.google.com/search?q=%22RS%20STORE%22%20Venezuela%20(whatsapp%20OR%20instagram%20OR%20rif%20OR%20telefono%20OR%20tienda),Sí,2026-08-15T08:30:48.891Z
MLV561134314,"Papel Ahumado, Marca Protec. El Mejor Del Mercado",3,5,14,1000,0,Sí,KALCOSMANIA,MercadoLíder Platinum,480,100,1000,99,14,https://www.mercadolibre.com.ve/pagina/kalcosmania,"Barquisimeto, Lara",Accesorios para Vehículos,Acc. para Carros y Camionetas > Accesorios de Exterior > Otros,Accesorios para Vehículos > Acc. para Carros y Camionetas > Accesorios de Exterior > Otros,Protec Film,N/A,Marca: Protec Film,https://http2.mlstatic.com/D_NQ_NP_2X_968271-MLV52510106176_112022-F.webp,https://articulo.mercadolibre.com.ve/MLV-561134314-papel-ahumado-marca-protec-el-mejor-del-mercado-_JM,https://www.google.com/search?q=%22KALCOSMANIA%22%20Venezuela%20(whatsapp%20OR%20instagram%20OR%20rif%20OR%20telefono%20OR%20tienda),Sí,2026-08-15T08:30:49.391Z
MLV799809796,Cable #12 Thhn 100% Cobre 7 Pelos 50 Mts Blanco,44.5,4.8,210,500,0,Sí,MAJU37576,MercadoLíder Platinum,740,500,10000,99,10,https://www.mercadolibre.com.ve/pagina/maju37576,"Barquisimeto, Lara",Construcción,Electricidad > Cables y Accesorios > Cables Eléctricos,Construcción > Electricidad > Cables y Accesorios > Cables Eléctricos,Troen,N/A,Marca: Troen | Tipo de cable: Construcción/Electricidad | Largo del cable: 50 m | Color de la cubierta: Blanco | Tipo de envase: Rollo | Material de la cubierta: PVC anti-flama | Materiales del conductor: Bronce | Es inflamable: No,https://http2.mlstatic.com/D_NQ_NP_2X_949565-MLV76937309928_062024-F.webp,https://articulo.mercadolibre.com.ve/MLV-799809796-cable-12-thhn-100-cobre-7-pelos-50-mts-blanco-_JM,https://www.google.com/search?q=%22MAJU37576%22%20Venezuela%20(whatsapp%20OR%20instagram%20OR%20rif%20OR%20telefono%20OR%20tienda),Sí,2026-08-15T08:30:49.834Z
MLV817417092,Bloques Mini Lego Bricks Armable Figuras Colección Juegos 160,2,4.8,192,1000,0,Sí,SCAROLA IMPORT,N/A,4100,500,50000,98,6,https://www.mercadolibre.com.ve/pagina/scarolaimport,"Mun. Sucre (este), Distrito Capital",Juegos y Juguetes,Juegos de Construcción > Bloques y Figuras para Armar,Juegos y Juguetes > Juegos de Construcción > Bloques y Figuras para Armar,BRICKS,Q50,"Marca: BRICKS | Línea: Q50 | Modelo: Q50 | Cantidad de piezas: 160 | Presentación: Caja | Colección: Bricks | Materiales del juguete: Plástico | Formas de las piezas: Cuadros | Componentes del juguete: Mapa, Piezas | Edad mínima recomendada: 7 años | Es coleccionable: Sí | Personajes: Batman, Charizard, Dinosaurio, Goku, Hello Kitty, Iroman, Kuromi, Luigi, Mario, Micky Mouse, Naruto, Pikachu, Spiderman, Stich, Tom, novia de stich | Es magnético: No",https://http2.mlstatic.com/D_NQ_NP_2X_797837-MLV101489579984_122025-F.webp,https://articulo.mercadolibre.com.ve/MLV-817417092-bloques-mini-lego-bricks-armable-figuras-coleccion-juegos-160-_JM,https://www.google.com/search?q=%22SCAROLA%20IMPORT%22%20Venezuela%20(whatsapp%20OR%20instagram%20OR%20rif%20OR%20telefono%20OR%20tienda),Sí,2026-08-15T08:30:50.273Z
MLV725952444,Tarjeta Madre H61 Lga1155 Intel 2da/3ra 6usb/ddr3/hdmi/m2 Negro,39.99,4.8,345,500,0,Sí,CHIMENEAS PLUS,MercadoLíder Platinum,2900,100,10000,98,14,https://www.mercadolibre.com.ve/pagina/chimeneasplus7765,"Valencia (Valencia), Carabobo",Computación,Componentes de PC > Tarjetas > Tarjetas Madre,Computación > Componentes de PC > Tarjetas > Tarjetas Madre,1155,H61,Marca: 1155 | Línea: 1155 h61 | Modelo: H61 | Versión: VGA HDMI | Color: Negro | Plataforma: Intel | Socket: 1155 | Tipo de memoria RAM: DDR3 1333 hasta 1600/ 12800 | Capacidad máxima soportada de la memoria RAM: 32 GB,https://http2.mlstatic.com/D_NQ_NP_2X_723006-MLV53838214717_022023-F.webp,https://articulo.mercadolibre.com.ve/MLV-725952444-tarjeta-madre-h61-lga1155-intel-2da3ra-6usbddr3hdmim2-negro-_JM,https://www.google.com/search?q=%22CHIMENEAS%20PLUS%22%20Venezuela%20(whatsapp%20OR%20instagram%20OR%20rif%20OR%20telefono%20OR%20tienda),Sí,2026-08-15T08:30:51.154Z
MLV718898763,Monitor Crt 19 Led Hd Cr419 Vga/hdmi Negro Negro,62.22,4.8,160,500,0,Sí,CRTecnológicas,MercadoLíder Platinum,1800,100,10000,100,4,https://www.mercadolibre.com.ve/tienda/crtecnologicas,"Mun. Chacao (norte), Distrito Capital",Computación,Monitores y Accesorios > Monitores,Computación > Monitores y Accesorios > Monitores,CRT,Cr419,"Marca: CRT | Modelo: Cr419 | Color: Negro | Voltaje: 120V | Es portátil: No | Tamaño de la pantalla: 19 "" | Tipo de pantalla: LED | Tipo de resolución: HD | Frecuencia de actualización recomendada: 60 Hz | Frecuencia máxima de actualización: 60 Hz | Tamaño de la pantalla: 19 "" | Tipo de resolución: HD",https://http2.mlstatic.com/D_NQ_NP_2X_690840-MLV111572252254_062026-F.webp,https://articulo.mercadolibre.com.ve/MLV-718898763-monitor-crt-19-led-hd-cr419-vgahdmi-negro-negro-_JM,https://www.google.com/search?q=%22CRTecnol%C3%B3gicas%22%20Venezuela%20(whatsapp%20OR%20instagram%20OR%20rif%20OR%20telefono%20OR%20tienda),Sí,2026-08-15T08:30:51.592Z
MLV724386101,Kingston Memoria Ram Ddr3 8gb 1600mhz Computadora Intel Amd,35.89,4.9,1192,1000,0,Sí,BIT404 MARKET,MercadoLíder Platinum,2400,500,10000,99,11,https://www.mercadolibre.com.ve/pagina/bit404market,Mun. Libertador (,Computación,Componentes de PC > Memorias RAM,Computación > Componentes de PC > Memorias RAM,Kingston,KVR16N11/8G,"Marca: Kingston | Línea: DDR3-1600MHz | Modelo: KVR16N11/8G | Módulos de memoria RAM: 1 | Capacidad total del módulo de memoria RAM: 8 GB | Capacidad individual: 8 GB | Tipo de memoria RAM: DDR3 | Formato de la memoria RAM: UDIMM | Velocidad de la memoria RAM: 1,6 GHz | Modelo detallado: KVR16N11/8G | Latencia CAS: 11 | Tasa de transferencia: 12,8 GB/s | Capacidad total: 8 GB | Formato: UDIMM | Velocidad: 1.6 GHz",https://http2.mlstatic.com/D_NQ_NP_2X_675967-MLV54981889250_042023-F.webp,https://articulo.mercadolibre.com.ve/MLV-724386101-kingston-memoria-ram-ddr3-8gb-1600mhz-computadora-intel-amd-_JM,https://www.google.com/search?q=%22BIT404%20MARKET%22%20Venezuela%20Mun.%20Libertador%20(%20(whatsapp%20OR%20instagram%20OR%20rif%20OR%20telefono%20OR%20tienda),Sí,2026-08-16T23:31:05.728Z
MLV760128822,Memoria Ram Kingston Ddr2 2gb 667/800mhz Pc,11.99,4.8,389,1000,0,Sí,TECNOTIENDAS 07,MercadoLíder Platinum,1000,100,10000,98,16,https://www.mercadolibre.com.ve/pagina/tecnotiendas.075292,"Mun. Libertador (Centro), Distrito Capital",Computación,Componentes de PC > Memorias RAM,Computación > Componentes de PC > Memorias RAM,Kingston,KTH-XW4400C6/2G,"Marca: Kingston | Modelo: KTH-XW4400C6/2G | Capacidad total del módulo de memoria RAM: 2 GB | Capacidad individual: 2 GB | Velocidad de transferencia de datos de memoria RAM: 51 GB/s | Formato de la memoria RAM: SODIMM | Velocidad de la memoria RAM: 667 MHz | Modelo detallado: Kingston | Voltaje de alimentación: 1.8V | Latencia CAS: 6 | Tasa de transferencia: 6,4 GB/s | Capacidad total: 2 GB | Formato: SODIMM | Velocidad: 667 MHz",https://http2.mlstatic.com/D_NQ_NP_2X_659293-MLV97855720669_112025-F.webp,https://articulo.mercadolibre.com.ve/MLV-760128822-memoria-ram-kingston-ddr2-2gb-667800mhz-pc-_JM,https://www.google.com/search?q=%22TECNOTIENDAS%2007%22%20Venezuela%20(whatsapp%20OR%20instagram%20OR%20rif%20OR%20telefono%20OR%20tienda),Sí,2026-08-15T08:30:52.780Z
MLV529212853,Fuente De Poder One 650w (pso-650w) Negro,21.99,4.8,1029,1000,0,Sí,Vendido por AP.SISTEMAS,MercadoLíder Gold,N/A,5,5000,100,20,https://listado.mercadolibre.com.ve/_CustId_84394456,"Cagua, Aragua",Computación,Componentes de PC > Fuentes de Poder > Fuentes,Computación > Componentes de PC > Fuentes de Poder > Fuentes,One,650W,"Marca: One | Modelo: 650W | Potencia de salida: 650 W | Color: Negro | Diámetro del ventilador: 12 cm | Eficiencia energética: A | Largo: 14 cm | Frecuencia: 50 Hz / 60 Hz | Tipo de modulación: Permanente | Con corrección activa del factor de potencia: Sí | Conectividad: 6 pines, MOLEX, SATA | Voltaje de entrada: 110 | Protecciones: Protección de sobre potencia. Protección de sobre voltaje. Protección contra corto circuito. | Tipo de refrigeración de la fuente: Aire | Factor de forma: ATX | Incluye accesorios: Sí | Accesorios incluidos: Cable de alimentación | Altura de la fuente de alimentación para PC x Ancho de la fuente de alimentación para PC: 8.6 cm x 15 cm | Peso de la fuente de alimentación para PC: 1,1 kg | Con iluminación RGB: No",https://http2.mlstatic.com/D_NQ_NP_2X_948552-MLV54960829557_042023-F.webp,https://articulo.mercadolibre.com.ve/MLV-529212853-fuente-de-poder-one-650w-pso-650w-negro-_JM,https://www.google.com/search?q=%22Vendido%20por%20AP.SISTEMAS%22%20Venezuela%20(whatsapp%20OR%20instagram%20OR%20rif%20OR%20telefono%20OR%20tienda),Sí,2026-08-15T08:30:53.221Z
MLV738748594,Mouse Inalámbrico Recargable Bluetooth 2.4ghz 1600dpi Negro,7.99,4.8,572,1000,0,Sí,CHIMENEAS PLUS,MercadoLíder Platinum,2900,100,10000,98,14,https://www.mercadolibre.com.ve/pagina/chimeneasplus7765,"Valencia (Valencia), Carabobo",Computación,Periféricos de PC > Mouses y Teclados > Mouses,Computación > Periféricos de PC > Mouses y Teclados > Mouses,Mouse Inalámbrico,Bluetooth Recargable,Marca: Mouse Inalámbrico | Línea: banda 2.4ghz | Modelo: Bluetooth Recargable | Color: Negro | Tipo de sensor: Óptico | Tecnología del sensor: Blue LED | Resolución del sensor: 1.600 dpi | Con cable: Sí | Tipo de mouse: Bluetooth | Sistemas operativos compatibles: MOUSE RECARGABLE INALAMBRICO | Es inalámbrico: Sí | Velocidad máxima: 1.200 ips | Cantidad de botones: 3 | Orientación de la mano: Ambidiestro | Con Bluetooth: Sí | Tipo de mouse: Bluetooth | Resolución del sensor: 1600 dpi | Tipo de sensor: Óptico | Es inalámbrico: Sí,https://http2.mlstatic.com/D_NQ_NP_2X_866128-MLV106017599291_012026-F.webp,https://articulo.mercadolibre.com.ve/MLV-738748594-mouse-inalambrico-recargable-bluetooth-24ghz-1600dpi-negro-_JM,https://www.google.com/search?q=%22CHIMENEAS%20PLUS%22%20Venezuela%20(whatsapp%20OR%20instagram%20OR%20rif%20OR%20telefono%20OR%20tienda),Sí,2026-08-15T08:30:53.661Z
MLV788150610,Tarjeta Madre H61 1155 Motherboar Negro,40.99,4.8,381,500,0,Sí,zonahardware,MercadoLíder Platinum,600,25,1000,100,9,https://www.mercadolibre.com.ve/pagina/zonahardware,"Valencia (Valencia), Carabobo",Computación,Componentes de PC > Tarjetas > Tarjetas Madre,Computación > Componentes de PC > Tarjetas > Tarjetas Madre,OEM,B75,Marca: OEM | Línea: OEM | Modelo: B75 | Color: Negro | Plataforma: Intel | Socket: Socket 1155 | Factor de forma: Micro-ATX | Tipo de memoria RAM: DDR3 | Capacidad máxima soportada de la memoria RAM: 16 GB,https://http2.mlstatic.com/D_NQ_NP_2X_948329-MLV85866726484_062025-F.webp,https://articulo.mercadolibre.com.ve/MLV-788150610-tarjeta-madre-h61-1155-motherboar-negro-_JM,https://www.google.com/search?q=%22zonahardware%22%20Venezuela%20(whatsapp%20OR%20instagram%20OR%20rif%20OR%20telefono%20OR%20tienda),Sí,2026-08-15T08:30:54.083Z
MLV828864004,Mouse Inalambrico Rgb Recargable Para Laptop Pc Computadora,5,4.8,364,500,0,Sí,Cactus,MercadoLíder Platinum,1800,100,10000,98,10,https://www.mercadolibre.com.ve/tienda/cactus,"Mun. Libertador (Noreste), Distrito Capital",Computación,Periféricos de PC > Mouses y Teclados > Mouses,Computación > Periféricos de PC > Mouses y Teclados > Mouses,Genérico,Wireless,"Marca: Genérico | Modelo: Wireless | Tipo de sensor: Óptico | Tecnología del sensor: Óptico | Con Bluetooth: Sí | Tipo de mouse: Trackball | Sistemas operativos compatibles: Android, Linux, Windows, iOS | Es inalámbrico: Sí | Orientación de la mano: Diestro | Con cable: No | Tipo de mouse: Trackball | Es inalámbrico: Sí | Tipo de sensor: Óptico",https://http2.mlstatic.com/D_NQ_NP_2X_922471-MLV83290552445_032025-F.webp,https://articulo.mercadolibre.com.ve/MLV-828864004-mouse-inalambrico-rgb-recargable-para-laptop-pc-computadora-_JM,https://www.google.com/search?q=%22Cactus%22%20Venezuela%20(whatsapp%20OR%20instagram%20OR%20rif%20OR%20telefono%20OR%20tienda),Sí,2026-08-15T08:30:54.506Z
MLV743470420,Memoria Ram Pc 2gb Ddr2 Pc2-5300 667mhz Pc2-6400 800mhz,12.59,4.8,203,500,0,Sí,eGlobalPC,MercadoLíder Platinum,850,100,10000,99,10,https://www.mercadolibre.com.ve/pagina/eglobalpcca,"Naguanagua (Naguanagua), Carabobo",Computación,Componentes de PC > Memorias RAM,Computación > Componentes de PC > Memorias RAM,Crucial,f,"Marca: Crucial | Línea: PC2 | Modelo: f | Módulos de memoria RAM: 1 x 2 GB | Capacidad total del módulo de memoria RAM: 2 GB | Capacidad individual: 2 GB | Altura: 1,2 cm | Velocidad de transferencia de datos de memoria RAM: 5 GB/s | Con AMD EXPO: No | Con disipador de calor: No | Velocidad probada: 667 MHz | Latencia probada: 55515 | Tipo de memoria RAM: DDR2 SDRAM | Formato de la memoria RAM: DIMM | Velocidad de la memoria RAM: 667 MHz | Con memoria gráfica ECC: No | Formato de venta: Unidad | Modelo detallado: CT102464BF667B.C16FPD | Voltaje de alimentación: 1.8V | Latencia CAS: 5 | Capacidad total: 2 GB | Formato: DIMM | Velocidad: 667 MHz | Frecuencia: DDR2-667 Mhz",https://http2.mlstatic.com/D_NQ_NP_2X_785338-MLV95611352508_102025-F.webp,https://articulo.mercadolibre.com.ve/MLV-743470420-memoria-ram-pc-2gb-ddr2-pc2-5300-667mhz-pc2-6400-800mhz-_JM,https://www.google.com/search?q=%22eGlobalPC%22%20Venezuela%20(whatsapp%20OR%20instagram%20OR%20rif%20OR%20telefono%20OR%20tienda),Sí,2026-08-15T08:30:55.824Z
MLV763280075,Teclado Alámbrico Con Cable Usb Para Pc Color Negro,6.5,4.8,141,500,0,Sí,Vendido por MGAPCARACAS,N/A,N/A,50,1000,98,8,https://listado.mercadolibre.com.ve/_CustId_322731310,"Mun. Sucre (norte), Distrito Capital",Computación,Periféricos de PC > Mouses y Teclados > Teclados > Físicos,Computación > Periféricos de PC > Mouses y Teclados > Teclados > Físicos,VISION TECH,k886,"Marca: VISION TECH | Modelo: k886 | Profundidad del teclado: 3,4 cm | Es resistente a salpicaduras: Sí | Con cable removible: No | Largo del cable: 1,8 m | Altura del teclado: 15,5 cm | Ancho del teclado: 37,5 cm | Arquitectura: QWERTY | Con retroiluminación: No | Con pantalla: No | Es teclado numérico: No | Tecnología de switch: Tradicional | Es inalámbrico: No | Conectividad: USB-A | Frecuencia de sondeo: 1.000 Hz | Es hot-swappable: No | Tamaño del teclado: Full size | Incluye accesorios: No | Color Del Teclado: Gris oscuro | Idioma: Español de Latinoamérica",https://http2.mlstatic.com/D_NQ_NP_2X_732593-MLV114529964619_072026-F.webp,https://articulo.mercadolibre.com.ve/MLV-763280075-teclado-alambrico-con-cable-usb-para-pc-color-negro-_JM,https://www.google.com/search?q=%22Vendido%20por%20MGAPCARACAS%22%20Venezuela%20(whatsapp%20OR%20instagram%20OR%20rif%20OR%20telefono%20OR%20tienda),Sí,2026-08-15T08:30:56.235Z
MLV582635225,Mouse Inalambrico Usb Recargable Para Laptop Pc Computadora,4.99,4.8,330,1000,0,Sí,77 Innovación,MercadoLíder Platinum,10100,100,100000,98,14,https://www.mercadolibre.com.ve/tienda/77-innovacion,"Mun. Sucre (norte), Distrito Capital",Computación,Periféricos de PC > Mouses y Teclados > Mouses,Computación > Periféricos de PC > Mouses y Teclados > Mouses,Generic,Oficina,"Marca: Generic | Modelo: Oficina | Tipo de sensor: Láser | Tecnología del sensor: Blue Wave | Resolución del sensor: 1.500 dpi | Con Bluetooth: No | Con cable: No | Tipo de mouse: Inalámbrico | Sistemas operativos compatibles: Android, Mac, Windows 10, Windows 7 | Es inalámbrico: Sí | Velocidad máxima: 3.000 ips | Cantidad de botones: 4 | Orientación de la mano: Ambidiestro | Tipo de mouse: Inalámbrico | Resolución del sensor: 1500 dpi | Tipo de sensor: Láser | Es inalámbrico: Sí",https://http2.mlstatic.com/D_NQ_NP_2X_677409-MLV111352888522_052026-F.webp,https://articulo.mercadolibre.com.ve/MLV-582635225-mouse-inalambrico-usb-recargable-para-laptop-pc-computadora-_JM,https://www.google.com/search?q=%2277%20Innovaci%C3%B3n%22%20Venezuela%20(whatsapp%20OR%20instagram%20OR%20rif%20OR%20telefono%20OR%20tienda),Sí,2026-08-15T08:30:56.715Z
MLV750042614,Protector Regulador Voltaje 110v Aparatos Eléctricos Computa,5.99,4.8,277,500,0,Sí,Vendido por MEDBLAN,MercadoLíder Platinum,N/A,500,10000,100,10,https://listado.mercadolibre.com.ve/_CustId_212240580,"Mun. Chacao (norte), Distrito Capital",Computación,Protectores y UPS > Reguladores,Computación > Protectores y UPS > Reguladores,V-TEC,YY-C2G2,Marca: V-TEC | Línea: Optima | Modelo: YY-C2G2 | Potencia pico: 125VA | Voltaje de entrada: 110V | Voltaje de salida: 110V | Denominación de voltaje: Bivolt | Rango de voltaje de entrada: 90 | Rango de voltaje de entrada CA: 130 | Voltaje de entrada: 110V | Potencia pico: 125VA,https://http2.mlstatic.com/D_NQ_NP_2X_871179-MLV110514432571_042026-F.webp,https://articulo.mercadolibre.com.ve/MLV-750042614-protector-regulador-voltaje-110v-aparatos-electricos-computa-_JM,https://www.google.com/search?q=%22Vendido%20por%20MEDBLAN%22%20Venezuela%20(whatsapp%20OR%20instagram%20OR%20rif%20OR%20telefono%20OR%20tienda),Sí,2026-08-15T08:30:57.126Z
MLV705350174,Disco Duro Solido Addlink S20 120gb Ssd 2.5 Sata 3 6gb/s Negro,41.99,4.9,193,100,0,Sí,ZTC3000,MercadoLíder Platinum,730,100,10000,99,10,https://www.mercadolibre.com.ve/pagina/ztc3000,"Mun. Libertador (Oeste), Distrito Capital",Computación,Almacenamiento > Discos y Accesorios > Discos Duros y Externos,Computación > Almacenamiento > Discos y Accesorios > Discos Duros y Externos,Addlink,S20,"Marca: Addlink | Línea: S20 | Modelo: S20 | Color: Negro | Ancho: 10 cm | Profundidad: 6,35 cm | Capacidad: 120 GB | Tipo de almacenamiento del disco: SSD | Ubicación del disco rígido y SSD: Interno | Factor de forma del disco rígido y SSD: 2.5 "" | Capacidad: 120 GB | Factor de forma: 2.5 """,https://http2.mlstatic.com/D_NQ_NP_2X_753471-MLV109949955562_042026-F.webp,https://articulo.mercadolibre.com.ve/MLV-705350174-disco-duro-solido-addlink-s20-120gb-ssd-25-sata-3-6gbs-negro-_JM,https://www.google.com/search?q=%22ZTC3000%22%20Venezuela%20(whatsapp%20OR%20instagram%20OR%20rif%20OR%20telefono%20OR%20tienda),Sí,2026-08-15T08:30:57.744Z
MLV762149983,Mouse Usb Optico Lenovo 3 Botones 1200 Dpi Negroi,2.55,4.9,102,500,0,Sí,CHIMENEASPLUS,MercadoLíder Platinum,1800,100,10000,98,14,https://www.mercadolibre.com.ve/pagina/chimeneasplus,"Valencia (Valencia), Carabobo",Computación,Periféricos de PC > Mouses y Teclados > Mouses,Computación > Periféricos de PC > Mouses y Teclados > Mouses,mouse Lenovo,Mouse Usb,"Marca: mouse Lenovo | Línea: MOUSE | Modelo: Mouse Usb | Color: NEGROI | Tipo de sensor: Óptico | Tecnología del sensor: Óptico | Resolución del sensor: 1.000 dpi | Tipo de mouse: Convencional | Sistemas operativos compatibles: Linx, Windows 10, Windows 7 | Es inalámbrico: No | Velocidad máxima: 1.000 ips | Cantidad de botones: 3 | Con Bluetooth: No | Con cable: Sí | Tipo de mouse: Convencional | Resolución del sensor: 1000 dpi | Tipo de sensor: Óptico | Es inalámbrico: No",https://http2.mlstatic.com/D_NQ_NP_2X_705723-MLV84673742990_052025-F.webp,https://articulo.mercadolibre.com.ve/MLV-762149983-mouse-usb-optico-lenovo-3-botones-1200-dpi-negroi-_JM,https://www.google.com/search?q=%22CHIMENEASPLUS%22%20Venezuela%20(whatsapp%20OR%20instagram%20OR%20rif%20OR%20telefono%20OR%20tienda),Sí,2026-08-15T08:30:58.154Z
MLV717959215,Memoria Ram Kingston Ddr2 2gb 800mhz Pc Escritorio Intel Amd,14.95,4.9,621,1000,0,Sí,BIT404 MARKET,MercadoLíder Platinum,2400,500,10000,99,11,https://www.mercadolibre.com.ve/pagina/bit404market,Mun. Libertador (,Computación,Componentes de PC > Memorias RAM,Computación > Componentes de PC > Memorias RAM,Kingston,Kvr800d2n6,Marca: Kingston | Línea: DDR2-800MHz | Modelo: Kvr800d2n6 | Capacidad total del módulo de memoria RAM: 2 GB | Capacidad individual: 2 GB | Tipo de memoria RAM: DDR2 | Formato de la memoria RAM: UDIMM RAM | Velocidad de la memoria RAM: 800 MHz | Modelo detallado: Kingston Technology | Capacidad total: 2 GB | Formato: UDIMM RAM | Velocidad: 800 MHz,https://http2.mlstatic.com/D_NQ_NP_2X_973299-MLV50361777426_062022-F.webp,https://articulo.mercadolibre.com.ve/MLV-717959215-memoria-ram-kingston-ddr2-2gb-800mhz-pc-escritorio-intel-amd-_JM,https://www.google.com/search?q=%22BIT404%20MARKET%22%20Venezuela%20(whatsapp%20OR%20instagram%20OR%20rif%20OR%20telefono%20OR%20tienda),Sí,2026-08-15T08:30:58.586Z
MLV556703872,Fuente De Poder One 650w Micro Atx Slim (pso-650w-s) Negro,21.99,4.8,213,500,0,Sí,Vendido por AP.SISTEMAS,MercadoLíder Gold,N/A,5,5000,100,20,https://listado.mercadolibre.com.ve/_CustId_84394456,"Cagua, Aragua",Computación,Componentes de PC > Fuentes de Poder > Fuentes,Computación > Componentes de PC > Fuentes de Poder > Fuentes,One,650W,Marca: One | Modelo: 650W | Potencia de salida: 650 W | Color: Negro | Diámetro del ventilador: 8 cm | Eficiencia energética: B | Con iluminación RGB: No,https://http2.mlstatic.com/D_NQ_NP_2X_943644-MLV109445205785_032026-F.webp,https://articulo.mercadolibre.com.ve/MLV-556703872-fuente-de-poder-one-650w-micro-atx-slim-pso-650w-s-negro-_JM,https://www.google.com/search?q=%22Vendido%20por%20AP.SISTEMAS%22%20Venezuela%20(whatsapp%20OR%20instagram%20OR%20rif%20OR%20telefono%20OR%20tienda),Sí,2026-08-15T08:30:59.028Z
MLV465781406,Cornetas Speakers Pc Black Mp3 Amplificadas 300w Computadora,7.5,4.7,100,500,0,Sí,SOMOS TODODESDEMIAMI,MercadoLíder Platinum,540,100,5000,100,12,https://www.mercadolibre.com.ve/pagina/somostododesdemiami,"Mun. Chacao (norte), Distrito Capital",Computación,Periféricos de PC > Cornetas,Computación > Periféricos de PC > Cornetas,Genérica,N/A,Marca: Genérica | Voltaje: 12V | Cantidad de cornetas: 2 | Con luces LED: No | Con modo manos libres: No | Con controladores DJ integrados: No | Con función karaoke: No | Con efecto de voz: No | Con radio: No | Es portátil: No | Es inalámbrico: No | Es gamer: No | Potencia de salida (RMS): 5 W | Incluye batería recargable: No | Con micrófono: No | Incluye soporte: No | Lugares de colocación: pc y laptop | Es a prueba de agua: No | Tipos de alimentación: usb y plug | Incluye batería recargable: No | Con luces LED: No,https://http2.mlstatic.com/D_NQ_NP_2X_832220-MLV98472823005_112025-F.webp,https://articulo.mercadolibre.com.ve/MLV-465781406-cornetas-speakers-pc-black-mp3-amplificadas-300w-computadora-_JM,https://www.google.com/search?q=%22SOMOS%20TODODESDEMIAMI%22%20Venezuela%20(whatsapp%20OR%20instagram%20OR%20rif%20OR%20telefono%20OR%20tienda),Sí,2026-08-15T08:30:59.555Z
MLV534064532,Memoria 8gb Ddr3 1600 Mhz Kingston Pc3-12800 Nuevas Oferta!!,34.99,4.9,757,1000,0,Sí,GIGASOFT2012,N/A,100,5,5000,100,14,https://www.mercadolibre.com.ve/pagina/gigasoft2012,"Mun. Libertador (Centro), Distrito Capital",Computación,Componentes de PC > Memorias RAM,Computación > Componentes de PC > Memorias RAM,Kingston,KVR16N11/8,"Marca: Kingston | Línea: KVR | Modelo: KVR16N11/8 | Módulos de memoria RAM: 1 x 8 GB | Capacidad total del módulo de memoria RAM: 8 GB | Capacidad individual: 8 GB | Tipo de memoria RAM: DDR3 | Formato de la memoria RAM: DIMM | Velocidad de la memoria RAM: 1,6 GHz | Modelo detallado: Kingston | Velocidad de transferencia de datos de memoria RAM: 102 GB/s | Capacidad total: 8 GB | Formato: DIMM | Velocidad: 1.6 GHz",https://http2.mlstatic.com/D_NQ_NP_2X_996355-MLV31251648488_062019-F.webp,https://articulo.mercadolibre.com.ve/MLV-534064532-memoria-8gb-ddr3-1600-mhz-kingston-pc3-12800-nuevas-oferta-_JM,https://www.google.com/search?q=%22GIGASOFT2012%22%20Venezuela%20(whatsapp%20OR%20instagram%20OR%20rif%20OR%20telefono%20OR%20tienda),Sí,2026-08-15T08:30:59.975Z
MLV549523352,Memoria Ram Ddr2 2gb 800/667 Nueva Garantia 3 Meses,13.74,4.8,125,500,0,Sí,Vendido por SOLUCIONES.CGT.,MercadoLíder,N/A,100,5000,99,14,https://listado.mercadolibre.com.ve/_CustId_13462202,"Mun. Libertador (Sureste), Distrito Capital",Computación,Componentes de PC > Memorias RAM,Computación > Componentes de PC > Memorias RAM,Kingston,KVR800D2N6/2G,"Marca: Kingston | Línea: ValueRAM | Modelo: KVR800D2N6/2G | Módulos de memoria RAM: 1 x 2 GB | Capacidad total del módulo de memoria RAM: 2 GB | Capacidad individual: 2 GB | Tipo de memoria RAM: DDR2 SDRAM | Formato de la memoria RAM: DIMM | Velocidad de la memoria RAM: 800 MHz | Modelo detallado: treinta.shop/solucionesintegralescgt1 | Voltaje de alimentación: 1.8V | Latencia CAS: 6 | Tasa de transferencia: 6,4 GB/s | Capacidad total: 2 GB | Formato: DIMM | Velocidad: 800 MHz",https://http2.mlstatic.com/D_NQ_NP_2X_795504-MLV51246172658_082022-F.webp,https://articulo.mercadolibre.com.ve/MLV-549523352-memoria-ram-ddr2-2gb-800667-nueva-garantia-3-meses-_JM,https://www.google.com/search?q=%22Vendido%20por%20SOLUCIONES.CGT.%22%20Venezuela%20(whatsapp%20OR%20instagram%20OR%20rif%20OR%20telefono%20OR%20tienda),Sí,2026-08-15T08:31:00.708Z
MLV567078932,Teclado Alámbrico Con Cable Usb Para Pc Color Negro,8.5,5,4,1000,0,Sí,FERRE TOYS,N/A,4500,500,50000,99,19,https://www.mercadolibre.com.ve/pagina/ferretoys,"Barquisimeto, Lara",Computación,Periféricos de PC > Mouses y Teclados > Teclados > Físicos,Computación > Periféricos de PC > Mouses y Teclados > Teclados > Físicos,Weibo,FC-530,"Marca: Weibo | Línea: Gamer | Modelo: FC-530 | Arquitectura: Membrana | Con retroiluminación: No | Con pantalla: No | Es para una mano: No | Es inalámbrico: No | Conectividad: USB | Altura del teclado: 13,5 cm | Ancho del teclado: 44 cm | Profundidad del teclado: 1,5 cm | Es resistente a salpicaduras: Sí | Con cable removible: No | Largo del cable: 1,4 m | Con pad numérico: Sí | Con trackball: No | Color Del Teclado: Negro",https://http2.mlstatic.com/D_NQ_NP_2X_964927-MLV109276576496_042026-F.webp,https://articulo.mercadolibre.com.ve/MLV-567078932-teclado-alambrico-con-cable-usb-para-pc-color-negro-_JM,https://www.google.com/search?q=%22FERRE%20TOYS%22%20Venezuela%20(whatsapp%20OR%20instagram%20OR%20rif%20OR%20telefono%20OR%20tienda),Sí,2026-08-15T08:31:01.154Z
MLV783728268,Mouse Inalambrico Recargable 2.4ghz Wireless Y Bluetooth Luz Negro,9,4.8,248,500,0,Sí,KMDIGITAL08,MercadoLíder Platinum,270,50,5000,99,16,https://www.mercadolibre.com.ve/pagina/kmdigital08,"Mun. Libertador (Suroeste), Distrito Capital",Computación,Periféricos de PC > Mouses y Teclados > Mouses,Computación > Periféricos de PC > Mouses y Teclados > Mouses,N/A,N/A,Color: Negro | Tipo de sensor: Óptico | Con Bluetooth: Sí | Tipo de mouse: Convencional | Es inalámbrico: Sí | Tipo de mouse: Convencional | Es inalámbrico: Sí | Tipo de sensor: Óptico,https://http2.mlstatic.com/D_NQ_NP_2X_605396-MLV74228344497_012024-F.webp,https://articulo.mercadolibre.com.ve/MLV-783728268-mouse-inalambrico-recargable-24ghz-wireless-y-bluetooth-luz-negro-_JM,https://www.google.com/search?q=%22KMDIGITAL08%22%20Venezuela%20(whatsapp%20OR%20instagram%20OR%20rif%20OR%20telefono%20OR%20tienda),Sí,2026-08-15T08:31:01.607Z
MLV707249282,Mouse Gamer Alambrico Rgb Ergonomico Laser,24.99,4.8,212,500,0,Sí,77 Innovación,MercadoLíder Platinum,10100,100,100000,98,14,https://www.mercadolibre.com.ve/tienda/77-innovacion,"Mun. Sucre (norte), Distrito Capital",Computación,Periféricos de PC > Mouses y Teclados > Mouses,Computación > Periféricos de PC > Mouses y Teclados > Mouses,Inphic,A9,"Marca: Inphic | Línea: V2 | Modelo: A9 | Tipo de sensor: Láser | Tecnología del sensor: Óptico | Con cable: Sí | Con luces: Sí | Tipo de mouse: Gamer | Sistemas operativos compatibles: Android, Mac, Windows | Cantidad de botones: 5 | Orientación de la mano: Diestro | Con Bluetooth: No | Tipo de mouse: Gamer | Tipo de sensor: Láser",https://http2.mlstatic.com/D_NQ_NP_2X_853813-MLV112931095491_062026-F.webp,https://articulo.mercadolibre.com.ve/MLV-707249282-mouse-gamer-alambrico-rgb-ergonomico-laser-_JM,https://www.google.com/search?q=%2277%20Innovaci%C3%B3n%22%20Venezuela%20(whatsapp%20OR%20instagram%20OR%20rif%20OR%20telefono%20OR%20tienda),Sí,2026-08-15T08:31:02.672Z
MLV704294304,Fuente De Poder Mlogix 650w Otiesca Gris,19.45,4.9,165,500,0,Sí,otiesca01,MercadoLíder Gold,160,100,1000,98,14,https://www.mercadolibre.com.ve/pagina/otiesca_01,Mun. Libertador (,Computación,Componentes de PC > Fuentes de Poder > Fuentes,Computación > Componentes de PC > Fuentes de Poder > Fuentes,MLogix,ATX,Marca: MLogix | Modelo: ATX | Potencia de salida: 650 W | Color: Gris | Diámetro del ventilador: 8 cm | Con iluminación RGB: No,https://http2.mlstatic.com/D_NQ_NP_2X_821625-MLV54950678141_042023-F.webp,https://articulo.mercadolibre.com.ve/MLV-704294304-fuente-de-poder-mlogix-650w-otiesca-gris-_JM,https://www.google.com/search?q=%22otiesca01%22%20Venezuela%20(whatsapp%20OR%20instagram%20OR%20rif%20OR%20telefono%20OR%20tienda),Sí,2026-08-15T08:31:03.248Z
MLV801680648,Protector Bucal Sencillo Adulto Boxeo Regent,3.07,4.9,83,500,0,Sí,EKNIAS,MercadoLíder Platinum,5500,1000,50000,100,17,https://www.mercadolibre.com.ve/pagina/eknias,"Mun. Sucre (este), Distrito Capital",Deportes y Fitness,Artes Marciales y Boxeo > Protección y Defensa > Otros,Deportes y Fitness > Artes Marciales y Boxeo > Protección y Defensa > Otros,Regent,Adulto,Marca: Regent | Modelo: Adulto | Material: Plástico,https://http2.mlstatic.com/D_NQ_NP_2X_926745-MLV112330401331_052026-F.webp,https://articulo.mercadolibre.com.ve/MLV-801680648-protector-bucal-sencillo-adulto-boxeo-regent-_JM,https://www.google.com/search?q=%22EKNIAS%22%20Venezuela%20(whatsapp%20OR%20instagram%20OR%20rif%20OR%20telefono%20OR%20tienda),Sí,2026-08-15T08:31:03.758Z
MLV828213542,Resina Epoxica 1:1 Gema Resina (1 Lt) Para Manualidades Transparente,20.87,5,198,500,0,Sí,Materiales y Resina Gema CA,MercadoLíder Platinum,610,25,1000,99,11,https://www.mercadolibre.com.ve/pagina/marceloalexandergonzalezsoto,"Santiago Mariño, Aragua","Arte, Papelería y Mercería",Arte y Manualidades > Artesanía en Resina > Resinas,"Arte, Papelería y Mercería > Arte y Manualidades > Artesanía en Resina > Resinas",Gema Resina,1:1,Marca: Gema Resina | Modelo: 1:1 | Tipo de resina: Epoxi | Color: Transparente | Tiempo de secado: 1 días,https://http2.mlstatic.com/D_NQ_NP_2X_780076-MLV112008806406_062026-F.webp,https://articulo.mercadolibre.com.ve/MLV-828213542-resina-epoxica-11-gema-resina-1-lt-para-manualidades-transparente-_JM,https://www.google.com/search?q=%22Materiales%20y%20Resina%20Gema%20CA%22%20Venezuela%20(whatsapp%20OR%20instagram%20OR%20rif%20OR%20telefono%20OR%20tienda),Sí,2026-08-15T08:31:04.213Z
MLV715536181,Alfombra Goma Pvc Carro Metro Gym Pickup Camión Oficina,17.25,4.8,0,1000,0,Sí,Pendiente,Pendiente,N/A,N/A,N/A,N/A,N/A,,Pendiente,N/A,N/A,N/A,N/A,N/A,N/A,https://http2.mlstatic.com/D_Q_NP_2X_834470-MLV107960189299_032026-E.webp,https://articulo.mercadolibre.com.ve/MLV-715536181-alfombra-goma-pvc-carro-metro-gym-pickup-camion-oficina-_JM,,No,2026-08-16T23:30:55.879Z
MLV556894840,Cartelera De Corcho 60 X 45 Cm Marco De Metal,15.99,4.9,224,500,0,Sí,GEOS VOLCAN,MercadoLíder Platinum,960,100,10000,100,13,https://www.mercadolibre.com.ve/pagina/unpa15,"Mun. Libertador (Sur), Distrito Capital","Arte, Papelería y Mercería",Arte y Manualidades > Planchas de Corcho,"Arte, Papelería y Mercería > Arte y Manualidades > Planchas de Corcho",OK,metalico y corcho,Marca: OK | Modelo: metalico y corcho,https://http2.mlstatic.com/D_NQ_NP_2X_974046-MLV50020796438_052022-F.webp,https://articulo.mercadolibre.com.ve/MLV-556894840-cartelera-de-corcho-60-x-45-cm-marco-de-metal-_JM,https://www.google.com/search?q=%22GEOS%20VOLCAN%22%20Venezuela%20(whatsapp%20OR%20instagram%20OR%20rif%20OR%20telefono%20OR%20tienda),Sí,2026-08-15T08:31:05.158Z
MLV576714011,Pizarra Acrílica Blanca 60 X 90 Cm Marco De Metal,29.99,4.9,164,500,0,Sí,GEOS VOLCAN,MercadoLíder Platinum,960,100,10000,100,13,https://www.mercadolibre.com.ve/pagina/unpa15,"Mun. Libertador (Sur), Distrito Capital","Arte, Papelería y Mercería",Papelería > Pizarras y Tableros,"Arte, Papelería y Mercería > Papelería > Pizarras y Tableros",OK,pizarra blanca,Marca: OK | Modelo: pizarra blanca | Ancho x Altura: 90 cm x 60 cm | Formato: De pared | Materiales del armazón: Metal,https://http2.mlstatic.com/D_NQ_NP_2X_936606-MLV50000642783_052022-F.webp,https://articulo.mercadolibre.com.ve/MLV-576714011-pizarra-acrilica-blanca-60-x-90-cm-marco-de-metal-_JM,https://www.google.com/search?q=%22GEOS%20VOLCAN%22%20Venezuela%20(whatsapp%20OR%20instagram%20OR%20rif%20OR%20telefono%20OR%20tienda),Sí,2026-08-15T08:31:05.579Z
MLV777605036,Guillotina Para Papel Base A4,29.99,4.8,248,500,0,Sí,GEOS VOLCAN,MercadoLíder Platinum,960,100,10000,100,13,https://www.mercadolibre.com.ve/pagina/unpa15,"Mun. Libertador (Sur), Distrito Capital",...,... > Comercial y Oficina > Pegamentos y Cortantes > Cortadores de Papel > Manuales,... > ... > Comercial y Oficina > Pegamentos y Cortantes > Cortadores de Papel > Manuales,Paper Cutter,A4,"Marca: Paper Cutter | Modelo: A4 | Tipo de cortadora de papel: Guillotina | Capacidad de hojas por corte: 12 | Tipos de papel: Bond, Cartulina, Papel normal | Con guía de corte: Sí | Con traba de seguridad: Sí | Es antideslizante: Sí | Largo: 30 cm | Ancho: 25 cm | Peso: 2 kg",https://http2.mlstatic.com/D_NQ_NP_2X_647221-MLV113440573716_072026-F.webp,https://articulo.mercadolibre.com.ve/MLV-777605036-guillotina-para-papel-base-a4-_JM,https://www.google.com/search?q=%22GEOS%20VOLCAN%22%20Venezuela%20(whatsapp%20OR%20instagram%20OR%20rif%20OR%20telefono%20OR%20tienda),Sí,2026-08-15T08:31:06.028Z
MLV749294136,Boligrafo Offi Esco Color Negro Caja X 12 Und,2.9,4.9,176,1000,0,Sí,MCSUMINISTROS CARLOSRAMIREZ,MercadoLíder Platinum,2300,100,10000,100,10,https://www.mercadolibre.com.ve/pagina/mcsuministroscarlosramirez4552,"San Cristóbal,","Arte, Papelería y Mercería",Papelería > Escolar > Escritura > Bolígrafos,"Arte, Papelería y Mercería > Papelería > Escolar > Escritura > Bolígrafos",Offi-Esco,OE-077F,"Marca: Offi-Esco | Modelo: OE-077F | Línea: Boligrafo | Tipo de envase: Caja | Grosor del trazo: 0,7 mm | Formato de venta: Pack | Unidades por pack: 12 | Tipo de lapicera: Bolígrafo | Tipo de trazo: Fino | Materiales: Plástico | Tipo de tinta: semi gel",https://http2.mlstatic.com/D_NQ_NP_2X_888176-MLV111128975966_052026-F.webp,https://articulo.mercadolibre.com.ve/MLV-749294136-boligrafo-offi-esco-color-negro-caja-x-12-und-_JM,https://www.google.com/search?q=%22MCSUMINISTROS%20CARLOSRAMIREZ%22%20Venezuela%20(whatsapp%20OR%20instagram%20OR%20rif%20OR%20telefono%20OR%20tienda),Sí,2026-08-15T08:31:06.603Z
MLV548770946,Cartulina Opalina 220 Gr Tamaño Carta Blanca De 100 Hojas Blanco,11.61,4.9,811,1000,0,Sí,MERCATEK 888,N/A,390,100,10000,100,10,https://www.mercadolibre.com.ve/pagina/mercatek888,"Mun. Libertador (Noreste), Distrito Capital","Arte, Papelería y Mercería",Papelería > Escolar > Papeles Artísticos y Técnicos,"Arte, Papelería y Mercería > Papelería > Escolar > Papeles Artísticos y Técnicos",Opalina,carta,"Marca: Opalina | Modelo: carta | Color: Blanco | Tipo de papel: Cartulina Lisa | Usos recomendados: DIPLOMAS, Dibujo técnico, tarjeteria certificados | Tamaño del papel: Carta 216 x 279 mm 8,5 x 11,0 pulg | Acabado: Mate | Gramaje: 220 g | Formato de venta: Unidad | Unidades por envase: 100 | Largo: 21,6 cm | Ancho: 27,9 cm",https://http2.mlstatic.com/D_NQ_NP_2X_651920-MLV46992230397_082021-F.webp,https://articulo.mercadolibre.com.ve/MLV-548770946-cartulina-opalina-220-gr-tamano-carta-blanca-de-100-hojas-blanco-_JM,https://www.google.com/search?q=%22MERCATEK%20888%22%20Venezuela%20(whatsapp%20OR%20instagram%20OR%20rif%20OR%20telefono%20OR%20tienda),Sí,2026-08-15T08:31:07.044Z
MLV743448520,Bolígrafos Lapiceros Plumas Paper Mate. Kilométricos,2.52,4.9,155,1000,0,Sí,DISTRIBUIDORA EDMIDIMAR CA,MercadoLíder Platinum,1500,100,10000,100,16,https://www.mercadolibre.com.ve/pagina/distribuidoraedmidimar_c.a,"Girardot (Maracay), Aragua","Arte, Papelería y Mercería",Papelería > Escolar > Escritura > Bolígrafos,"Arte, Papelería y Mercería > Papelería > Escolar > Escritura > Bolígrafos",Paper Mate,Kilometico Caja - Máxima Duración - Sin Interrupciones,Marca: Paper Mate | Modelo: Kilometico Caja - Máxima Duración - Sin Interrupciones | Línea: Boligrafo | Tipo de envase: Caja | Grosor del trazo: 1 mm | Formato de venta: Pack | Unidades por pack: 12 | Peso: 150 g | Tipo de lapicera: Bolígrafo punta fina | Tipo de trazo: Medio,https://http2.mlstatic.com/D_NQ_NP_2X_761706-MLV69632230151_052023-F.webp,https://articulo.mercadolibre.com.ve/MLV-743448520-boligrafos-lapiceros-plumas-paper-mate-kilometricos-_JM,https://www.google.com/search?q=%22DISTRIBUIDORA%20EDMIDIMAR%20CA%22%20Venezuela%20(whatsapp%20OR%20instagram%20OR%20rif%20OR%20telefono%20OR%20tienda),Sí,2026-08-15T08:31:07.464Z
MLV715143949,Lapiz De Grafito Hb Kores Caja De 12,3.45,5,57,500,0,Sí,PROPACA SUMINISTROS,MercadoLíder Platinum,1900,100,10000,99,13,https://www.mercadolibre.com.ve/pagina/propacasuministros,Mun. Libertador (,"Arte, Papelería y Mercería",Papelería > Escolar > Escritura > Lápices,"Arte, Papelería y Mercería > Papelería > Escolar > Escritura > Lápices",Kores,Grafito,Marca: Kores | Modelo: Grafito | Unidades por envase: 12 | Tipo de lápiz: Grafito | Graduación: HB | Con doble punta: No | Es lápiz acuarelable: No | Es lápiz pastel: No,https://http2.mlstatic.com/D_NQ_NP_2X_611980-MLV85661607509_062025-F.webp,https://articulo.mercadolibre.com.ve/MLV-715143949-lapiz-de-grafito-hb-kores-caja-de-12-_JM,https://www.google.com/search?q=%22PROPACA%20SUMINISTROS%22%20Venezuela%20(whatsapp%20OR%20instagram%20OR%20rif%20OR%20telefono%20OR%20tienda),Sí,2026-08-15T08:31:08.031Z
MLV790429206,Cartulina Opalina 180 Grs Carta Blanca De 100 Hojas Blanco Lisa,9.99,4.9,315,1000,0,Sí,MERCATEK 888,N/A,390,100,10000,100,10,https://www.mercadolibre.com.ve/pagina/mercatek888,"Mun. Libertador (Noreste), Distrito Capital","Arte, Papelería y Mercería",Papelería > Escolar > Papeles Artísticos y Técnicos,"Arte, Papelería y Mercería > Papelería > Escolar > Papeles Artísticos y Técnicos",Opalina Blanco,carta,"Marca: Opalina Blanco | Modelo: carta | Color: Blanco | Nombre del diseño: Lisa | Tipo de papel: Opalina Blanco | Usos recomendados: DIPLOMAS, Manualidades, dibujo, tarjetas, toppers | Tamaño del papel: Carta | Acabado: Mate | Gramaje: 180 g | Formato de venta: Pack | Unidades por pack: 100 | Unidades por envase: 100 | Largo: 21,6 cm | Ancho: 27,9 cm",https://http2.mlstatic.com/D_NQ_NP_2X_626970-MLV75557154907_042024-F.webp,https://articulo.mercadolibre.com.ve/MLV-790429206-cartulina-opalina-180-grs-carta-blanca-de-100-hojas-blanco-lisa-_JM,https://www.google.com/search?q=%22MERCATEK%20888%22%20Venezuela%20(whatsapp%20OR%20instagram%20OR%20rif%20OR%20telefono%20OR%20tienda),Sí,2026-08-15T08:31:09.043Z
MLV579015667,Lapiz De Grafito Hb Triangular Kores (caja De 12 Lápices) Negro,2.99,4.9,127,1000,0,Sí,VRSTORE CA,MercadoLíder Platinum,3400,500,10000,100,16,https://www.mercadolibre.com.ve/pagina/vrstoreca,"Barquisimeto, Lara","Arte, Papelería y Mercería",Papelería > Escolar > Escritura > Lápices,"Arte, Papelería y Mercería > Papelería > Escolar > Escritura > Lápices",Kores,HB,Marca: Kores | Modelo: HB | Color del trazo: Negro | Tipo de lápiz: Grafito | Graduación: HB | Con doble punta: No | Es lápiz acuarelable: No | Es lápiz pastel: No | Unidades por envase: 12 | Formato de venta: Pack | Unidades por pack: 12,https://http2.mlstatic.com/D_NQ_NP_2X_957105-MLV92028855255_092025-F.webp,https://articulo.mercadolibre.com.ve/MLV-579015667-lapiz-de-grafito-hb-triangular-kores-caja-de-12-lapices-negro-_JM,https://www.google.com/search?q=%22VRSTORE%20CA%22%20Venezuela%20(whatsapp%20OR%20instagram%20OR%20rif%20OR%20telefono%20OR%20tienda),Sí,2026-08-15T08:31:09.805Z
MLV825349608,Papel Fotográfico 180gr Carta 50 Hojas Korés Blanco,9.98,4.9,110,500,0,Sí,INVERSIONESFH9000CA,MercadoLíder Gold,220,500,1000,100,3,https://www.mercadolibre.com.ve/pagina/inversionesfh9000ca,"Cabudare, Lara","Arte, Papelería y Mercería",Papelería > Comercial y Oficina > Papeles para Impresión,"Arte, Papelería y Mercería > Papelería > Comercial y Oficina > Papeles para Impresión",Kores,N/A,"Marca: Kores | Tamaño del papel: Carta | Tipo de papel: Fotográfico | Color: Blanco | Cantidad de hojas: 50 | Gramaje: 180 g | Formato de venta: Pack | Unidades por pack: 50 | Peso: 0,5 g | Acabado: Brillante",https://http2.mlstatic.com/D_NQ_NP_2X_970273-MLV82200873511_012025-F.webp,https://articulo.mercadolibre.com.ve/MLV-825349608-papel-fotografico-180gr-carta-50-hojas-kores-blanco-_JM,https://www.google.com/search?q=%22INVERSIONESFH9000CA%22%20Venezuela%20(whatsapp%20OR%20instagram%20OR%20rif%20OR%20telefono%20OR%20tienda),Sí,2026-08-15T08:31:10.269Z
MLV752242614,Tabla De Apoyo Con Deposito O Carpeta Plástica Gancho Carta,8.99,4.9,0,1000,0,Sí,Pendiente,Pendiente,N/A,N/A,N/A,N/A,N/A,,Pendiente,N/A,N/A,N/A,N/A,N/A,N/A,https://http2.mlstatic.com/D_Q_NP_2X_993842-MLV87142139951_072025-E.webp,https://articulo.mercadolibre.com.ve/MLV-752242614-tabla-de-apoyo-con-deposito-o-carpeta-plastica-gancho-carta-_JM,,No,2026-08-16T23:31:31.972Z
MLV748643187,Rollo Etiquetas Impresora Termica Zebra 2100 Pega 57x32mm Blanco,6.29,5,86,1000,0,Sí,Stamprint,MercadoLíder Platinum,4300,500,50000,99,21,https://www.mercadolibre.com.ve/tienda/stamprint,"Los Teques Guaicaipuro, Miranda","Arte, Papelería y Mercería",Papelería > Escolar > Etiquetas Autoadhesivas,"Arte, Papelería y Mercería > Papelería > Escolar > Etiquetas Autoadhesivas",Stamprint,57x32mm,Marca: Stamprint | Modelo: 57x32mm | Color: Blanco | Largo x Ancho: 3.2 cm x 5.7 cm | Tipo de papel: Mate | Tipo de adhesión: Removible | Material: Papel | Usos recomendados: impresora zebra | Forma: Rectangular | Formato de las etiquetas: Rollo,https://http2.mlstatic.com/D_NQ_NP_2X_923377-MLV71808217373_092023-F.webp,https://articulo.mercadolibre.com.ve/MLV-748643187-rollo-etiquetas-impresora-termica-zebra-2100-pega-57x32mm-blanco-_JM,https://www.google.com/search?q=%22Stamprint%22%20Venezuela%20(whatsapp%20OR%20instagram%20OR%20rif%20OR%20telefono%20OR%20tienda),Sí,2026-08-15T08:31:11.259Z
MLV711328746,Sello Trodat Printy 4912 P2 Automatico.,4.99,4.9,41,500,0,Sí,VRSTORE CA,MercadoLíder Platinum,3400,500,10000,100,16,https://www.mercadolibre.com.ve/pagina/vrstoreca,"Barquisimeto, Lara","Arte, Papelería y Mercería",Papelería > Comercial y Oficina > Sellos,"Arte, Papelería y Mercería > Papelería > Comercial y Oficina > Sellos",Trodat,Printy 4912,"Marca: Trodat | Modelo: Printy 4912 | Diseño: Estilo compacto y moderno | Forma: Rectangular | Es automático: Sí | Es autotintable: Sí | Incluye set de letras intercambiables: No | Es personalizado: No | Formato de venta: Unidad | Largo x Ancho: 4.7 cm x 1.8 cm | Diámetro: 4,7 cm",https://http2.mlstatic.com/D_NQ_NP_2X_770858-MLV79858594727_102024-F.webp,https://articulo.mercadolibre.com.ve/MLV-711328746-sello-trodat-printy-4912-p2-automatico-_JM,https://www.google.com/search?q=%22VRSTORE%20CA%22%20Venezuela%20(whatsapp%20OR%20instagram%20OR%20rif%20OR%20telefono%20OR%20tienda),Sí,2026-08-15T08:31:11.682Z
MLV765916484,Opalina Premium 260 Gr Tamaño Carta Blanca 100 Hojas Gruesa Blanco,10.3,5,125,500,0,Sí,MERCATEK 888,N/A,390,100,10000,100,10,https://www.mercadolibre.com.ve/pagina/mercatek888,"Mun. Libertador (Noreste), Distrito Capital","Arte, Papelería y Mercería",Papelería > Escolar > Papeles Artísticos y Técnicos,"Arte, Papelería y Mercería > Papelería > Escolar > Papeles Artísticos y Técnicos",Tek,Opalina,Marca: Tek | Modelo: Opalina | Color: Blanco | Largo: 28 cm | Ancho: 22 cm | Formato de venta: Empaque de 100 | Unidades por pack: 100 | Unidades por envase: 100 | Tipo de papel: Opalina | Gramaje: 260 g,https://http2.mlstatic.com/D_NQ_NP_2X_725694-MLV106234944708_022026-F.webp,https://articulo.mercadolibre.com.ve/MLV-765916484-opalina-premium-260-gr-tamano-carta-blanca-100-hojas-gruesa-blanco-_JM,https://www.google.com/search?q=%22MERCATEK%20888%22%20Venezuela%20(whatsapp%20OR%20instagram%20OR%20rif%20OR%20telefono%20OR%20tienda),Sí,2026-08-15T08:31:12.101Z
MLV465640656,Papel Autoadhesivo Etiqueta Calcomania Mate Tamaño Carta Blanco,8,4.8,198,1000,0,Sí,VRSTORE CA,MercadoLíder Platinum,3400,500,10000,100,16,https://www.mercadolibre.com.ve/pagina/vrstoreca,"Barquisimeto, Lara","Arte, Papelería y Mercería",Papelería > Comercial y Oficina > Papeles para Impresión,"Arte, Papelería y Mercería > Papelería > Comercial y Oficina > Papeles para Impresión",Arclad,N/A,Marca: Arclad | Tamaño del papel: Carta | Tipo de papel: Autoadhesivo | Color: Blanco | Cantidad de hojas: 50 | Gramaje: 90 g | Formato de venta: Pack | Unidades por pack: 50 | Peso: 990 g | Acabado: Mate,https://http2.mlstatic.com/D_NQ_NP_2X_686006-MLV84252434054_052025-F.webp,https://articulo.mercadolibre.com.ve/MLV-465640656-papel-autoadhesivo-etiqueta-calcomania-mate-tamano-carta-blanco-_JM,https://www.google.com/search?q=%22VRSTORE%20CA%22%20Venezuela%20(whatsapp%20OR%20instagram%20OR%20rif%20OR%20telefono%20OR%20tienda),Sí,2026-08-15T08:31:12.542Z
MLV905787778,Papel Fotografico Jojo 180g Inkjet Blanco,2.47,4.9,87,1000,0,Sí,Studio8,MercadoLíder Platinum,480,50,1000,100,1,https://www.mercadolibre.com.ve/pagina/studio8,S,"Arte, Papelería y Mercería",Papelería > Comercial y Oficina > Papeles para Impresión,"Arte, Papelería y Mercería > Papelería > Comercial y Oficina > Papeles para Impresión",Jojo,N/A,Marca: Jojo | Tamaño del papel: A4 | Tipo de papel: Fotográfico | Color: Blanco | Cantidad de hojas: 20 | Gramaje: 180 g | Formato de venta: Pack | Unidades por pack: 20 | Peso: 180 g | Acabado: Brillante,https://http2.mlstatic.com/D_NQ_NP_2X_869736-MLV105306792118_012026-F.webp,https://articulo.mercadolibre.com.ve/MLV-905787778-papel-fotografico-jojo-180g-inkjet-blanco-_JM,https://www.google.com/search?q=%22Studio8%22%20Venezuela%20(whatsapp%20OR%20instagram%20OR%20rif%20OR%20telefono%20OR%20tienda),Sí,2026-08-15T08:31:12.957Z
MLV761097958,Bolígrafos Lapiceros Lainer 0.5mm Tinta Gel Ln-979 Negro,3,4.9,88,1000,0,Sí,Lainer,MercadoLíder Platinum,480,N/A,1000,99,3,https://www.mercadolibre.com.ve/tienda/lainer,"Mun. Libertador (Centro), Distrito Capital","Arte, Papelería y Mercería",Papelería > Escolar > Escritura > Bolígrafos,"Arte, Papelería y Mercería > Papelería > Escolar > Escritura > Bolígrafos",LAINER,LN-979,"Marca: LAINER | Modelo: LN-979 | Línea: LAINER | Color del exterior: Negro | Tipo de envase: Caja | Grosor del trazo: 0,5 mm | Formato de venta: Pack | Unidades por pack: 12 | Altura: 14 cm | Diámetro: 7 mm | Peso: 0,14 g | Tipo de lapicera: Bolígrafo | Tipo de trazo: Fino | Tipo de tinta: Gel | Incluye estuche: No",https://http2.mlstatic.com/D_NQ_NP_2X_972342-MLV87700422810_072025-F.webp,https://articulo.mercadolibre.com.ve/MLV-761097958-boligrafos-lapiceros-lainer-05mm-tinta-gel-ln-979-negro-_JM,https://www.google.com/search?q=%22Lainer%22%20Venezuela%20(whatsapp%20OR%20instagram%20OR%20rif%20OR%20telefono%20OR%20tienda),Sí,2026-08-15T08:31:13.387Z
MLV707617521,Papel Fotografico 180gr Carta 50 Hojas Marca Kores Blanco,9.98,5,196,500,0,Sí,GLOBAL CGN CA,MercadoLíder Platinum,410,100,1000,100,5,https://www.mercadolibre.com.ve/pagina/globalcgnca,"Cabudare, Lara","Arte, Papelería y Mercería",Papelería > Comercial y Oficina > Papeles para Impresión,"Arte, Papelería y Mercería > Papelería > Comercial y Oficina > Papeles para Impresión",Kores,N/A,Marca: Kores | Tamaño del papel: Carta | Tipo de papel: Fotográfico | Color: Blanco | Cantidad de hojas: 50 | Gramaje: 180 g | Formato de venta: Pack | Unidades por pack: 50 | Acabado: Brillante,https://http2.mlstatic.com/D_NQ_NP_2X_798427-MLV72126458145_102023-F.webp,https://articulo.mercadolibre.com.ve/MLV-707617521-papel-fotografico-180gr-carta-50-hojas-marca-kores-blanco-_JM,https://www.google.com/search?q=%22GLOBAL%20CGN%20CA%22%20Venezuela%20(whatsapp%20OR%20instagram%20OR%20rif%20OR%20telefono%20OR%20tienda),Sí,2026-08-15T08:31:13.796Z
MLV792185068,Papel Fotográfico 230gms Tinec A4 20hojas Alta Resolución Blanco,20,4.9,329,500,0,Sí,lnb2009,MercadoLíder Platinum,1600,100,10000,100,22,https://www.mercadolibre.com.ve/pagina/lnb_2009,"Barquisimeto, Lara","Arte, Papelería y Mercería",Papelería > Comercial y Oficina > Papeles para Impresión,"Arte, Papelería y Mercería > Papelería > Comercial y Oficina > Papeles para Impresión",Tinec,N/A,Marca: Tinec | Tamaño del papel: A4 | Tipo de papel: Fotográfico | Color: Blanco | Cantidad de hojas: 20 | Gramaje: 230 g | Formato de venta: Pack | Unidades por pack: 6 | Acabado: Brillante,https://http2.mlstatic.com/D_NQ_NP_2X_776973-MLV81809859211_012025-F.webp,https://articulo.mercadolibre.com.ve/MLV-792185068-papel-fotografico-230gms-tinec-a4-20hojas-alta-resolucion-blanco-_JM,https://www.google.com/search?q=%22lnb2009%22%20Venezuela%20(whatsapp%20OR%20instagram%20OR%20rif%20OR%20telefono%20OR%20tienda),Sí,2026-08-15T08:31:14.197Z
MLV729160286,Marcadores De Diseño Touch Doble Punta Permanente 80 Pcs Vibrante,10,4.8,543,1000,0,Sí,rivervaleca,MercadoLíder Platinum,1100,500,10000,98,4,https://www.mercadolibre.com.ve/pagina/ferretoysa,"Barquisimeto, Lara","Arte, Papelería y Mercería",Papelería > Escolar > Escritura > Marcadores y Resaltadores,"Arte, Papelería y Mercería > Papelería > Escolar > Escritura > Marcadores y Resaltadores",Touch,80 piezas,Marca: Touch | Modelo: 80 piezas | Tipo de marcador: Doble punta | Color: Vibrante | Formato de venta: Pack | Tipo de punta: Doble | Grosor del trazo: 6mm,https://http2.mlstatic.com/D_NQ_NP_2X_805633-MLV89354672258_082025-F.webp,https://articulo.mercadolibre.com.ve/MLV-729160286-marcadores-de-diseno-touch-doble-punta-permanente-80-pcs-vibrante-_JM,https://www.google.com/search?q=%22rivervaleca%22%20Venezuela%20(whatsapp%20OR%20instagram%20OR%20rif%20OR%20telefono%20OR%20tienda),Sí,2026-08-15T08:31:14.744Z
MLV761381906,Carpeta Marron Oficio Paquete 25 Und Incluye Ganchos Marrón,9.98,4.9,211,1000,0,Sí,EL ESTUDIANTEC A,MercadoLíder Platinum,220,100,1000,99,12,https://www.mercadolibre.com.ve/pagina/elestudiantec.a6773,"Barquisimeto, Lara","Arte, Papelería y Mercería",Papelería > Comercial y Oficina > Archivadores y Carpetas,"Arte, Papelería y Mercería > Papelería > Comercial y Oficina > Archivadores y Carpetas",Genérica,Oficio,Marca: Genérica | Modelo: Oficio | Color: Marrón | Diseño: Liso | Formato de venta: Pack | Unidades por envase: 25 | Largo x Ancho: 35 cm x 24.5 cm | Tipo de carpeta: Carpeta | Tamaño de las hojas: Oficio | Con anillos: No,https://http2.mlstatic.com/D_NQ_NP_2X_899665-MLV95632439959_102025-F.webp,https://articulo.mercadolibre.com.ve/MLV-761381906-carpeta-marron-oficio-paquete-25-und-incluye-ganchos-marron-_JM,https://www.google.com/search?q=%22EL%20ESTUDIANTEC%20A%22%20Venezuela%20(whatsapp%20OR%20instagram%20OR%20rif%20OR%20telefono%20OR%20tienda),Sí,2026-08-15T08:31:15.175Z
MLV712756285,Papel Fotográfico Inkjet Jojo 180 Gr (20 Hojas) Negro,2.46,4.8,129,1000,0,Sí,FERRE TOYS,N/A,4500,500,50000,99,19,https://www.mercadolibre.com.ve/pagina/ferretoys,"Barquisimeto, Lara","Arte, Papelería y Mercería",Papelería > Comercial y Oficina > Papeles para Impresión,"Arte, Papelería y Mercería > Papelería > Comercial y Oficina > Papeles para Impresión",Jojo,N/A,Marca: Jojo | Tamaño del papel: A4 | Tipo de papel: Fotográfico | Color: Negro | Cantidad de hojas: 20 | Gramaje: 180 g | Formato de venta: Pack | Unidades por pack: 20 | Peso: 230 g | Acabado: Brillante,https://http2.mlstatic.com/D_NQ_NP_2X_799295-MLV51096229076_082022-F.webp,https://articulo.mercadolibre.com.ve/MLV-712756285-papel-fotografico-inkjet-jojo-180-gr-20-hojas-negro-_JM,https://www.google.com/search?q=%22FERRE%20TOYS%22%20Venezuela%20(whatsapp%20OR%20instagram%20OR%20rif%20OR%20telefono%20OR%20tienda),Sí,2026-08-15T08:31:15.647Z
MLV710925758,Carpeta Marrón Oficio Con Ganchos Paquete X 25 Unidades,10,4.9,23,1000,0,Sí,FEGRALCA,MercadoLíder Platinum,920,100,10000,99,10,https://www.mercadolibre.com.ve/pagina/fegralca,"Mun. Libertador (Noreste), Distrito Capital","Arte, Papelería y Mercería",Papelería > Comercial y Oficina > Archivadores y Carpetas,"Arte, Papelería y Mercería > Papelería > Comercial y Oficina > Archivadores y Carpetas",Carpeta marron,Fibra marrón,Marca: Carpeta marron | Modelo: Fibra marrón | Diseño: Liso | Largo x Ancho: 35 cm x 24.5 cm | Espesor: 2 mm | Formato de venta: Pack | Unidades por pack: 25 | Unidades por envase: 25 | Tipo de carpeta: Carpeta | Material: Cartulina | Tamaño de las hojas: Carta | Con anillos: No,https://http2.mlstatic.com/D_NQ_NP_2X_735212-MLV112809841243_062026-F.webp,https://articulo.mercadolibre.com.ve/MLV-710925758-carpeta-marron-oficio-con-ganchos-paquete-x-25-unidades-_JM,https://www.google.com/search?q=%22FEGRALCA%22%20Venezuela%20(whatsapp%20OR%20instagram%20OR%20rif%20OR%20telefono%20OR%20tienda),Sí,2026-08-15T08:31:16.457Z
MLV502789054,Cartulina Opalina 150grs. Tamaño Oficio (precio De Promo) Blanco,6.99,4.9,267,1000,0,Sí,VRSTORE CA,MercadoLíder Platinum,3400,500,10000,100,16,https://www.mercadolibre.com.ve/pagina/vrstoreca,"Barquisimeto, Lara","Arte, Papelería y Mercería",Papelería > Escolar > Papeles Artísticos y Técnicos,"Arte, Papelería y Mercería > Papelería > Escolar > Papeles Artísticos y Técnicos",chambril y kores,N/A,"Marca: chambril y kores | Color: Blanco | Largo: 33 cm | Ancho: 21,56 cm | Formato de venta: Pack | Unidades por pack: 100 | Tipo de papel: Opalina | Usos recomendados: Dibujo técnico, Impresiones, tarjeteria | Tamaño del papel: Oficio | Acabado: Mate | Gramaje: 150 g",https://http2.mlstatic.com/D_NQ_NP_2X_820466-MLV79488614456_102024-F.webp,https://articulo.mercadolibre.com.ve/MLV-502789054-cartulina-opalina-150grs-tamano-oficio-precio-de-promo-blanco-_JM,https://www.google.com/search?q=%22VRSTORE%20CA%22%20Venezuela%20(whatsapp%20OR%20instagram%20OR%20rif%20OR%20telefono%20OR%20tienda),Sí,2026-08-15T08:31:16.897Z
MLV710474312,Bolsa De Seguridad Autoadhesivas De 19 X 26 Cm (100pack),10.2,4.9,134,1000,0,Sí,DECORLEDSTORE,MercadoLíder Platinum,380,100,5000,100,16,https://www.mercadolibre.com.ve/pagina/decorledstore,"San Diego (San Diego), Carabobo","Arte, Papelería y Mercería",Papelería > Comercial y Oficina > Sobres,"Arte, Papelería y Mercería > Papelería > Comercial y Oficina > Sobres",mailers,100 pack,Marca: mailers | Modelo: 100 pack | Tipo de producto: Sobre | Materiales: Plástico | Tipo de cierre: Adhesivo | Con ventana: No | Formato de venta: Pack | Unidades por pack: 100 | Ancho x Largo: 19 cm x 26 cm,https://http2.mlstatic.com/D_NQ_NP_2X_913666-MLM73508382892_122023-F.webp,https://articulo.mercadolibre.com.ve/MLV-710474312-bolsa-de-seguridad-autoadhesivas-de-19-x-26-cm-100pack-_JM,https://www.google.com/search?q=%22DECORLEDSTORE%22%20Venezuela%20San%20Diego%20(San%20Diego)%20(whatsapp%20OR%20instagram%20OR%20rif%20OR%20telefono%20OR%20tienda),Sí,2026-08-16T23:31:25.835Z
MLV812153282,Papel Fotográfico 230gms Brillante De Alta Resolución Blanco,3.45,4.9,81,500,0,Sí,lnb2009,MercadoLíder Platinum,1600,100,10000,100,22,https://www.mercadolibre.com.ve/pagina/lnb_2009,"Barquisimeto, Lara","Arte, Papelería y Mercería",Papelería > Comercial y Oficina > Papeles para Impresión,"Arte, Papelería y Mercería > Papelería > Comercial y Oficina > Papeles para Impresión",Tinec,N/A,Marca: Tinec | Tamaño del papel: A4 | Tipo de papel: Fotográfico | Color: Blanco | Cantidad de hojas: 20 | Gramaje: 230 g | Formato de venta: Unidad | Acabado: Brillante,https://http2.mlstatic.com/D_NQ_NP_2X_933701-MLV86992829877_062025-F.webp,https://articulo.mercadolibre.com.ve/MLV-812153282-papel-fotografico-230gms-brillante-de-alta-resolucion-blanco-_JM,https://www.google.com/search?q=%22lnb2009%22%20Venezuela%20(whatsapp%20OR%20instagram%20OR%20rif%20OR%20telefono%20OR%20tienda),Sí,2026-08-15T08:31:18.287Z
MLV766426023,Papel De Sublimacion 0.61x30 Metros Blanco,26.25,5,5,500,0,Sí,MATERIALESCPO,N/A,750,100,N/A,N/A,N/A,https://www.mercadolibre.com.ve/pagina/materialescpo3433,"Lechería, Anzoátegui","Arte, Papelería y Mercería",Papelería > Comercial y Oficina > Papeles para Impresión,"Arte, Papelería y Mercería > Papelería > Comercial y Oficina > Papeles para Impresión",Qualitexpaper,N/A,Marca: Qualitexpaper | Tamaño del papel: 0.61 | Tipo de papel: Sublimación | Color: Blanco | Gramaje: 100 g | Formato de venta: Unidad | Acabado: Mate,https://http2.mlstatic.com/D_NQ_NP_2X_914563-MLV82818251877_032025-F.webp,https://articulo.mercadolibre.com.ve/MLV-766426023-papel-de-sublimacion-061x30-metros-blanco-_JM,https://www.google.com/search?q=%22MATERIALESCPO%22%20Venezuela%20(whatsapp%20OR%20instagram%20OR%20rif%20OR%20telefono%20OR%20tienda),Sí,2026-08-15T08:31:18.888Z
MLV764114219,Marcador Pizarra Acrílico Expo Caja X 12 Und,14.66,4.9,66,500,0,Sí,MCSUMINISTROS CARLOSRAMIREZ,MercadoLíder Platinum,2300,100,10000,100,10,https://www.mercadolibre.com.ve/pagina/mcsuministroscarlosramirez4552,"San Cristóbal,","Arte, Papelería y Mercería",Papelería > Escolar > Escritura > Marcadores y Resaltadores,"Arte, Papelería y Mercería > Papelería > Escolar > Escritura > Marcadores y Resaltadores",Expo,pizarra,Marca: Expo | Modelo: pizarra | Tipo de marcador: Marcador para pizarra | Formato de venta: Pack | Unidades por envase: 12 | Tipo de envase: Caja | Material del cuerpo: Plástico,https://http2.mlstatic.com/D_NQ_NP_2X_860407-MLV111454830758_052026-F.webp,https://articulo.mercadolibre.com.ve/MLV-764114219-marcador-pizarra-acrilico-expo-caja-x-12-und-_JM,https://www.google.com/search?q=%22MCSUMINISTROS%20CARLOSRAMIREZ%22%20Venezuela%20(whatsapp%20OR%20instagram%20OR%20rif%20OR%20telefono%20OR%20tienda),Sí,2026-08-15T08:31:19.333Z
MLV576507689,Carpetas Marron Oficio Brillante Con Gancho Marrón,9.99,4.8,125,500,0,Sí,VRSTORE CA,MercadoLíder Platinum,3400,500,10000,100,16,https://www.mercadolibre.com.ve/pagina/vrstoreca,"Barquisimeto, Lara","Arte, Papelería y Mercería",Papelería > Comercial y Oficina > Archivadores y Carpetas,"Arte, Papelería y Mercería > Papelería > Comercial y Oficina > Archivadores y Carpetas",N/A,Oficio,Modelo: Oficio | Color: Marrón | Diseño: Liso | Formato de venta: Pack | Unidades por pack: 25 | Unidades por envase: 25,https://http2.mlstatic.com/D_NQ_NP_2X_926966-MLV45232813189_032021-F.webp,https://articulo.mercadolibre.com.ve/MLV-576507689-carpetas-marron-oficio-brillante-con-gancho-marron-_JM,https://www.google.com/search?q=%22VRSTORE%20CA%22%20Venezuela%20(whatsapp%20OR%20instagram%20OR%20rif%20OR%20telefono%20OR%20tienda),Sí,2026-08-15T08:31:19.809Z
MLV726035472,Caja Boligrafos Lapiceros Negro Y Azul Economicos X 12 Unid.,2.5,4.8,44,500,0,Sí,FEGRALCA,MercadoLíder Platinum,920,100,10000,99,10,https://www.mercadolibre.com.ve/pagina/fegralca,"Mun. Libertador (Noreste), Distrito Capital","Arte, Papelería y Mercería",Papelería > Escolar > Escritura > Bolígrafos,"Arte, Papelería y Mercería > Papelería > Escolar > Escritura > Bolígrafos",Ofimak,metrix,Marca: Ofimak | Modelo: metrix | Tipo de envase: Caja | Tipo de lapicera: Bolígrafo | Tipo de trazo: Medio | Tipo de tinta: Líquida | Es apta para grabado: No | Incluye estuche: No | Formato de venta: Pack | Unidades por envase: 12 | Unidades por pack: 12,https://http2.mlstatic.com/D_NQ_NP_2X_968246-MLV106375861118_022026-F.webp,https://articulo.mercadolibre.com.ve/MLV-726035472-caja-boligrafos-lapiceros-negro-y-azul-economicos-x-12-unid-_JM,https://www.google.com/search?q=%22FEGRALCA%22%20Venezuela%20(whatsapp%20OR%20instagram%20OR%20rif%20OR%20telefono%20OR%20tienda),Sí,2026-08-15T08:31:20.481Z
MLV729205521,Marcadores De Diseño Touch Doble Punta Permanente 80 Pcs Vibrant,10,4.8,236,500,0,Sí,TODOLANDIA 2012,N/A,630,100,10000,98,16,https://www.mercadolibre.com.ve/pagina/todolandia2012,"Barquisimeto, Lara","Arte, Papelería y Mercería",Papelería > Escolar > Escritura > Marcadores y Resaltadores,"Arte, Papelería y Mercería > Papelería > Escolar > Escritura > Marcadores y Resaltadores",Touch,80 piezas,Marca: Touch | Modelo: 80 piezas | Tipo de marcador: Doble punta | Color: Vibrant | Formato de venta: Pack | Tipo de punta: Doble | Grosor del trazo: 6mm,https://http2.mlstatic.com/D_NQ_NP_2X_695032-MLV52416165754_112022-F.webp,https://articulo.mercadolibre.com.ve/MLV-729205521-marcadores-de-diseno-touch-doble-punta-permanente-80-pcs-vibrant-_JM,https://www.google.com/search?q=%22TODOLANDIA%202012%22%20Venezuela%20(whatsapp%20OR%20instagram%20OR%20rif%20OR%20telefono%20OR%20tienda),Sí,2026-08-15T08:31:20.938Z
MLV780658278,Marcadores De Diseño Touch Doble Punta Permanente 168 Pcs,20,4.8,24,500,0,Sí,FERRE TOYS,N/A,4500,500,50000,99,19,https://www.mercadolibre.com.ve/pagina/ferretoys,"Barquisimeto, Lara","Arte, Papelería y Mercería",Papelería > Escolar > Escritura > Marcadores y Resaltadores,"Arte, Papelería y Mercería > Papelería > Escolar > Escritura > Marcadores y Resaltadores",Touch,doble punta,Marca: Touch | Modelo: doble punta | Diseño: Doble punta | Tipo de marcador: base de alcohol | Formato de venta: Pack | Unidades por pack: 168 | Tipo de envase: Estuche | Material del cuerpo: PVC | Tipo de punta: Doble | Tipo de tinta: A base de alcohol | Superficies recomendadas: papel madera vidrio carton,https://http2.mlstatic.com/D_NQ_NP_2X_761900-MLV73387571879_122023-F.webp,https://articulo.mercadolibre.com.ve/MLV-780658278-marcadores-de-diseno-touch-doble-punta-permanente-168-pcs-_JM,https://www.google.com/search?q=%22FERRE%20TOYS%22%20Venezuela%20(whatsapp%20OR%20instagram%20OR%20rif%20OR%20telefono%20OR%20tienda),Sí,2026-08-15T08:31:21.823Z
MLV706118182,Carpeta Manila Tamaño Carta Paquete De 50 Unidades,6,4.8,153,500,0,Sí,FEGRALCA,MercadoLíder Platinum,920,100,10000,99,10,https://www.mercadolibre.com.ve/pagina/fegralca,"Mun. Libertador (Noreste), Distrito Capital","Arte, Papelería y Mercería",Papelería > Comercial y Oficina > Archivadores y Carpetas,"Arte, Papelería y Mercería > Papelería > Comercial y Oficina > Archivadores y Carpetas",Oficina,Carpeta manila tamaño carta,Marca: Oficina | Modelo: Carpeta manila tamaño carta | Diseño: Liso | Largo x Ancho: 30 cm x 24 cm | Formato de venta: Pack | Unidades por pack: 50 | Unidades por envase: 50 | Tipo de carpeta: Carpeta | Material: Cartulina | Tamaño de las hojas: Carta | Con anillos: No,https://http2.mlstatic.com/D_NQ_NP_2X_807995-MLV48299596649_112021-F.webp,https://articulo.mercadolibre.com.ve/MLV-706118182-carpeta-manila-tamano-carta-paquete-de-50-unidades-_JM,https://www.google.com/search?q=%22FEGRALCA%22%20Venezuela%20(whatsapp%20OR%20instagram%20OR%20rif%20OR%20telefono%20OR%20tienda),Sí,2026-08-15T08:31:22.288Z
MLV812035344,Papel Sticker Adhesivo Para Calcomanías Etiquetas Fotografic Blanco,9.99,4.9,320,1000,0,Sí,lnb2009,MercadoLíder Platinum,1600,100,10000,100,22,https://www.mercadolibre.com.ve/pagina/lnb_2009,"Barquisimeto, Lara","Arte, Papelería y Mercería",Papelería > Comercial y Oficina > Papeles para Impresión,"Arte, Papelería y Mercería > Papelería > Comercial y Oficina > Papeles para Impresión",Tinec,N/A,Marca: Tinec | Tamaño del papel: A4 | Tipo de papel: Auto-Adhesivo | Color: Blanco | Cantidad de hojas: 50 | Gramaje: 115 g | Acabado: Brillante,https://http2.mlstatic.com/D_NQ_NP_2X_743500-MLV86953410264_072025-F.webp,https://articulo.mercadolibre.com.ve/MLV-812035344-papel-sticker-adhesivo-para-calcomanias-etiquetas-fotografic-blanco-_JM,https://www.google.com/search?q=%22lnb2009%22%20Venezuela%20Barquisimeto%20(whatsapp%20OR%20instagram%20OR%20rif%20OR%20telefono%20OR%20tienda),Sí,2026-08-16T23:30:47.122Z
MLV763721047,Archivadores Carpetas Tipo Oslo Tamaño Oficio Negro,2.99,4.9,54,500,0,Sí,TUACCESORIOALAMANO,MercadoLíder Platinum,340,100,1000,100,10,https://www.mercadolibre.com.ve/pagina/tuaccesorioalamano,"Mun. Libertador (Oeste), Distrito Capital","Arte, Papelería y Mercería",Papelería > Comercial y Oficina > Archivadores y Carpetas,"Arte, Papelería y Mercería > Papelería > Comercial y Oficina > Archivadores y Carpetas",Crisvi,Carpeta archivo,Marca: Crisvi | Modelo: Carpeta archivo | Color: Negro | Diseño: Carpeta | Formato de venta: Unidad | Tipo de carpeta: Folders | Material: Cartón | Tamaño de las hojas: Carta | Con anillos: No,https://http2.mlstatic.com/D_NQ_NP_2X_626474-MLV111298682071_052026-F.webp,https://articulo.mercadolibre.com.ve/MLV-763721047-archivadores-carpetas-tipo-oslo-tamano-oficio-negro-_JM,https://www.google.com/search?q=%22TUACCESORIOALAMANO%22%20Venezuela%20(whatsapp%20OR%20instagram%20OR%20rif%20OR%20telefono%20OR%20tienda),Sí,2026-08-15T08:31:23.182Z
MLV751901104,Tabla De Apoyo Con Deposito Colores,8.99,4.9,0,1000,0,Sí,Pendiente,Pendiente,N/A,N/A,N/A,N/A,N/A,,Pendiente,N/A,N/A,N/A,N/A,N/A,N/A,https://http2.mlstatic.com/D_Q_NP_2X_720393-MLV111719928693_052026-E.webp,https://articulo.mercadolibre.com.ve/MLV-751901104-tabla-de-apoyo-con-deposito-colores-_JM,,No,2026-08-16T23:31:06.827Z
MLV796661386,Papel Fotografico Autoadhesivo Etiqueta Sticker A4 115 Gr Blanco,3.5,4.9,74,500,0,Sí,FERRE TOYS,N/A,4500,500,50000,99,19,https://www.mercadolibre.com.ve/pagina/ferretoys,"Barquisimeto, Lara","Arte, Papelería y Mercería",Papelería > Comercial y Oficina > Papeles para Impresión,"Arte, Papelería y Mercería > Papelería > Comercial y Oficina > Papeles para Impresión",Genérica,N/A,Marca: Genérica | Tamaño del papel: A4 | Tipo de papel: Fotográfico | Color: Blanco | Cantidad de hojas: 20 | Gramaje: 115 g | Formato de venta: Pack | Unidades por pack: 20 | Acabado: Brillante,https://http2.mlstatic.com/D_NQ_NP_2X_698482-MLV76457101326_052024-F.webp,https://articulo.mercadolibre.com.ve/MLV-796661386-papel-fotografico-autoadhesivo-etiqueta-sticker-a4-115-gr-blanco-_JM,https://www.google.com/search?q=%22FERRE%20TOYS%22%20Venezuela%20(whatsapp%20OR%20instagram%20OR%20rif%20OR%20telefono%20OR%20tienda),Sí,2026-08-15T08:31:24.090Z
MLV761097986,Boligrafos Lapiceros Lainer 0.5mm Tinta Gel Ln-543 Negro,3,4.9,67,500,0,Sí,Lainer,MercadoLíder Platinum,480,5,1000,99,3,https://www.mercadolibre.com.ve/tienda/lainer,"Mun. Libertador (Centro), Distrito Capital","Arte, Papelería y Mercería",Papelería > Escolar > Escritura > Bolígrafos,"Arte, Papelería y Mercería > Papelería > Escolar > Escritura > Bolígrafos",LAINER,LN-543,"Marca: LAINER | Modelo: LN-543 | Línea: LAINER | Color del exterior: Negro | Color de la tinta: Negro | Tipo de envase: Caja | Grosor del trazo: 0,5 mm | Formato de venta: Pack | Unidades por pack: 12 | Altura: 14 cm | Diámetro: 7 mm | Peso: 0,16 g | Tipo de lapicera: Bolígrafo | Tipo de trazo: Fino | Tipo de tinta: Gel | Incluye estuche: No",https://http2.mlstatic.com/D_NQ_NP_2X_784748-MLV88038784955_072025-F.webp,https://articulo.mercadolibre.com.ve/MLV-761097986-boligrafos-lapiceros-lainer-05mm-tinta-gel-ln-543-negro-_JM,https://www.google.com/search?q=%22Lainer%22%20Venezuela%20(whatsapp%20OR%20instagram%20OR%20rif%20OR%20telefono%20OR%20tienda),Sí,2026-08-15T08:31:24.592Z
MLV771895898,Papel Fotografico Brillante 230g Carta 20 Hojas,3.5,4.9,107,1000,0,Sí,Merletto,MercadoLíder Platinum,580,50,1000,100,3,https://www.mercadolibre.com.ve/tienda/merletto,"Valencia (Valencia), Carabobo","Arte, Papelería y Mercería",Papelería > Comercial y Oficina > Papeles para Impresión,"Arte, Papelería y Mercería > Papelería > Comercial y Oficina > Papeles para Impresión",Merletto,N/A,Marca: Merletto | Tamaño del papel: Carta | Tipo de papel: Fotográfico | Cantidad de hojas: 20 | Gramaje: 230 g | Formato de venta: Unidad | Peso: 287 g | Acabado: Brillante,https://http2.mlstatic.com/D_NQ_NP_2X_649179-MLV72093145037_102023-F.webp,https://articulo.mercadolibre.com.ve/MLV-771895898-papel-fotografico-brillante-230g-carta-20-hojas-_JM,https://www.google.com/search?q=%22Merletto%22%20Venezuela%20(whatsapp%20OR%20instagram%20OR%20rif%20OR%20telefono%20OR%20tienda),Sí,2026-08-15T08:31:25.029Z
MLV502789132,Cartulina Sulfato Calibre 16 (cartulina Doble Faz) Blanco,9.99,4.9,138,1000,0,Sí,VRSTORE CA,MercadoLíder Platinum,3400,500,10000,100,16,https://www.mercadolibre.com.ve/pagina/vrstoreca,"Barquisimeto, Lara","Arte, Papelería y Mercería",Papelería > Escolar > Papeles Artísticos y Técnicos,"Arte, Papelería y Mercería > Papelería > Escolar > Papeles Artísticos y Técnicos",N/A,N/A,"Color: Blanco | Largo: 100 cm | Ancho: 70 cm | Usos recomendados: Impresión de alta calidad, diseño gráfico, presentaciones profesionales | Tamaño del papel: 70 cm x 100 cm | Acabado: una cara mate y otra brillante | Gramaje: 250 g | Formato de venta: Pack | Unidades por pack: 10 | Unidades por envase: 10",https://http2.mlstatic.com/D_NQ_NP_2X_786758-MLV47177915451_082021-F.webp,https://articulo.mercadolibre.com.ve/MLV-502789132-cartulina-sulfato-calibre-16-cartulina-doble-faz-blanco-_JM,https://www.google.com/search?q=%22VRSTORE%20CA%22%20Venezuela%20(whatsapp%20OR%20instagram%20OR%20rif%20OR%20telefono%20OR%20tienda),Sí,2026-08-15T08:31:25.488Z
MLV748022416,Tirro Cinta Papel Enmascarar Ecotools 3/4 X 30m - 3 Unidades Marrón Claro Liso,2.7,4.8,62,500,0,Sí,Ecotools,MercadoLíder Platinum,1800,100,10000,99,3,https://www.mercadolibre.com.ve/tienda/ecotools,"Mun. Libertador (Sureste), Distrito Capital","Arte, Papelería y Mercería",Papelería > Comercial y Oficina > Pegamentos y Cortantes > Cintas Adhesivas,"Arte, Papelería y Mercería > Papelería > Comercial y Oficina > Pegamentos y Cortantes > Cintas Adhesivas",Ecotools,"3/4""X30M TODO USO","Marca: Ecotools | Modelo: 3/4""X30M TODO USO | Color: Marrón claro | Nombre del diseño: Liso | Cantidad de packs: 3 | Largo x Ancho: 30 m x 1.8 cm | Espesor: 18 mm | Formato de venta: Pack | Unidades por pack: 3 | Tipo de cinta adhesiva: Enmascarar | Superficies recomendadas: Todas | Material: Papel | Acabado: Mate Liso | Es escribible: Sí | Es transparente: No | Con dispensador: No",https://http2.mlstatic.com/D_NQ_NP_2X_979058-MLV81805834130_012025-F.webp,https://articulo.mercadolibre.com.ve/MLV-748022416-tirro-cinta-papel-enmascarar-ecotools-34-x-30m-3-unidades-marron-claro-liso-_JM,https://www.google.com/search?q=%22Ecotools%22%20Venezuela%20(whatsapp%20OR%20instagram%20OR%20rif%20OR%20telefono%20OR%20tienda),Sí,2026-08-15T08:31:25.930Z
MLV552436492,Bobina De Papel Intervoox Kraft 60 Cm 160 Metros Marrón,29.61,4.9,137,500,0,Sí,GRUPOVOOX,MercadoLíder Gold,50,5,1000,98,15,https://www.mercadolibre.com.ve/pagina/grupovoox,"Mun. Sucre (centro), Distrito Capital","Arte, Papelería y Mercería",Papelería > Comercial y Oficina > Papeles para Impresión,"Arte, Papelería y Mercería > Papelería > Comercial y Oficina > Papeles para Impresión",Intervoox,N/A,"Marca: Intervoox | Tamaño del papel: 55 CM | Tipo de papel: INTERVOOX | Color: Marrón | Cantidad de hojas: 0 | Gramaje: 50 g | Formato de venta: Unidad | Peso: 4,5 kg | Acabado: Mate",https://http2.mlstatic.com/D_NQ_NP_2X_929435-MLV77028113902_062024-F.webp,https://articulo.mercadolibre.com.ve/MLV-552436492-bobina-de-papel-intervoox-kraft-60-cm-160-metros-marron-_JM,https://www.google.com/search?q=%22GRUPOVOOX%22%20Venezuela%20(whatsapp%20OR%20instagram%20OR%20rif%20OR%20telefono%20OR%20tienda),Sí,2026-08-15T08:31:26.431Z
MLV487835662,Cartulina Opalina Favini Blanca 200g Carta 100 Hojas (kores) Blanco,14.99,4.8,610,1000,0,Sí,VRSTORE CA,MercadoLíder Platinum,3400,500,10000,100,16,https://www.mercadolibre.com.ve/pagina/vrstoreca,"Barquisimeto, Lara","Arte, Papelería y Mercería",Papelería > Escolar > Papeles Artísticos y Técnicos,"Arte, Papelería y Mercería > Papelería > Escolar > Papeles Artísticos y Técnicos",Opalina,favini,"Marca: Opalina | Modelo: favini | Color: Blanco | Tipo de papel: Opalina | Usos recomendados: DIPLOMAS, Dibujo técnico, Impresiones | Tamaño del papel: Carta | Acabado: Extra blanca | Gramaje: 200 g | Formato de venta: Pack | Unidades por pack: 100 | Largo: 27,9 cm | Ancho: 21,56 cm",https://http2.mlstatic.com/D_NQ_NP_2X_765806-MLV112675077946_062026-F.webp,https://articulo.mercadolibre.com.ve/MLV-487835662-cartulina-opalina-favini-blanca-200g-carta-100-hojas-kores-blanco-_JM,https://www.google.com/search?q=%22VRSTORE%20CA%22%20Venezuela%20(whatsapp%20OR%20instagram%20OR%20rif%20OR%20telefono%20OR%20tienda),Sí,2026-08-15T08:31:26.896Z
MLV558365513,Hojas Fundas Protectoras Tamaño Carta Paquete De 100 Unid Blanco,5.99,4.9,189,500,0,Sí,GEOS VOLCAN,MercadoLíder Platinum,960,100,10000,100,13,https://www.mercadolibre.com.ve/pagina/unpa15,"Mun. Libertador (Sur), Distrito Capital","Arte, Papelería y Mercería",Papelería > Comercial y Oficina > Archivadores y Carpetas,"Arte, Papelería y Mercería > Papelería > Comercial y Oficina > Archivadores y Carpetas",Ofiart,Carta,Marca: Ofiart | Modelo: Carta | Color: Blanco | Diseño: Liso | Tipo de carpeta: Carta | Material: Plástico | Tamaño de las hojas: Carta | Con tapas separadas: No | Con anillos: Sí | Formato de venta: Pack | Unidades por pack: 100 | Unidades por envase: 100 | Largo x Ancho: 28.5 cm x 23.5 cm | Espesor: 3 cm,https://http2.mlstatic.com/D_NQ_NP_2X_827304-MLA115732405709_082026-F.webp,https://articulo.mercadolibre.com.ve/MLV-558365513-hojas-fundas-protectoras-tamano-carta-paquete-de-100-unid-blanco-_JM,https://www.google.com/search?q=%22GEOS%20VOLCAN%22%20Venezuela%20(whatsapp%20OR%20instagram%20OR%20rif%20OR%20telefono%20OR%20tienda),Sí,2026-08-15T08:31:27.378Z
MLV905865688,Papel Adhesivo Jojo Inkjet 135g X20h Calcomania Sticker Blanco,3.41,4.9,80,500,0,Sí,Studio8,MercadoLíder Platinum,480,50,1000,100,1,https://www.mercadolibre.com.ve/pagina/studio8,S,"Arte, Papelería y Mercería",Papelería > Comercial y Oficina > Papeles para Impresión,"Arte, Papelería y Mercería > Papelería > Comercial y Oficina > Papeles para Impresión",Jojo,N/A,Marca: Jojo | Tamaño del papel: A4 | Tipo de papel: Fotográfico | Color: Blanco | Cantidad de hojas: 20 | Gramaje: 135 g | Formato de venta: Pack | Unidades por pack: 20 | Peso: 350 g | Acabado: Brillante,https://http2.mlstatic.com/D_NQ_NP_2X_843091-MLV90258434324_082025-F.webp,https://articulo.mercadolibre.com.ve/MLV-905865688-papel-adhesivo-jojo-inkjet-135g-x20h-calcomania-sticker-blanco-_JM,https://www.google.com/search?q=%22Studio8%22%20Venezuela%20(whatsapp%20OR%20instagram%20OR%20rif%20OR%20telefono%20OR%20tienda),Sí,2026-08-15T08:31:28.000Z
MLV579039730,Laminas De Papel Bond Blanco Base 20 Grande 66cm X96cm Blanco,10,4.9,346,1000,0,Sí,VRSTORE CA,MercadoLíder Platinum,3400,500,10000,100,16,https://www.mercadolibre.com.ve/pagina/vrstoreca,"Barquisimeto, Lara","Arte, Papelería y Mercería",Papelería > Comercial y Oficina > Papeles para Impresión,"Arte, Papelería y Mercería > Papelería > Comercial y Oficina > Papeles para Impresión",Chambril,N/A,Marca: Chambril | Tamaño del papel: 66x96 | Tipo de papel: Bond | Color: Blanco | Cantidad de hojas: 50 | Gramaje: 75 g | Formato de venta: Pack | Unidades por pack: 50 | Peso: 2 g | Acabado: Mate,https://http2.mlstatic.com/D_NQ_NP_2X_997540-MLV86105785840_062025-F.webp,https://articulo.mercadolibre.com.ve/MLV-579039730-laminas-de-papel-bond-blanco-base-20-grande-66cm-x96cm-blanco-_JM,https://www.google.com/search?q=%22VRSTORE%20CA%22%20Venezuela%20(whatsapp%20OR%20instagram%20OR%20rif%20OR%20telefono%20OR%20tienda),Sí,2026-08-15T08:31:28.466Z
MLV719575690,"Caja Bolígrafos Marca Kores 12 Unidades Negro, Azul Y Rojo Negro",4,5,51,500,0,Sí,FEGRALCA,MercadoLíder Platinum,920,100,10000,99,10,https://www.mercadolibre.com.ve/pagina/fegralca,"Mun. Libertador (Noreste), Distrito Capital","Arte, Papelería y Mercería",Papelería > Escolar > Escritura > Bolígrafos,"Arte, Papelería y Mercería > Papelería > Escolar > Escritura > Bolígrafos",Kores,Bolígrafos K-pen Marca Kores,Marca: Kores | Modelo: Bolígrafos K-pen Marca Kores | Color del exterior: Negro | Color de la tinta: Negro | Tipo de envase: Caja | Formato de venta: Pack | Unidades por envase: 12 | Tipo de lapicera: Bolígrafo | Tipo de trazo: Fino | Tipo de tinta: Líquida | Es apta para grabado: No | Incluye estuche: No,https://http2.mlstatic.com/D_NQ_NP_2X_718435-MLV50652707272_072022-F.webp,https://articulo.mercadolibre.com.ve/MLV-719575690-caja-boligrafos-marca-kores-12-unidades-negro-azul-y-rojo-negro-_JM,https://www.google.com/search?q=%22FEGRALCA%22%20Venezuela%20(whatsapp%20OR%20instagram%20OR%20rif%20OR%20telefono%20OR%20tienda),Sí,2026-08-15T08:31:28.919Z
MLV712767230,Marcadores De Diseño Touch Doble Punta Permanente 36 Pcs,6.99,4.6,11,1000,0,Sí,FERRE TOYS,N/A,4500,500,50000,99,19,https://www.mercadolibre.com.ve/pagina/ferretoys,"Barquisimeto, Lara","Arte, Papelería y Mercería",Papelería > Escolar > Escritura > Marcadores y Resaltadores,"Arte, Papelería y Mercería > Papelería > Escolar > Escritura > Marcadores y Resaltadores",Touch,36 piezas,Marca: Touch | Modelo: 36 piezas | Tipo de marcador: Doble punta | Formato de venta: Pack | Tipo de punta: Doble | Grosor del trazo: 1mm y 6mm,https://http2.mlstatic.com/D_NQ_NP_2X_664669-MLV49437437588_032022-F.webp,https://articulo.mercadolibre.com.ve/MLV-712767230-marcadores-de-diseno-touch-doble-punta-permanente-36-pcs-_JM,https://www.google.com/search?q=%22FERRE%20TOYS%22%20Venezuela%20(whatsapp%20OR%20instagram%20OR%20rif%20OR%20telefono%20OR%20tienda),Sí,2026-08-15T08:31:29.432Z
MLV719868172,Tirro Cinta De Embalar 100 Mts Transparente Alta Resistencia,5.2,4.8,141,1000,0,Sí,Sempiled,MercadoLíder Platinum,390,50,5000,100,6,https://www.mercadolibre.com.ve/tienda/sempiled,"Mun. Libertador (Noreste), Distrito Capital","Arte, Papelería y Mercería",Papelería > Comercial y Oficina > Pegamentos y Cortantes > Cintas Adhesivas,"Arte, Papelería y Mercería > Papelería > Comercial y Oficina > Pegamentos y Cortantes > Cintas Adhesivas",Sempitape,Transparente,"Marca: Sempitape | Modelo: Transparente | Cantidad de packs: 1 | Tipo de cinta adhesiva: Embalaje | Superficies recomendadas: Lisas, Rugosas | Es escribible: Sí | Es transparente: Sí | Con dispensador: No | Largo x Ancho: 100 m x 4.8 cm | Espesor: 0,04 mm | Formato de venta: Pack | Unidades por pack: 4",https://http2.mlstatic.com/D_NQ_NP_2X_616681-MLV84007444059_042025-F.webp,https://articulo.mercadolibre.com.ve/MLV-719868172-tirro-cinta-de-embalar-100-mts-transparente-alta-resistencia-_JM,https://www.google.com/search?q=%22Sempiled%22%20Venezuela%20(whatsapp%20OR%20instagram%20OR%20rif%20OR%20telefono%20OR%20tienda),Sí,2026-08-15T08:31:30.774Z
MLV750490510,Papel Fotográfico Autoadhesivo Pointer 135 Gramos Blanco,5.99,4.9,129,500,0,Sí,VRSTORE CA,MercadoLíder Platinum,3400,500,10000,100,16,https://www.mercadolibre.com.ve/pagina/vrstoreca,"Barquisimeto, Lara","Arte, Papelería y Mercería",Papelería > Comercial y Oficina > Papeles para Impresión,"Arte, Papelería y Mercería > Papelería > Comercial y Oficina > Papeles para Impresión",Pointer,N/A,Marca: Pointer | Tamaño del papel: Carta | Tipo de papel: Fotográfico | Color: Blanco | Cantidad de hojas: 20 | Gramaje: 135 g | Formato de venta: Pack | Unidades por pack: 20 | Peso: 135 g | Acabado: Brillante,https://http2.mlstatic.com/D_NQ_NP_2X_866897-MLV69314215422_052023-F.webp,https://articulo.mercadolibre.com.ve/MLV-750490510-papel-fotografico-autoadhesivo-pointer-135-gramos-blanco-_JM,https://www.google.com/search?q=%22VRSTORE%20CA%22%20Venezuela%20(whatsapp%20OR%20instagram%20OR%20rif%20OR%20telefono%20OR%20tienda),Sí,2026-08-15T08:31:31.248Z
MLV511284097,Silicon De Barras Delgadas Y Gruesas,9.6,4.8,412,1000,0,Sí,QUINGEL QUINTERO,MercadoLíder Platinum,1300,100,10000,99,14,https://www.mercadolibre.com.ve/pagina/quingelquintero9908,"Mun. Libertador (Sur), Distrito Capital","Arte, Papelería y Mercería",Papelería > Comercial y Oficina > Pegamentos y Cortantes > Otros,"Arte, Papelería y Mercería > Papelería > Comercial y Oficina > Pegamentos y Cortantes > Otros",Universal,Transparentes 30 cmt,Marca: Universal | Modelo: Transparentes 30 cmt,https://http2.mlstatic.com/D_NQ_NP_2X_613225-MLV102288048290_122025-F.webp,https://articulo.mercadolibre.com.ve/MLV-511284097-silicon-de-barras-delgadas-y-gruesas-_JM,https://www.google.com/search?q=%22QUINGEL%20QUINTERO%22%20Venezuela%20(whatsapp%20OR%20instagram%20OR%20rif%20OR%20telefono%20OR%20tienda),Sí,2026-08-15T08:31:31.705Z
MLV911195698,Papel Autoadhesivo Inkjet 135g X20h Calcomania Foto Jojo Blanco,3.42,4.9,57,500,0,Sí,Studio8,MercadoLíder Platinum,480,50,1000,100,1,https://www.mercadolibre.com.ve/pagina/studio8,S,"Arte, Papelería y Mercería",Papelería > Comercial y Oficina > Papeles para Impresión,"Arte, Papelería y Mercería > Papelería > Comercial y Oficina > Papeles para Impresión",Jojo,N/A,Marca: Jojo | Tamaño del papel: A4 | Tipo de papel: Fotográfico | Color: Blanco | Cantidad de hojas: 20 | Gramaje: 135 g | Formato de venta: Pack | Unidades por pack: 20 | Peso: 350 g | Acabado: Brillante,https://http2.mlstatic.com/D_NQ_NP_2X_843091-MLV90258434324_082025-F.webp,https://articulo.mercadolibre.com.ve/MLV-911195698-papel-autoadhesivo-inkjet-135g-x20h-calcomania-foto-jojo-blanco-_JM,https://www.google.com/search?q=%22Studio8%22%20Venezuela%20(whatsapp%20OR%20instagram%20OR%20rif%20OR%20telefono%20OR%20tienda),Sí,2026-08-15T08:31:33.072Z
MLV823999454,Papel Fotografico Brillante Jojo A4 230grs 20 Hojas Blanco,3.45,5,44,500,0,Sí,SUBLIMAKER,MercadoLíder Platinum,1000,100,5000,100,1,https://www.mercadolibre.com.ve/pagina/sublimaker,Mun. Libertador (,"Arte, Papelería y Mercería",Papelería > Comercial y Oficina > Papeles para Impresión,"Arte, Papelería y Mercería > Papelería > Comercial y Oficina > Papeles para Impresión",Jojo,N/A,Marca: Jojo | Tamaño del papel: A4 | Tipo de papel: Fotográfico | Color: Blanco | Cantidad de hojas: 20 | Gramaje: 230 g | Formato de venta: Pack | Unidades por pack: 20 | Peso: 300 g | Acabado: Brillante,https://http2.mlstatic.com/D_NQ_NP_2X_689137-MLV81845744322_012025-F.webp,https://articulo.mercadolibre.com.ve/MLV-823999454-papel-fotografico-brillante-jojo-a4-230grs-20-hojas-blanco-_JM,https://www.google.com/search?q=%22SUBLIMAKER%22%20Venezuela%20(whatsapp%20OR%20instagram%20OR%20rif%20OR%20telefono%20OR%20tienda),Sí,2026-08-15T08:31:33.522Z
MLV719010209,Carpeta Marrón Brillante Oficio Con Ganchos X 25 Unidades,10,4.8,232,1000,0,Sí,FEGRALCA,MercadoLíder Platinum,920,100,10000,99,10,https://www.mercadolibre.com.ve/pagina/fegralca,"Mun. Libertador (Noreste), Distrito Capital","Arte, Papelería y Mercería",Papelería > Comercial y Oficina > Archivadores y Carpetas,"Arte, Papelería y Mercería > Papelería > Comercial y Oficina > Archivadores y Carpetas",Carpeta marron,Fibra marrón,Marca: Carpeta marron | Modelo: Fibra marrón | Largo x Ancho: 35 cm x 24.5 cm | Espesor: 2 mm | Formato de venta: Pack | Unidades por envase: 25 | Tipo de carpeta: Carpeta | Material: Cartulina | Tamaño de las hojas: Carta | Con anillos: No,https://http2.mlstatic.com/D_NQ_NP_2X_970278-MLV109815231154_042026-F.webp,https://articulo.mercadolibre.com.ve/MLV-719010209-carpeta-marron-brillante-oficio-con-ganchos-x-25-unidades-_JM,https://www.google.com/search?q=%22FEGRALCA%22%20Venezuela%20(whatsapp%20OR%20instagram%20OR%20rif%20OR%20telefono%20OR%20tienda),Sí,2026-08-15T08:31:33.966Z
MLV749398270,Cinta Tirro Embalar Transparente Marca Ecotools 2 X 90mts Transparente Liso,3.28,4.9,56,500,0,Sí,Ecotools,MercadoLíder Platinum,1800,100,10000,99,3,https://www.mercadolibre.com.ve/tienda/ecotools,"Mun. Libertador (Sureste), Distrito Capital","Arte, Papelería y Mercería",Papelería > Comercial y Oficina > Pegamentos y Cortantes > Cintas Adhesivas,"Arte, Papelería y Mercería > Papelería > Comercial y Oficina > Pegamentos y Cortantes > Cintas Adhesivas",Ecotools,"2""x90m Trasparente","Marca: Ecotools | Modelo: 2""x90m Trasparente | Color: Transparente | Nombre del diseño: Liso | Largo x Ancho: 90 m x 4.8 cm | Formato de venta: Pack | Unidades por pack: 4 | Tipo de cinta adhesiva: Embalaje | Superficies recomendadas: Todas | Material: Goma | Acabado: Brillante | Temperatura máxima soportada: 60 °C | Es escribible: No | Es transparente: Sí | Con dispensador: No",https://http2.mlstatic.com/D_NQ_NP_2X_992794-MLV82066454935_012025-F.webp,https://articulo.mercadolibre.com.ve/MLV-749398270-cinta-tirro-embalar-transparente-marca-ecotools-2-x-90mts-transparente-liso-_JM,https://www.google.com/search?q=%22Ecotools%22%20Venezuela%20(whatsapp%20OR%20instagram%20OR%20rif%20OR%20telefono%20OR%20tienda),Sí,2026-08-15T08:31:34.432Z
MLV722231769,Resaltador Highlighter Marcador Colores Pasteles Set X 6,2.9,4.7,73,500,0,Sí,rivervaleca,MercadoLíder Platinum,1100,500,10000,98,4,https://www.mercadolibre.com.ve/pagina/ferretoysa,"Barquisimeto, Lara","Arte, Papelería y Mercería",Papelería > Escolar > Escritura > Marcadores y Resaltadores,"Arte, Papelería y Mercería > Papelería > Escolar > Escritura > Marcadores y Resaltadores",high lighter,Resaltador,Marca: high lighter | Modelo: Resaltador | Tipo de marcador: Resaltador | Color: Pastel | Formato de venta: Pack | Tipo de punta: Biselada | Grosor del trazo: : 2-5 mm,https://http2.mlstatic.com/D_NQ_NP_2X_982555-MLV51152417254_082022-F.webp,https://articulo.mercadolibre.com.ve/MLV-722231769-resaltador-highlighter-marcador-colores-pasteles-set-x-6-_JM,https://www.google.com/search?q=%22rivervaleca%22%20Venezuela%20(whatsapp%20OR%20instagram%20OR%20rif%20OR%20telefono%20OR%20tienda),Sí,2026-08-15T08:31:35.095Z
MLV721978747,Resaltador Highlighter Marcador Colores Pasteles Set X 6,2.9,4.5,2,500,0,Sí,FERRE TOYS,N/A,4500,500,50000,99,19,https://www.mercadolibre.com.ve/pagina/ferretoys,"Barquisimeto, Lara","Arte, Papelería y Mercería",Papelería > Escolar > Escritura > Marcadores y Resaltadores,"Arte, Papelería y Mercería > Papelería > Escolar > Escritura > Marcadores y Resaltadores",high lighter,Resaltador,Marca: high lighter | Modelo: Resaltador | Tipo de marcador: Resaltador | Color: Pastel | Formato de venta: Pack | Tipo de punta: Biselada | Grosor del trazo: 2-5 mm,https://http2.mlstatic.com/D_NQ_NP_2X_748029-MLV51097297183_082022-F.webp,https://articulo.mercadolibre.com.ve/MLV-721978747-resaltador-highlighter-marcador-colores-pasteles-set-x-6-_JM,https://www.google.com/search?q=%22FERRE%20TOYS%22%20Venezuela%20(whatsapp%20OR%20instagram%20OR%20rif%20OR%20telefono%20OR%20tienda),Sí,2026-08-15T08:31:35.510Z
MLV723458234,Papel Fotográfico Profesional Crisvi Ink-jet 180gr/m2 Blanco,3.5,4.9,227,1000,0,Sí,GRUPO VICTORIA HL,MercadoLíder Platinum,1200,100,10000,100,4,https://www.mercadolibre.com.ve/pagina/grupo.victoria.hl,"Barquisimeto, Lara","Arte, Papelería y Mercería",Papelería > Comercial y Oficina > Papeles para Impresión,"Arte, Papelería y Mercería > Papelería > Comercial y Oficina > Papeles para Impresión",Crisvi,N/A,Marca: Crisvi | Tamaño del papel: Carta | Tipo de papel: Fotográfico | Color: Blanco | Cantidad de hojas: 20 | Gramaje: 180 g | Formato de venta: Pack | Unidades por pack: 20,https://http2.mlstatic.com/D_NQ_NP_2X_929101-MLA51425440778_092022-F.webp,https://articulo.mercadolibre.com.ve/MLV-723458234-papel-fotografico-profesional-crisvi-ink-jet-180grm2-blanco-_JM,https://www.google.com/search?q=%22GRUPO%20VICTORIA%20HL%22%20Venezuela%20(whatsapp%20OR%20instagram%20OR%20rif%20OR%20telefono%20OR%20tienda),Sí,2026-08-15T08:31:37.114Z
MLV527507223,Caja De 72 Tirros Cinta De Embalar 100 Mts Transparente,99,4.8,131,1000,0,Sí,Venspeed,MercadoLíder Platinum,3000,500,100000,99,14,https://www.mercadolibre.com.ve/tienda/venspeed,"Mun. Chacao (sur), Distrito Capital","Arte, Papelería y Mercería",Papelería > Comercial y Oficina > Pegamentos y Cortantes > Cintas Adhesivas,"Arte, Papelería y Mercería > Papelería > Comercial y Oficina > Pegamentos y Cortantes > Cintas Adhesivas",VENSPEED,Transparente,"Marca: VENSPEED | Modelo: Transparente | Cantidad de packs: 72 | Tipo de cinta adhesiva: Embalaje | Material: Polipropileno | Acabado: Brillante | Temperatura máxima soportada: 60 °C | Es escribible: No | Es transparente: Sí | Con dispensador: No | Largo x Ancho: 100 m x 4.8 cm | Espesor: 0,04 mm | Formato de venta: Pack | Unidades por pack: 72",https://http2.mlstatic.com/D_NQ_NP_2X_885519-MLV30701391402_052019-F.webp,https://articulo.mercadolibre.com.ve/MLV-527507223-caja-de-72-tirros-cinta-de-embalar-100-mts-transparente-_JM,https://www.google.com/search?q=%22Venspeed%22%20Venezuela%20(whatsapp%20OR%20instagram%20OR%20rif%20OR%20telefono%20OR%20tienda),Sí,2026-08-15T08:31:37.560Z
MLV911167278,Papel Fotografico Jojo Inkjet 180g 20 Hojas Blanco,2.48,4.9,48,500,0,Sí,Studio8,MercadoLíder Platinum,480,50,1000,100,1,https://www.mercadolibre.com.ve/pagina/studio8,S,"Arte, Papelería y Mercería",Papelería > Comercial y Oficina > Papeles para Impresión,"Arte, Papelería y Mercería > Papelería > Comercial y Oficina > Papeles para Impresión",Jojo,N/A,Marca: Jojo | Tamaño del papel: A4 | Tipo de papel: Fotográfico | Color: Blanco | Cantidad de hojas: 20 | Gramaje: 180 g | Formato de venta: Pack | Unidades por pack: 20 | Peso: 180 g | Acabado: Brillante,https://http2.mlstatic.com/D_NQ_NP_2X_662730-MLV105306485928_012026-F.webp,https://articulo.mercadolibre.com.ve/MLV-911167278-papel-fotografico-jojo-inkjet-180g-20-hojas-blanco-_JM,https://www.google.com/search?q=%22Studio8%22%20Venezuela%20(whatsapp%20OR%20instagram%20OR%20rif%20OR%20telefono%20OR%20tienda),Sí,2026-08-15T08:31:38.001Z
MLV718089393,Marcadores De Diseño Touch Doble Punta Permanente 24 Pcs,5.5,4.8,164,500,0,Sí,FERRE TOYS,N/A,4500,500,50000,99,19,https://www.mercadolibre.com.ve/pagina/ferretoys,"Barquisimeto, Lara","Arte, Papelería y Mercería",Papelería > Escolar > Escritura > Marcadores y Resaltadores,"Arte, Papelería y Mercería > Papelería > Escolar > Escritura > Marcadores y Resaltadores",Touch,doble punta,Marca: Touch | Modelo: doble punta | Tipo de marcador: Doble punta | Formato de venta: Pack | Tipo de punta: Doble | Grosor del trazo: 1mm-6mm,https://http2.mlstatic.com/D_NQ_NP_2X_718704-MLV50401565324_062022-F.webp,https://articulo.mercadolibre.com.ve/MLV-718089393-marcadores-de-diseno-touch-doble-punta-permanente-24-pcs-_JM,https://www.google.com/search?q=%22FERRE%20TOYS%22%20Venezuela%20(whatsapp%20OR%20instagram%20OR%20rif%20OR%20telefono%20OR%20tienda),Sí,2026-08-15T08:31:38.960Z
MLV576888848,Cartulina Opalina Extra Blanco Carta 100 Hojas 160g Blanco,9.99,4.9,387,1000,0,Sí,MERCATEK 888,N/A,390,100,10000,100,10,https://www.mercadolibre.com.ve/pagina/mercatek888,"Mun. Libertador (Noreste), Distrito Capital","Arte, Papelería y Mercería",Papelería > Escolar > Papeles Artísticos y Técnicos,"Arte, Papelería y Mercería > Papelería > Escolar > Papeles Artísticos y Técnicos",Opalina,tamaño carta,"Marca: Opalina | Modelo: tamaño carta | Color: Blanco | Tipo de papel: Cartulina Opalina | Usos recomendados: DIPLOMAS, Dibujo técnico, certificados | Tamaño del papel: Carta | Acabado: extra Blanco | Gramaje: 160 g | Formato de venta: Pack | Unidades por pack: 100 | Unidades por envase: 100",https://http2.mlstatic.com/D_NQ_NP_2X_701444-MLV111658455982_062026-F.webp,https://articulo.mercadolibre.com.ve/MLV-576888848-cartulina-opalina-extra-blanco-carta-100-hojas-160g-blanco-_JM,https://www.google.com/search?q=%22MERCATEK%20888%22%20Venezuela%20(whatsapp%20OR%20instagram%20OR%20rif%20OR%20telefono%20OR%20tienda),Sí,2026-08-15T08:31:39.417Z
MLV721825961,Papel Sticker Adhesivo Para Calcomanías Etiquetas 50hojas A4,29.98,4.9,190,500,0,Sí,lnb2009,MercadoLíder Platinum,1600,100,10000,100,22,https://www.mercadolibre.com.ve/pagina/lnb_2009,"Barquisimeto, Lara","Arte, Papelería y Mercería",Papelería > Comercial y Oficina > Papeles para Impresión,"Arte, Papelería y Mercería > Papelería > Comercial y Oficina > Papeles para Impresión",Tinec,N/A,Marca: Tinec | Tamaño del papel: A4 | Tipo de papel: Auto-Adhesivo | Gramaje: 135 g | Formato de venta: Pack | Acabado: Brillante,https://http2.mlstatic.com/D_NQ_NP_2X_663284-MLV81541965210_012025-F.webp,https://articulo.mercadolibre.com.ve/MLV-721825961-papel-sticker-adhesivo-para-calcomanias-etiquetas-50hojas-a4-_JM,https://www.google.com/search?q=%22lnb2009%22%20Venezuela%20(whatsapp%20OR%20instagram%20OR%20rif%20OR%20telefono%20OR%20tienda),Sí,2026-08-15T08:31:39.943Z
MLV737161990,Marcador Sharpie Punta Gruesa Negro Caja De 12und,13.19,4.9,68,500,0,Sí,MCSUMINISTROS CARLOSRAMIREZ,MercadoLíder Platinum,2300,100,10000,100,10,https://www.mercadolibre.com.ve/pagina/mcsuministroscarlosramirez4552,"San Cristóbal,","Arte, Papelería y Mercería",Papelería > Escolar > Escritura > Marcadores y Resaltadores,"Arte, Papelería y Mercería > Papelería > Escolar > Escritura > Marcadores y Resaltadores",Sharpie,680,"Marca: Sharpie | Modelo: 680 | Tipo de marcador: Permanente | Tipo de envase: Caja | Material del cuerpo: Plástico | Tipo de punta: Punta Biselada | Tipo de tinta: Permanente | Superficies recomendadas: La mayoría de las superficies | Grosor del trazo: Grueso | Formato de venta: Pack | Unidades por pack: 12 | Altura: 14 cm | Diámetro: 1,5 cm",https://http2.mlstatic.com/D_NQ_NP_2X_791336-MLV112508286897_052026-F.webp,https://articulo.mercadolibre.com.ve/MLV-737161990-marcador-sharpie-punta-gruesa-negro-caja-de-12und-_JM,https://www.google.com/search?q=%22MCSUMINISTROS%20CARLOSRAMIREZ%22%20Venezuela%20(whatsapp%20OR%20instagram%20OR%20rif%20OR%20telefono%20OR%20tienda),Sí,2026-08-15T08:31:40.406Z
MLV789821102,Cubierta Para Encuadernar Tamaño Carta 22 Cm X 28 Cm 50 Unid,16,4.9,98,500,0,Sí,FEGRALCA,MercadoLíder Platinum,920,100,10000,99,10,https://www.mercadolibre.com.ve/pagina/fegralca,"Mun. Libertador (Noreste), Distrito Capital","Arte, Papelería y Mercería",Papelería > Comercial y Oficina > Encuadernación > Tapas para Encuadernar,"Arte, Papelería y Mercería > Papelería > Comercial y Oficina > Encuadernación > Tapas para Encuadernar",Printa,Vinil Transparente,Marca: Printa | Modelo: Vinil Transparente | Tamaño de la tapa: Carta | Cantidad de packs: 1 | Ancho x Largo: 22 cm x 28 cm | Material: PVC | Acabado: transparencia,https://http2.mlstatic.com/D_NQ_NP_2X_883993-MLA93124653559_092025-F.webp,https://articulo.mercadolibre.com.ve/MLV-789821102-cubierta-para-encuadernar-tamano-carta-22-cm-x-28-cm-50-unid-_JM,https://www.google.com/search?q=%22FEGRALCA%22%20Venezuela%20(whatsapp%20OR%20instagram%20OR%20rif%20OR%20telefono%20OR%20tienda),Sí,2026-08-15T08:31:40.873Z
MLV571360219,Papel Autoadhesivo Resma De 50 Hojas Carta Ph3 Arclad Blanco,9.99,4.8,134,500,0,Sí,MERCATEK 888,N/A,390,100,10000,100,10,https://www.mercadolibre.com.ve/pagina/mercatek888,"Mun. Libertador (Noreste), Distrito Capital","Arte, Papelería y Mercería",Papelería > Comercial y Oficina > Papeles para Impresión,"Arte, Papelería y Mercería > Papelería > Comercial y Oficina > Papeles para Impresión",Arclad,N/A,Marca: Arclad | Tamaño del papel: Carta | Tipo de papel: Autoadhesivo | Color: Blanco | Cantidad de hojas: 50 | Formato de venta: Pack | Unidades por pack: 50 | Acabado: Mate Satinado semi brillante,https://http2.mlstatic.com/D_NQ_NP_2X_783731-MLV109239362548_042026-F.webp,https://articulo.mercadolibre.com.ve/MLV-571360219-papel-autoadhesivo-resma-de-50-hojas-carta-ph3-arclad-blanco-_JM,https://www.google.com/search?q=%22MERCATEK%20888%22%20Venezuela%20(whatsapp%20OR%20instagram%20OR%20rif%20OR%20telefono%20OR%20tienda),Sí,2026-08-15T08:31:41.323Z
MLV714764246,Fotografico Autoadhesivo Glossy (brillante) 20 Hojas Blanco,6,4.8,83,1000,0,Sí,OFIPLAST2014,N/A,20,50,1000,100,11,https://www.mercadolibre.com.ve/pagina/ofiplast2014,"Lechería, Anzoátegui","Arte, Papelería y Mercería",Papelería > Comercial y Oficina > Papeles para Impresión,"Arte, Papelería y Mercería > Papelería > Comercial y Oficina > Papeles para Impresión",Ofiplast,N/A,Marca: Ofiplast | Tamaño del papel: Carta | Tipo de papel: Fotográfico | Color: Blanco | Cantidad de hojas: 20 | Gramaje: 135 g | Formato de venta: Unidad | Acabado: Brillante,https://http2.mlstatic.com/D_NQ_NP_2X_815654-MLV51325963679_082022-F.webp,https://articulo.mercadolibre.com.ve/MLV-714764246-fotografico-autoadhesivo-glossy-brillante-20-hojas-blanco-_JM,https://www.google.com/search?q=%22OFIPLAST2014%22%20Venezuela%20(whatsapp%20OR%20instagram%20OR%20rif%20OR%20telefono%20OR%20tienda),Sí,2026-08-15T08:31:41.789Z
MLV729090982,Marcadores De Diseño Touch Doble Punta Permanente 60 Pcs,10,4.8,498,1000,0,Sí,FERRE TOYS,N/A,4500,500,50000,99,19,https://www.mercadolibre.com.ve/pagina/ferretoys,"Barquisimeto, Lara","Arte, Papelería y Mercería",Papelería > Escolar > Escritura > Marcadores y Resaltadores,"Arte, Papelería y Mercería > Papelería > Escolar > Escritura > Marcadores y Resaltadores",touchbool,60 piezas,Marca: touchbool | Modelo: 60 piezas | Tipo de marcador: Doble punta | Color: Vibrante | Formato de venta: Pack | Tipo de punta: Doble | Grosor del trazo: 6mm,https://http2.mlstatic.com/D_NQ_NP_2X_604895-MLV52406030011_112022-F.webp,https://articulo.mercadolibre.com.ve/MLV-729090982-marcadores-de-diseno-touch-doble-punta-permanente-60-pcs-_JM,https://www.google.com/search?q=%22FERRE%20TOYS%22%20Venezuela%20(whatsapp%20OR%20instagram%20OR%20rif%20OR%20telefono%20OR%20tienda),Sí,2026-08-15T08:31:42.258Z
MLV781077386,Fundas Protectoras Tamaño Carta Transparentes. 100 Unidades,5.99,4.9,122,1000,0,Sí,VRSTORE CA,MercadoLíder Platinum,3400,500,10000,100,16,https://www.mercadolibre.com.ve/pagina/vrstoreca,"Barquisimeto, Lara","Arte, Papelería y Mercería",Papelería > Otros,"Arte, Papelería y Mercería > Papelería > Otros","Ofimak, Pointer",Fundas Protectoras,"Marca: Ofimak, Pointer | Modelo: Fundas Protectoras",https://http2.mlstatic.com/D_NQ_NP_2X_936832-MLV83387424096_042025-F.webp,https://articulo.mercadolibre.com.ve/MLV-781077386-fundas-protectoras-tamano-carta-transparentes-100-unidades-_JM,https://www.google.com/search?q=%22VRSTORE%20CA%22%20Venezuela%20(whatsapp%20OR%20instagram%20OR%20rif%20OR%20telefono%20OR%20tienda),Sí,2026-08-15T08:31:43.367Z
MLV796713466,Papel Fotografico Autoadhesivo Etiqueta Sticker A4 135 Gr Blanco,3.7,4.8,94,500,0,Sí,FERRE TOYS,N/A,4500,500,50000,99,19,https://www.mercadolibre.com.ve/pagina/ferretoys,"Barquisimeto, Lara","Arte, Papelería y Mercería",Papelería > Comercial y Oficina > Papeles para Impresión,"Arte, Papelería y Mercería > Papelería > Comercial y Oficina > Papeles para Impresión",c h i n a,N/A,Marca: c h i n a | Tamaño del papel: A4 | Tipo de papel: Fotográfico | Color: Blanco | Cantidad de hojas: 20 | Gramaje: 135 g | Formato de venta: Pack | Unidades por pack: 20 | Acabado: Brillante,https://http2.mlstatic.com/D_NQ_NP_2X_877130-MLV76457142110_052024-F.webp,https://articulo.mercadolibre.com.ve/MLV-796713466-papel-fotografico-autoadhesivo-etiqueta-sticker-a4-135-gr-blanco-_JM,https://www.google.com/search?q=%22FERRE%20TOYS%22%20Venezuela%20(whatsapp%20OR%20instagram%20OR%20rif%20OR%20telefono%20OR%20tienda),Sí,2026-08-15T08:31:43.834Z
MLV751468221,Papel Fotografico Glossy A4 Tinec 20 Hojas (180g) Blanco,3.23,4.9,37,500,0,Sí,Vendido por TIENDA DUPER,N/A,N/A,1000,5000,99,23,https://listado.mercadolibre.com.ve/_CustId_25868772,"Valencia (Valencia), Carabobo","Arte, Papelería y Mercería",Papelería > Comercial y Oficina > Papeles para Impresión,"Arte, Papelería y Mercería > Papelería > Comercial y Oficina > Papeles para Impresión",Tinec,N/A,Marca: Tinec | Tamaño del papel: A4 | Tipo de papel: Fotográfico | Color: Blanco | Cantidad de hojas: 20 | Gramaje: 180 g | Formato de venta: Pack | Unidades por pack: 20 | Peso: 500 g | Acabado: Brillante,https://http2.mlstatic.com/D_NQ_NP_2X_869562-MLV73067000291_112023-F.webp,https://articulo.mercadolibre.com.ve/MLV-751468221-papel-fotografico-glossy-a4-tinec-20-hojas-180g-blanco-_JM,https://www.google.com/search?q=%22Vendido%20por%20TIENDA%20DUPER%22%20Venezuela%20(whatsapp%20OR%20instagram%20OR%20rif%20OR%20telefono%20OR%20tienda),Sí,2026-08-15T08:31:44.290Z
MLV742208691,Sobres Manila Tamaño Carta Calidad Premium Crisvi Amarillo Liso,8.99,4.9,148,500,0,Sí,VRSTORE CA,MercadoLíder Platinum,3400,500,10000,100,16,https://www.mercadolibre.com.ve/pagina/vrstoreca,"Barquisimeto, Lara","Arte, Papelería y Mercería",Papelería > Comercial y Oficina > Sobres,"Arte, Papelería y Mercería > Papelería > Comercial y Oficina > Sobres",Crisvi,cvc2721,Marca: Crisvi | Modelo: cvc2721 | Tipo de producto: Sobre de papel | Color: Amarillo | Nombre del diseño: Liso | Tamaño del papel: Carta | Unidades por envase: 50 | Unidades por pack: 50 | Ancho x Largo: 23 cm x 30 cm | Gramaje: 80 g | Materiales: Papel kraft | Tipo de cierre: Autoadhesivo | Con ventana: No,https://http2.mlstatic.com/D_NQ_NP_2X_711437-MLV69336988808_052023-F.webp,https://articulo.mercadolibre.com.ve/MLV-742208691-sobres-manila-tamano-carta-calidad-premium-crisvi-amarillo-liso-_JM,https://www.google.com/search?q=%22VRSTORE%20CA%22%20Venezuela%20(whatsapp%20OR%20instagram%20OR%20rif%20OR%20telefono%20OR%20tienda),Sí,2026-08-15T08:31:44.780Z
MLV770440992,Papel Pet Sticker Adhesivo Etiquetas Blanco Resistente Agua,12.74,4.9,12,500,0,Sí,lnb2009,MercadoLíder Platinum,1600,100,10000,100,22,https://www.mercadolibre.com.ve/pagina/lnb_2009,"Barquisimeto, Lara","Arte, Papelería y Mercería",Papelería > Comercial y Oficina > Papeles para Impresión,"Arte, Papelería y Mercería > Papelería > Comercial y Oficina > Papeles para Impresión",Tinec,N/A,Marca: Tinec | Tamaño del papel: A4 | Tipo de papel: PET Impermeable | Cantidad de hojas: 20 | Gramaje: 135 g | Acabado: Blanco brillante,https://http2.mlstatic.com/D_NQ_NP_2X_698419-MLV106922758523_022026-F.webp,https://articulo.mercadolibre.com.ve/MLV-770440992-papel-pet-sticker-adhesivo-etiquetas-blanco-resistente-agua-_JM,https://www.google.com/search?q=%22lnb2009%22%20Venezuela%20(whatsapp%20OR%20instagram%20OR%20rif%20OR%20telefono%20OR%20tienda),Sí,2026-08-15T08:31:45.213Z
MLV755248754,Carpeta Con Deposito Y Tabla De Chequeo C/gancho Merletto Verde,10,4.9,157,500,0,Sí,Merletto,MercadoLíder Platinum,580,50,1000,100,3,https://www.mercadolibre.com.ve/tienda/merletto,"Valencia (Valencia), Carabobo","Arte, Papelería y Mercería",Papelería > Comercial y Oficina > Archivadores y Carpetas,"Arte, Papelería y Mercería > Papelería > Comercial y Oficina > Archivadores y Carpetas",Merletto,780-1601764,"Marca: Merletto | Modelo: 780-1601764 | Color: Verde | Diseño: Liso | Formato de venta: Unidad | Largo x Ancho: 34 cm x 24 cm | Espesor: 2,5 cm | Material: Plástico",https://http2.mlstatic.com/D_NQ_NP_2X_808909-MLV69684763403_052023-F.webp,https://articulo.mercadolibre.com.ve/MLV-755248754-carpeta-con-deposito-y-tabla-de-chequeo-cgancho-merletto-verde-_JM,https://www.google.com/search?q=%22Merletto%22%20Venezuela%20(whatsapp%20OR%20instagram%20OR%20rif%20OR%20telefono%20OR%20tienda),Sí,2026-08-15T08:31:45.671Z
MLV766349496,Papel Fotografico Autoadhesivo Brillante Resma 20hjs Variado,4.5,4.9,70,500,0,Sí,MULTIPAPERCA,MercadoLíder Platinum,450,100,1000,100,4,https://www.mercadolibre.com.ve/pagina/multipaperca,"Girardot (Maracay), Aragua","Arte, Papelería y Mercería",Papelería > Comercial y Oficina > Papeles para Impresión,"Arte, Papelería y Mercería > Papelería > Comercial y Oficina > Papeles para Impresión",Merletto,N/A,Marca: Merletto | Tamaño del papel: A4 | Tipo de papel: Fotográfico | Color: Variado | Cantidad de hojas: 20 | Gramaje: 135 g | Formato de venta: Pack | Unidades por pack: 20 | Peso: 260 g | Acabado: Brillante,https://http2.mlstatic.com/D_NQ_NP_2X_845156-MLV87578178116_072025-F.webp,https://articulo.mercadolibre.com.ve/MLV-766349496-papel-fotografico-autoadhesivo-brillante-resma-20hjs-variado-_JM,https://www.google.com/search?q=%22MULTIPAPERCA%22%20Venezuela%20(whatsapp%20OR%20instagram%20OR%20rif%20OR%20telefono%20OR%20tienda),Sí,2026-08-15T08:31:46.094Z
MLV719545560,Carpeta Marrón Brillante Carta Con Ganchos X 25 Unidades,10,5,1,500,0,Sí,FEGRALCA,MercadoLíder Platinum,920,100,10000,99,10,https://www.mercadolibre.com.ve/pagina/fegralca,"Mun. Libertador (Noreste), Distrito Capital","Arte, Papelería y Mercería",Papelería > Comercial y Oficina > Archivadores y Carpetas,"Arte, Papelería y Mercería > Papelería > Comercial y Oficina > Archivadores y Carpetas",Carpeta marron,Fibra marrón,Marca: Carpeta marron | Modelo: Fibra marrón | Largo x Ancho: 35 cm x 24.5 cm | Espesor: 2 mm | Formato de venta: Pack | Unidades por envase: 25 | Tipo de carpeta: Carpeta | Material: Cartulina | Tamaño de las hojas: Carta | Con anillos: No,https://http2.mlstatic.com/D_NQ_NP_2X_888838-MLV112983240895_062026-F.webp,https://articulo.mercadolibre.com.ve/MLV-719545560-carpeta-marron-brillante-carta-con-ganchos-x-25-unidades-_JM,https://www.google.com/search?q=%22FEGRALCA%22%20Venezuela%20(whatsapp%20OR%20instagram%20OR%20rif%20OR%20telefono%20OR%20tienda),Sí,2026-08-15T08:31:46.560Z
MLV905930740,Papel Jojo 230g Fotografico Inkjet X20h Brillo Blanco,3.26,4.9,38,500,0,Sí,Studio8,MercadoLíder Platinum,480,50,1000,100,1,https://www.mercadolibre.com.ve/pagina/studio8,S,"Arte, Papelería y Mercería",Papelería > Comercial y Oficina > Papeles para Impresión,"Arte, Papelería y Mercería > Papelería > Comercial y Oficina > Papeles para Impresión",Jojo,N/A,Marca: Jojo | Tamaño del papel: A4 | Tipo de papel: Fotográfico | Color: Blanco | Cantidad de hojas: 20 | Gramaje: 230 g | Formato de venta: Pack | Unidades por pack: 20 | Peso: 350 g | Acabado: Brillante,https://http2.mlstatic.com/D_NQ_NP_2X_832818-MLV90643648503_082025-F.webp,https://articulo.mercadolibre.com.ve/MLV-905930740-papel-jojo-230g-fotografico-inkjet-x20h-brillo-blanco-_JM,https://www.google.com/search?q=%22Studio8%22%20Venezuela%20(whatsapp%20OR%20instagram%20OR%20rif%20OR%20telefono%20OR%20tienda),Sí,2026-08-15T08:31:47.007Z
MLV534693651,Resma De Papel Cartulina Glasse 250 Gramos Tamaño Carta Blanco,11.99,4.9,58,500,0,Sí,VRSTORE CA,MercadoLíder Platinum,3400,500,10000,100,16,https://www.mercadolibre.com.ve/pagina/vrstoreca,"Barquisimeto, Lara","Arte, Papelería y Mercería",Papelería > Escolar > Papeles Artísticos y Técnicos,"Arte, Papelería y Mercería > Papelería > Escolar > Papeles Artísticos y Técnicos",N/A,ok,"Modelo: ok | Color: Blanco | Largo: 27,9 cm | Ancho: 21,56 cm | Formato de venta: Pack | Unidades por pack: 125 | Tipo de papel: Glacé | Usos recomendados: Impresión de alta calidad, Manualidades, Presentaciones, tarjetas y proyectos gráficos | Tamaño del papel: Carta | Acabado: Brillante | Gramaje: 250 g",https://http2.mlstatic.com/D_NQ_NP_2X_964905-MLV54912743364_042023-F.webp,https://articulo.mercadolibre.com.ve/MLV-534693651-resma-de-papel-cartulina-glasse-250-gramos-tamano-carta-blanco-_JM,https://www.google.com/search?q=%22VRSTORE%20CA%22%20Venezuela%20(whatsapp%20OR%20instagram%20OR%20rif%20OR%20telefono%20OR%20tienda),Sí,2026-08-15T08:31:47.457Z
MLV755632576,Etiquetas Termicas Directa Zebra 10x10 Cm 4x4 Pulgadas Mrw,7.8,4.9,13,500,0,Sí,IMVEROLL SC,MercadoLíder Gold,120,100,1000,100,8,https://www.mercadolibre.com.ve/pagina/imverollsc4197,"Maracaibo, Zulia","Arte, Papelería y Mercería",Papelería > Comercial y Oficina > Otros,"Arte, Papelería y Mercería > Papelería > Comercial y Oficina > Otros",Imveroll,10x10,Marca: Imveroll | Modelo: 10x10,https://http2.mlstatic.com/D_NQ_NP_2X_955313-MLV69746781750_062023-F.webp,https://articulo.mercadolibre.com.ve/MLV-755632576-etiquetas-termicas-directa-zebra-10x10-cm-4x4-pulgadas-mrw-_JM,https://www.google.com/search?q=%22IMVEROLL%20SC%22%20Venezuela%20(whatsapp%20OR%20instagram%20OR%20rif%20OR%20telefono%20OR%20tienda),Sí,2026-08-15T08:31:47.923Z
MLV713005942,Carpeta Marrón Oficio Sin Ganchos Paquete X 25 Unidades,8.5,4.9,97,500,0,Sí,FEGRALCA,MercadoLíder Platinum,920,100,10000,99,10,https://www.mercadolibre.com.ve/pagina/fegralca,"Mun. Libertador (Noreste), Distrito Capital","Arte, Papelería y Mercería",Papelería > Comercial y Oficina > Archivadores y Carpetas,"Arte, Papelería y Mercería > Papelería > Comercial y Oficina > Archivadores y Carpetas",Carpeta marron,Fibra marrón,Marca: Carpeta marron | Modelo: Fibra marrón | Largo x Ancho: 35 cm x 24.5 cm | Espesor: 2 mm | Formato de venta: Pack | Unidades por envase: 25 | Tipo de carpeta: Carpeta | Material: Cartulina | Tamaño de las hojas: Carta | Con anillos: No,https://http2.mlstatic.com/D_NQ_NP_2X_818232-MLV109672001770_042026-F.webp,https://articulo.mercadolibre.com.ve/MLV-713005942-carpeta-marron-oficio-sin-ganchos-paquete-x-25-unidades-_JM,https://www.google.com/search?q=%22FEGRALCA%22%20Venezuela%20(whatsapp%20OR%20instagram%20OR%20rif%20OR%20telefono%20OR%20tienda),Sí,2026-08-15T08:31:48.389Z
MLV729160246,Marcadores De Diseño Touch Doble Punta Permanente 60 Pcs Vibrant,10,0,0,1000,0,Sí,rivervaleca,MercadoLíder Platinum,1100,500,10000,98,4,https://www.mercadolibre.com.ve/pagina/ferretoysa,"Barquisimeto, Lara","Arte, Papelería y Mercería",Papelería > Escolar > Escritura > Marcadores y Resaltadores,"Arte, Papelería y Mercería > Papelería > Escolar > Escritura > Marcadores y Resaltadores",touchbool,60 piezas,Marca: touchbool | Modelo: 60 piezas | Tipo de marcador: Doble punta | Color: Vibrant | Formato de venta: Pack | Tipo de punta: Doble punta | Grosor del trazo: 6mm,https://http2.mlstatic.com/D_NQ_NP_2X_915393-MLV52415385383_112022-F.webp,https://articulo.mercadolibre.com.ve/MLV-729160246-marcadores-de-diseno-touch-doble-punta-permanente-60-pcs-vibrant-_JM,https://www.google.com/search?q=%22rivervaleca%22%20Venezuela%20(whatsapp%20OR%20instagram%20OR%20rif%20OR%20telefono%20OR%20tienda),Sí,2026-08-15T08:31:48.838Z
MLV722032666,Papel Fotográfico Brillante 160 Grs Inkjet Blanco,2.5,4.8,57,500,0,Sí,VRSTORE CA,MercadoLíder Platinum,3400,500,10000,100,16,https://www.mercadolibre.com.ve/pagina/vrstoreca,"Barquisimeto, Lara","Arte, Papelería y Mercería",Papelería > Comercial y Oficina > Papeles para Impresión,"Arte, Papelería y Mercería > Papelería > Comercial y Oficina > Papeles para Impresión",Pointer,N/A,Marca: Pointer | Tamaño del papel: Carta | Tipo de papel: Fotográfico | Color: Blanco | Cantidad de hojas: 20 | Gramaje: 160 g | Formato de venta: Pack | Unidades por pack: 20 | Peso: 200 g | Acabado: Brillante,https://http2.mlstatic.com/D_NQ_NP_2X_994839-MLV51108144973_082022-F.webp,https://articulo.mercadolibre.com.ve/MLV-722032666-papel-fotografico-brillante-160-grs-inkjet-blanco-_JM,https://www.google.com/search?q=%22VRSTORE%20CA%22%20Venezuela%20(whatsapp%20OR%20instagram%20OR%20rif%20OR%20telefono%20OR%20tienda),Sí,2026-08-15T08:31:49.299Z
MLV488000898,Cartulina Opalina 210 Grs Tamaño Oficio Blanca 100 Hojas,16,5,2,1000,0,Sí,VRSTORE CA,MercadoLíder Platinum,3400,500,10000,100,16,https://www.mercadolibre.com.ve/pagina/vrstoreca,"Barquisimeto, Lara","Arte, Papelería y Mercería",Papelería > Escolar > Papeles Artísticos y Técnicos,"Arte, Papelería y Mercería > Papelería > Escolar > Papeles Artísticos y Técnicos",Opalina 210 grs,oficio,"Marca: Opalina 210 grs | Modelo: oficio | Largo: 33 cm | Ancho: 21,56 cm | Formato de venta: Pack | Unidades por pack: 100 | Tipo de papel: Cartulina Opalina 210 grs | Usos recomendados: Ideal para impresiones de alta calidad, presentaciones y manualidades. | Tamaño del papel: Oficio | Acabado: Blanca | Gramaje: 210 g",https://http2.mlstatic.com/D_NQ_NP_2X_902321-MLV84250171996_052025-F.webp,https://articulo.mercadolibre.com.ve/MLV-488000898-cartulina-opalina-210-grs-tamano-oficio-blanca-100-hojas-_JM,https://www.google.com/search?q=%22VRSTORE%20CA%22%20Venezuela%20(whatsapp%20OR%20instagram%20OR%20rif%20OR%20telefono%20OR%20tienda),Sí,2026-08-15T08:31:49.768Z
MLV721860414,Papel Fotográfico Inkjet Jojo 200 Gr (20 Hojas) Blanco,2.99,5,105,1000,0,Sí,FERRE TOYS,N/A,4500,500,50000,99,19,https://www.mercadolibre.com.ve/pagina/ferretoys,"Barquisimeto, Lara","Arte, Papelería y Mercería",Papelería > Comercial y Oficina > Papeles para Impresión,"Arte, Papelería y Mercería > Papelería > Comercial y Oficina > Papeles para Impresión",Jojo,N/A,Marca: Jojo | Tamaño del papel: A4 | Tipo de papel: Fotográfico | Color: Blanco | Cantidad de hojas: 20 | Gramaje: 210 g | Formato de venta: Unidad | Peso: 230 g | Largo x Ancho: 29.7 cm x 21 cm | Acabado: Brillante,https://http2.mlstatic.com/D_NQ_NP_2X_802700-MLV51696018486_092022-F.webp,https://articulo.mercadolibre.com.ve/MLV-721860414-papel-fotografico-inkjet-jojo-200-gr-20-hojas-blanco-_JM,https://www.google.com/search?q=%22FERRE%20TOYS%22%20Venezuela%20(whatsapp%20OR%20instagram%20OR%20rif%20OR%20telefono%20OR%20tienda),Sí,2026-08-15T08:31:50.219Z
MLV473433553,"Pega Loka La Original, Caja De 42 Unidades",13.99,4.9,139,500,0,Sí,QUINGEL QUINTERO,MercadoLíder Platinum,1300,100,10000,99,14,https://www.mercadolibre.com.ve/pagina/quingelquintero9908,"Mun. Libertador (Sur), Distrito Capital","Arte, Papelería y Mercería",Papelería > Comercial y Oficina > Pegamentos y Cortantes > Pegamentos,"Arte, Papelería y Mercería > Papelería > Comercial y Oficina > Pegamentos y Cortantes > Pegamentos",Pega Loka 3,Pega loca 42 unid,Marca: Pega Loka 3 | Modelo: Pega loca 42 unid | Tipo de pegamento: Líquido | Superficies aptas: plásticos gomas cartón ceramica | Es lavable: No | Es tóxico: No,https://http2.mlstatic.com/D_NQ_NP_2X_869743-MLV80051678287_102024-F.webp,https://articulo.mercadolibre.com.ve/MLV-473433553-pega-loka-la-original-caja-de-42-unidades-_JM,https://www.google.com/search?q=%22QUINGEL%20QUINTERO%22%20Venezuela%20(whatsapp%20OR%20instagram%20OR%20rif%20OR%20telefono%20OR%20tienda),Sí,2026-08-15T08:31:50.671Z
MLV562266183,Carpeta Hop Fibra Marrón Brillante Tamaño Oficio 25 Unid.,10,4.9,90,500,0,Sí,DISTRIBUIDORA HOP,MercadoLíder Platinum,830,100,5000,99,14,https://www.mercadolibre.com.ve/pagina/homeofficepaper6695,"Mun. Libertador (Sur), Distrito Capital","Arte, Papelería y Mercería",Papelería > Comercial y Oficina > Archivadores y Carpetas,"Arte, Papelería y Mercería > Papelería > Comercial y Oficina > Archivadores y Carpetas",Hop!,Fibra,Marca: Hop! | Modelo: Fibra | Diseño: MARRON DE FIBRA | Tipo de carpeta: Carpeta BRILLANTE | Tamaño de las hojas: Oficio | Con tapas separadas: No | Con anillos: No | Formato de venta: Pack | Unidades por pack: 25 | Largo x Ancho: 34.5 cm x 25.4 cm,https://http2.mlstatic.com/D_NQ_NP_2X_807302-MLV71808718132_092023-F.webp,https://articulo.mercadolibre.com.ve/MLV-562266183-carpeta-hop-fibra-marron-brillante-tamano-oficio-25-unid-_JM,https://www.google.com/search?q=%22DISTRIBUIDORA%20HOP%22%20Venezuela%20(whatsapp%20OR%20instagram%20OR%20rif%20OR%20telefono%20OR%20tienda),Sí,2026-08-15T08:31:51.156Z
MLV476141497,Papel Fotografico Profesional Ink-jet High Quality 180 Gr/m2 Blanco,5.99,4.9,210,1000,0,Sí,VRSTORE CA,MercadoLíder Platinum,3400,500,10000,100,16,https://www.mercadolibre.com.ve/pagina/vrstoreca,"Barquisimeto, Lara","Arte, Papelería y Mercería",Papelería > Comercial y Oficina > Papeles para Impresión,"Arte, Papelería y Mercería > Papelería > Comercial y Oficina > Papeles para Impresión",Crisvi,N/A,Marca: Crisvi | Tamaño del papel: Carta | Tipo de papel: Fotográfico | Color: Blanco | Cantidad de hojas: 20 | Gramaje: 180 g | Formato de venta: Pack | Unidades por pack: 20 | Acabado: Brillante,https://http2.mlstatic.com/D_NQ_NP_2X_979347-MLV49798304315_042022-F.webp,https://articulo.mercadolibre.com.ve/MLV-476141497-papel-fotografico-profesional-ink-jet-high-quality-180-grm2-blanco-_JM,https://www.google.com/search?q=%22VRSTORE%20CA%22%20Venezuela%20(whatsapp%20OR%20instagram%20OR%20rif%20OR%20telefono%20OR%20tienda),Sí,2026-08-15T08:31:51.774Z
MLV756852756,Bolígrafo Lapicero En Gel Borrable Offi Esco Caja X 12 Und,15.99,4.9,126,500,0,Sí,MCSUMINISTROS CARLOSRAMIREZ,MercadoLíder Platinum,2300,100,10000,100,10,https://www.mercadolibre.com.ve/pagina/mcsuministroscarlosramirez4552,"San Cristóbal,","Arte, Papelería y Mercería",Papelería > Escolar > Escritura > Bolígrafos,"Arte, Papelería y Mercería > Papelería > Escolar > Escritura > Bolígrafos",Offi-Esco,Borrable,Marca: Offi-Esco | Modelo: Borrable | Línea: Boligrafo | Tipo de envase: Caja | Grosor del trazo: 7 mm | Formato de venta: Pack | Unidades por pack: 12 | Tipo de lapicera: Bolígrafo | Tipo de trazo: Fino | Tipo de tinta: Gel,https://http2.mlstatic.com/D_NQ_NP_2X_823486-MLV111754145601_052026-F.webp,https://articulo.mercadolibre.com.ve/MLV-756852756-boligrafo-lapicero-en-gel-borrable-offi-esco-caja-x-12-und-_JM,https://www.google.com/search?q=%22MCSUMINISTROS%20CARLOSRAMIREZ%22%20Venezuela%20(whatsapp%20OR%20instagram%20OR%20rif%20OR%20telefono%20OR%20tienda),Sí,2026-08-15T08:31:52.513Z
MLV465640709,Papel Autoadhesivo Etiqueta Calcomanía Mate Extra Oficio,10,4.9,37,1000,0,Sí,VRSTORE CA,MercadoLíder Platinum,3400,500,10000,100,16,https://www.mercadolibre.com.ve/pagina/vrstoreca,"Barquisimeto, Lara","Arte, Papelería y Mercería",Papelería > Comercial y Oficina > Pegamentos y Cortantes > Otros,"Arte, Papelería y Mercería > Papelería > Comercial y Oficina > Pegamentos y Cortantes > Otros","arclad, ritrama, fasson (este ultimo altamente recomendado con impresoras de tinta continua)",Mate P,"Marca: arclad, ritrama, fasson (este ultimo altamente recomendado con impresoras de tinta continua) | Modelo: Mate P",https://http2.mlstatic.com/D_NQ_NP_2X_722826-MLV84549817235_052025-F.webp,https://articulo.mercadolibre.com.ve/MLV-465640709-papel-autoadhesivo-etiqueta-calcomania-mate-extra-oficio-_JM,https://www.google.com/search?q=%22VRSTORE%20CA%22%20Venezuela%20(whatsapp%20OR%20instagram%20OR%20rif%20OR%20telefono%20OR%20tienda),Sí,2026-08-15T08:31:52.955Z
MLV709705796,Adaptador Lápiz Postura Corrector Para Escribir Para Niños,2,4.9,187,500,0,Sí,GEOS VOLCAN,MercadoLíder Platinum,960,100,10000,100,13,https://www.mercadolibre.com.ve/pagina/unpa15,"Mun. Libertador (Sur), Distrito Capital","Arte, Papelería y Mercería",Papelería > Escolar > Escritura > Otros,"Arte, Papelería y Mercería > Papelería > Escolar > Escritura > Otros",Mlife,Pencils Grips,Marca: Mlife | Modelo: Pencils Grips,https://http2.mlstatic.com/D_NQ_NP_2X_825607-MLV50012100930_052022-F.webp,https://articulo.mercadolibre.com.ve/MLV-709705796-adaptador-lapiz-postura-corrector-para-escribir-para-ninos-_JM,https://www.google.com/search?q=%22GEOS%20VOLCAN%22%20Venezuela%20(whatsapp%20OR%20instagram%20OR%20rif%20OR%20telefono%20OR%20tienda),Sí,2026-08-15T08:31:53.466Z
MLV705474774,Archicomodo Caja Archivadora De Plástico Marca Archi Practic Blanco,4,4.9,113,1000,0,Sí,FEGRALCA,MercadoLíder Platinum,920,100,10000,99,10,https://www.mercadolibre.com.ve/pagina/fegralca,"Mun. Libertador (Noreste), Distrito Capital","Arte, Papelería y Mercería",Papelería > Comercial y Oficina > Archivadores y Carpetas,"Arte, Papelería y Mercería > Papelería > Comercial y Oficina > Archivadores y Carpetas",Archi- Parctic,Archicomodo,Marca: Archi- Parctic | Modelo: Archicomodo | Color: Blanco | Diseño: Liso | Formato de venta: Unidad | Largo x Ancho: 38 cm x 25 cm | Espesor: 4 mm | Material: PVC | Con anillos: No,https://http2.mlstatic.com/D_NQ_NP_2X_741163-MLV76957307102_062024-F.webp,https://articulo.mercadolibre.com.ve/MLV-705474774-archicomodo-caja-archivadora-de-plastico-marca-archi-practic-blanco-_JM,https://www.google.com/search?q=%22FEGRALCA%22%20Venezuela%20(whatsapp%20OR%20instagram%20OR%20rif%20OR%20telefono%20OR%20tienda),Sí,2026-08-15T08:31:53.932Z
MLV734925815,Papel Fotografico 135gr Autoadhesivo Tinec Pack 50 Hojas Blanco,10,4.9,159,500,0,Sí,EVPRO,N/A,380,100,5000,98,13,https://www.mercadolibre.com.ve/pagina/e.v.pro,"Barquisimeto, Lara","Arte, Papelería y Mercería",Papelería > Comercial y Oficina > Papeles para Impresión,"Arte, Papelería y Mercería > Papelería > Comercial y Oficina > Papeles para Impresión",Tinec,N/A,Marca: Tinec | Tamaño del papel: A4 | Tipo de papel: Fotográfico | Color: Blanco | Cantidad de hojas: 50 | Gramaje: 135 g | Formato de venta: Pack | Peso: 1 kg | Acabado: Brillante,https://http2.mlstatic.com/D_NQ_NP_2X_959002-MLV98256412151_112025-F.webp,https://articulo.mercadolibre.com.ve/MLV-734925815-papel-fotografico-135gr-autoadhesivo-tinec-pack-50-hojas-blanco-_JM,https://www.google.com/search?q=%22EVPRO%22%20Venezuela%20(whatsapp%20OR%20instagram%20OR%20rif%20OR%20telefono%20OR%20tienda),Sí,2026-08-15T08:31:54.399Z
MLV743484463,Papel Fotografico 200gr Tinec 20 Hojas Inkjet Blanco,3.16,5,81,1000,0,Sí,EVPRO,N/A,380,100,5000,98,13,https://www.mercadolibre.com.ve/pagina/e.v.pro,"Barquisimeto, Lara","Arte, Papelería y Mercería",Papelería > Comercial y Oficina > Papeles para Impresión,"Arte, Papelería y Mercería > Papelería > Comercial y Oficina > Papeles para Impresión",Tinec,N/A,Marca: Tinec | Tamaño del papel: A4 | Tipo de papel: Fotográfico | Color: Blanco | Cantidad de hojas: 20 | Gramaje: 200 g | Formato de venta: Pack | Peso: 500 g | Acabado: Brillante,https://http2.mlstatic.com/D_NQ_NP_2X_912256-MLV98264905609_112025-F.webp,https://articulo.mercadolibre.com.ve/MLV-743484463-papel-fotografico-200gr-tinec-20-hojas-inkjet-blanco-_JM,https://www.google.com/search?q=%22EVPRO%22%20Venezuela%20(whatsapp%20OR%20instagram%20OR%20rif%20OR%20telefono%20OR%20tienda),Sí,2026-08-15T08:31:55.488Z
MLV925804560,Papel Vinil Imprimible Adhesivo Sticker Pet / Blanco,10.92,4.9,177,500,0,Sí,lnb2009,MercadoLíder Platinum,1600,100,10000,100,22,https://www.mercadolibre.com.ve/pagina/lnb_2009,"Barquisimeto, Lara","Arte, Papelería y Mercería",Papelería > Comercial y Oficina > Papeles para Impresión,"Arte, Papelería y Mercería > Papelería > Comercial y Oficina > Papeles para Impresión",Tinec,N/A,Marca: Tinec | Tamaño del papel: A4 | Tipo de papel: PET waterproof | Cantidad de hojas: 20 | Gramaje: 135 g | Acabado: Blanco brillante,https://http2.mlstatic.com/D_NQ_NP_2X_610962-MLV111614412532_062026-F.webp,https://articulo.mercadolibre.com.ve/MLV-925804560-papel-vinil-imprimible-adhesivo-sticker-pet-blanco-_JM,https://www.google.com/search?q=%22lnb2009%22%20Venezuela%20(whatsapp%20OR%20instagram%20OR%20rif%20OR%20telefono%20OR%20tienda),Sí,2026-08-15T08:31:55.949Z
MLV527507984,Caja 72 Tirros Cinta De Embalar 100 Mts Marron,99,4.8,52,500,0,Sí,Venspeed,MercadoLíder Platinum,3000,500,100000,99,14,https://www.mercadolibre.com.ve/tienda/venspeed,"Mun. Chacao (sur), Distrito Capital","Arte, Papelería y Mercería",Papelería > Comercial y Oficina > Pegamentos y Cortantes > Cintas Adhesivas,"Arte, Papelería y Mercería > Papelería > Comercial y Oficina > Pegamentos y Cortantes > Cintas Adhesivas",VENSPEED,Marrón,"Marca: VENSPEED | Modelo: Marrón | Formato de venta: Pack | Unidades por pack: 72 | Largo x Ancho: 100 m x 4.8 cm | Espesor: 0,04 mm | Tipo de cinta adhesiva: Embalaje | Material: Polipropileno | Acabado: Brillante | Temperatura máxima soportada: 60 °C | Es escribible: No | Es transparente: No | Con dispensador: No",https://http2.mlstatic.com/D_NQ_NP_2X_817476-MLV32037812272_092019-F.webp,https://articulo.mercadolibre.com.ve/MLV-527507984-caja-72-tirros-cinta-de-embalar-100-mts-marron-_JM,https://www.google.com/search?q=%22Venspeed%22%20Venezuela%20(whatsapp%20OR%20instagram%20OR%20rif%20OR%20telefono%20OR%20tienda),Sí,2026-08-15T08:31:56.391Z
MLV722033825,Papel Fotográfico Autoadhesivo Colormake 50h A4 Calcomanías Blanco,10.26,4.9,204,1000,0,Sí,EVPRO,N/A,380,100,5000,98,13,https://www.mercadolibre.com.ve/pagina/e.v.pro,"Barquisimeto, Lara","Arte, Papelería y Mercería",Papelería > Comercial y Oficina > Papeles para Impresión,"Arte, Papelería y Mercería > Papelería > Comercial y Oficina > Papeles para Impresión",ColorMake,N/A,Marca: ColorMake | Tamaño del papel: A4 | Tipo de papel: Fotográfico | Color: Blanco | Cantidad de hojas: 50 | Gramaje: 135 g | Formato de venta: Pack | Acabado: Brillante,https://http2.mlstatic.com/D_NQ_NP_2X_752733-MLV51112001038_082022-F.webp,https://articulo.mercadolibre.com.ve/MLV-722033825-papel-fotografico-autoadhesivo-colormake-50h-a4-calcomanias-blanco-_JM,https://www.google.com/search?q=%22EVPRO%22%20Venezuela%20(whatsapp%20OR%20instagram%20OR%20rif%20OR%20telefono%20OR%20tienda),Sí,2026-08-15T08:31:56.850Z
MLV566199806,Caja De Resma De Papel Marca Hp Tamaño Oficio 500 Hojas Blanco,88.95,4.8,128,500,0,Sí,Venspeed,MercadoLíder Platinum,3000,500,100000,99,14,https://www.mercadolibre.com.ve/tienda/venspeed,"Mun. Chacao (sur), Distrito Capital","Arte, Papelería y Mercería",Papelería > Comercial y Oficina > Papeles para Impresión,"Arte, Papelería y Mercería > Papelería > Comercial y Oficina > Papeles para Impresión",HP,N/A,"Marca: HP | Tamaño del papel: Oficio | Tipo de papel: Bond | Color: Blanco | Cantidad de hojas: 500 | Gramaje: 75 g | Formato de venta: Unidad | Peso: 2,7 kg | Acabado: Blanco",https://http2.mlstatic.com/D_NQ_NP_2X_944255-MLV43134926517_082020-F.webp,https://articulo.mercadolibre.com.ve/MLV-566199806-caja-de-resma-de-papel-marca-hp-tamano-oficio-500-hojas-blanco-_JM,https://www.google.com/search?q=%22Venspeed%22%20Venezuela%20(whatsapp%20OR%20instagram%20OR%20rif%20OR%20telefono%20OR%20tienda),Sí,2026-08-15T08:31:57.291Z
MLV742937191,Marcadores Doble Punta Permanente Touch 60 Piezas Colores,15.49,4.8,767,1000,0,Sí,Cudy,MercadoLíder Platinum,200,500,100000,99,17,https://www.mercadolibre.com.ve/tienda/cudy,"Barquisimeto, Lara","Arte, Papelería y Mercería",Papelería > Escolar > Escritura > Marcadores y Resaltadores,"Arte, Papelería y Mercería > Papelería > Escolar > Escritura > Marcadores y Resaltadores",Touch,doble touch,"Marca: Touch | Modelo: doble touch | Diseño: Doble punta | Tipo de marcador: Permanente | Formato de venta: Pack | Unidades por pack: 60 | Tipo de envase: Estuche | Material del cuerpo: Plástico | Tipo de punta: Biselada y fina | Tipo de tinta: A base de alcohol | Superficies recomendadas: Anime, Papel",https://http2.mlstatic.com/D_NQ_NP_2X_983543-MLV80648426824_112024-F.webp,https://articulo.mercadolibre.com.ve/MLV-742937191-marcadores-doble-punta-permanente-touch-60-piezas-colores-_JM,https://www.google.com/search?q=%22Cudy%22%20Venezuela%20Barquisimeto%20(whatsapp%20OR%20instagram%20OR%20rif%20OR%20telefono%20OR%20tienda),Sí,2026-08-16T23:31:08.488Z
MLV570117645,Fundas Protectoras De Hoja Tamaño Carta Taff -ofimak -ofiart,5.5,0,0,500,0,Sí,JA SUMINISTROS OFFICE,MercadoLíder Platinum,90,100,1000,100,22,https://www.mercadolibre.com.ve/pagina/jose_66,"Mun. Libertador (Suroeste), Distrito Capital","Arte, Papelería y Mercería",Papelería > Comercial y Oficina > Archivadores y Carpetas,"Arte, Papelería y Mercería > Papelería > Comercial y Oficina > Archivadores y Carpetas",Ofimak,Carta,Marca: Ofimak | Modelo: Carta | Tipo de carpeta: Funda | Material: PVC | Tamaño de las hojas: A4 | Formato de venta: Pack | Unidades por envase: 100,https://http2.mlstatic.com/D_NQ_NP_2X_971108-MLA86030191433_062025-F.webp,https://articulo.mercadolibre.com.ve/MLV-570117645-fundas-protectoras-de-hoja-tamano-carta-taff-ofimak-ofiart-_JM,https://www.google.com/search?q=%22JA%20SUMINISTROS%20OFFICE%22%20Venezuela%20(whatsapp%20OR%20instagram%20OR%20rif%20OR%20telefono%20OR%20tienda),Sí,2026-08-15T08:31:58.610Z
MLV734019230,Sobre Manila Oficio Gold 100 Unidades 25x33 Cm Amarillo Liso,20.7,5,146,500,0,Sí,MCSUMINISTROS CARLOSRAMIREZ,MercadoLíder Platinum,2300,100,10000,100,10,https://www.mercadolibre.com.ve/pagina/mcsuministroscarlosramirez4552,"San Cristóbal,","Arte, Papelería y Mercería",Papelería > Comercial y Oficina > Sobres,"Arte, Papelería y Mercería > Papelería > Comercial y Oficina > Sobres",Gold,Manila,Marca: Gold | Modelo: Manila | Tipo de producto: . | Color: Amarillo | Nombre del diseño: Liso | Tamaño del papel: Oficio | Unidades por envase: 100 | Formato de venta: Unidad | Ancho x Largo: 25 cm x 33 cm | Gramaje: 75 g,https://http2.mlstatic.com/D_NQ_NP_2X_615506-MLV98257180291_112025-F.webp,https://articulo.mercadolibre.com.ve/MLV-734019230-sobre-manila-oficio-gold-100-unidades-25x33-cm-amarillo-liso-_JM,https://www.google.com/search?q=%22MCSUMINISTROS%20CARLOSRAMIREZ%22%20Venezuela%20(whatsapp%20OR%20instagram%20OR%20rif%20OR%20telefono%20OR%20tienda),Sí,2026-08-15T08:31:59.102Z
MLV734038205,"Sobres Gold Manila Carta 30x23 Cm, 200 Unidades Amarillo Liso",32.4,4.9,177,500,0,Sí,MCSUMINISTROS CARLOSRAMIREZ,MercadoLíder Platinum,2300,100,10000,100,10,https://www.mercadolibre.com.ve/pagina/mcsuministroscarlosramirez4552,"San Cristóbal,","Arte, Papelería y Mercería",Papelería > Comercial y Oficina > Sobres,"Arte, Papelería y Mercería > Papelería > Comercial y Oficina > Sobres",Gold,Manila,Marca: Gold | Modelo: Manila | Tipo de producto: . | Color: Amarillo | Nombre del diseño: Liso | Tamaño del papel: Carta | Unidades por envase: 200 | Formato de venta: Unidad | Ancho x Largo: 23 cm x 30 cm | Gramaje: 75 g,https://http2.mlstatic.com/D_NQ_NP_2X_737558-MLV80174907129_102024-F.webp,https://articulo.mercadolibre.com.ve/MLV-734038205-sobres-gold-manila-carta-30x23-cm-200-unidades-amarillo-liso-_JM,https://www.google.com/search?q=%22MCSUMINISTROS%20CARLOSRAMIREZ%22%20Venezuela%20(whatsapp%20OR%20instagram%20OR%20rif%20OR%20telefono%20OR%20tienda),Sí,2026-08-15T08:31:59.602Z
MLV742470538,Barras De Silicón Extra Transparentes Delgadas Y Gruesas Paq,12.8,4.9,123,500,0,Sí,DISTRIBUIDORA EDMIDIMAR CA,MercadoLíder Platinum,1500,100,10000,100,16,https://www.mercadolibre.com.ve/pagina/distribuidoraedmidimar_c.a,"Girardot (Maracay), Aragua","Arte, Papelería y Mercería",Papelería > Comercial y Oficina > Pegamentos y Cortantes > Pegamentos,"Arte, Papelería y Mercería > Papelería > Comercial y Oficina > Pegamentos y Cortantes > Pegamentos",N/A,Barras Silicón Fino Delgado Gruesa. Pistola Caliente Pequeña y Grande,Modelo: Barras Silicón Fino Delgado Gruesa. Pistola Caliente Pequeña y Grande | Tipo de pegamento: BARRAS EXTRA TRANSPARENTES | Superficies aptas: Cualquiera | Es lavable: Sí,https://http2.mlstatic.com/D_NQ_NP_2X_990094-MLV76541927073_052024-F.webp,https://articulo.mercadolibre.com.ve/MLV-742470538-barras-de-silicon-extra-transparentes-delgadas-y-gruesas-paq-_JM,https://www.google.com/search?q=%22DISTRIBUIDORA%20EDMIDIMAR%20CA%22%20Venezuela%20(whatsapp%20OR%20instagram%20OR%20rif%20OR%20telefono%20OR%20tienda),Sí,2026-08-15T08:32:00.069Z
MLV581595825,Libreta Cosida Escolar 100 Hojas Rayados Norma (2 Unidades),3.99,4.9,67,1000,0,Sí,VRSTORE CA,MercadoLíder Platinum,3400,500,10000,100,16,https://www.mercadolibre.com.ve/pagina/vrstoreca,"Barquisimeto, Lara","Arte, Papelería y Mercería",Papelería > Escolar > Cuadernos,"Arte, Papelería y Mercería > Papelería > Escolar > Cuadernos","Norma, fama, imagenes",10vrvms22,"Marca: Norma, fama, imagenes | Línea: RAYA | Modelo: 10vrvms22 | Tipo de producto: Libreta | Nombre del diseño: Libretas | Tipo de hoja: Rayada | Cantidad de hojas: 100 | Largo x Ancho: 23.2 cm x 17.8 cm | Formato de venta: Pack | Unidades por pack: 2 | Tipo de encuadernación: Cosido",https://http2.mlstatic.com/D_NQ_NP_2X_722081-MLV50041909647_052022-F.webp,https://articulo.mercadolibre.com.ve/MLV-581595825-libreta-cosida-escolar-100-hojas-rayados-norma-2-unidades-_JM,https://www.google.com/search?q=%22VRSTORE%20CA%22%20Venezuela%20(whatsapp%20OR%20instagram%20OR%20rif%20OR%20telefono%20OR%20tienda),Sí,2026-08-15T08:32:00.532Z
MLV727436343,Papel Fotográfico Kores De 180g /m2 -50 Uni Para Ink-jet. Blanco,13.8,5,199,500,0,Sí,TUACCESORIOALAMANO,MercadoLíder Platinum,340,100,1000,100,10,https://www.mercadolibre.com.ve/pagina/tuaccesorioalamano,"Mun. Libertador (Oeste), Distrito Capital","Arte, Papelería y Mercería",Papelería > Comercial y Oficina > Papeles para Impresión,"Arte, Papelería y Mercería > Papelería > Comercial y Oficina > Papeles para Impresión",Kores,N/A,Marca: Kores | Tamaño del papel: Carta | Tipo de papel: Fotográfico | Color: Blanco | Cantidad de hojas: 50 | Gramaje: 180 g | Formato de venta: Unidad | Peso: 550 g | Acabado: Brillante,https://http2.mlstatic.com/D_NQ_NP_2X_613641-MLV115299632519_072026-F.webp,https://articulo.mercadolibre.com.ve/MLV-727436343-papel-fotografico-kores-de-180g-m2-50-uni-para-ink-jet-blanco-_JM,https://www.google.com/search?q=%22TUACCESORIOALAMANO%22%20Venezuela%20(whatsapp%20OR%20instagram%20OR%20rif%20OR%20telefono%20OR%20tienda),Sí,2026-08-15T08:32:00.982Z
MLV780690144,Archicomodo Plástico Blanco,4.5,4.8,18,500,0,Sí,JA SUMINISTROS OFFICE,MercadoLíder Platinum,90,100,1000,100,22,https://www.mercadolibre.com.ve/pagina/jose_66,"Mun. Libertador (Suroeste), Distrito Capital","Arte, Papelería y Mercería",Papelería > Comercial y Oficina > Archivadores y Carpetas,"Arte, Papelería y Mercería > Papelería > Comercial y Oficina > Archivadores y Carpetas",Ofimak,Plástico,Marca: Ofimak | Modelo: Plástico | Color: Blanco | Diseño: caja | Formato de venta: Unidad,https://http2.mlstatic.com/D_NQ_NP_2X_861463-MLV73369809559_122023-F.webp,https://articulo.mercadolibre.com.ve/MLV-780690144-archicomodo-plastico-blanco-_JM,https://www.google.com/search?q=%22JA%20SUMINISTROS%20OFFICE%22%20Venezuela%20(whatsapp%20OR%20instagram%20OR%20rif%20OR%20telefono%20OR%20tienda),Sí,2026-08-15T08:32:01.732Z
MLV762736707,Carpeta Con Deposito Tabla De Apoyo Con Gancho,9.98,4.9,167,500,0,Sí,PROPACA SUMINISTROS,MercadoLíder Platinum,1900,100,10000,99,13,https://www.mercadolibre.com.ve/pagina/propacasuministros,Mun. Libertador (,"Arte, Papelería y Mercería",Papelería > Comercial y Oficina > Archivadores y Carpetas,"Arte, Papelería y Mercería > Papelería > Comercial y Oficina > Archivadores y Carpetas",Offi esco,Carpeta Deposito,Marca: Offi esco | Modelo: Carpeta Deposito | Formato de venta: Unidad | Tipo de carpeta: Carpeta | Material: Plástico,https://http2.mlstatic.com/D_NQ_NP_2X_610371-MLV115723891477_082026-F.webp,https://articulo.mercadolibre.com.ve/MLV-762736707-carpeta-con-deposito-tabla-de-apoyo-con-gancho-_JM,https://www.google.com/search?q=%22PROPACA%20SUMINISTROS%22%20Venezuela%20(whatsapp%20OR%20instagram%20OR%20rif%20OR%20telefono%20OR%20tienda),Sí,2026-08-15T08:32:02.169Z
MLV814251770,Papel Sublimación Secado Instantáneo Epson F570 61cm X 50m Blanco,45,5,30,500,0,Sí,EBSKIDS2,N/A,110,50,N/A,N/A,N/A,https://www.mercadolibre.com.ve/pagina/ebskids2,"San Diego (San Diego), Carabobo","Arte, Papelería y Mercería",Papelería > Comercial y Oficina > Papeles para Impresión,"Arte, Papelería y Mercería > Papelería > Comercial y Oficina > Papeles para Impresión",Ebs supplies,N/A,"Marca: Ebs supplies | Tamaño del papel: 61cmx50metros | Tipo de papel: sublimación | Color: Blanco | Gramaje: 100 g | Peso: 3,68 kg",https://http2.mlstatic.com/D_NQ_NP_2X_999208-MLV80201687969_102024-F.webp,https://articulo.mercadolibre.com.ve/MLV-814251770-papel-sublimacion-secado-instantaneo-epson-f570-61cm-x-50m-blanco-_JM,https://www.google.com/search?q=%22EBSKIDS2%22%20Venezuela%20(whatsapp%20OR%20instagram%20OR%20rif%20OR%20telefono%20OR%20tienda),Sí,2026-08-15T08:32:02.627Z
MLV711377394,Porta Carnet Transparente Medida 8.5cm X 55cm Incluye Cinta,5.99,4.9,65,500,0,Sí,VRSTORE CA,MercadoLíder Platinum,3400,500,10000,100,16,https://www.mercadolibre.com.ve/pagina/vrstoreca,"Barquisimeto, Lara","Arte, Papelería y Mercería",Papelería > Otros,"Arte, Papelería y Mercería > Papelería > Otros",Pointer,id card,Marca: Pointer | Modelo: id card,https://http2.mlstatic.com/D_NQ_NP_2X_639933-MLV73017832392_112023-F.webp,https://articulo.mercadolibre.com.ve/MLV-711377394-porta-carnet-transparente-medida-85cm-x-55cm-incluye-cinta-_JM,https://www.google.com/search?q=%22VRSTORE%20CA%22%20Venezuela%20(whatsapp%20OR%20instagram%20OR%20rif%20OR%20telefono%20OR%20tienda),Sí,2026-08-15T08:32:03.086Z
MLV784055106,Papel Fotografico Inkjet 240 Gr. 20 Hojas Blanco,3,4.8,51,1000,0,Sí,Masshopping,MercadoLíder Platinum,3300,500,100000,99,17,https://www.mercadolibre.com.ve/tienda/masshopping,"Barquisimeto, Lara","Arte, Papelería y Mercería",Papelería > Comercial y Oficina > Papeles para Impresión,"Arte, Papelería y Mercería > Papelería > Comercial y Oficina > Papeles para Impresión",Jojo,N/A,Marca: Jojo | Tamaño del papel: A4 | Tipo de papel: Fotográfico | Color: Blanco | Cantidad de hojas: 20 | Gramaje: 240 g | Formato de venta: Pack | Unidades por pack: 20 | Acabado: Brillante,https://http2.mlstatic.com/D_NQ_NP_2X_951657-MLV110548907260_052026-F.webp,https://articulo.mercadolibre.com.ve/MLV-784055106-papel-fotografico-inkjet-240-gr-20-hojas-blanco-_JM,https://www.google.com/search?q=%22Masshopping%22%20Venezuela%20(whatsapp%20OR%20instagram%20OR%20rif%20OR%20telefono%20OR%20tienda),Sí,2026-08-15T08:32:03.574Z
MLV905577998,Cinta Raso #9 Rosas Eternas Floristerías Vestidos 22mt X 4cm Todos,3,4.8,199,1000,0,Sí,POLARISPLUSCA,MercadoLíder Platinum,1600,100,10000,99,3,https://www.mercadolibre.com.ve/pagina/polarisplusca,"Mun. Libertador (Sureste), Distrito Capital","Arte, Papelería y Mercería",Mercería > Cintas,"Arte, Papelería y Mercería > Mercería > Cintas",Genérica,#9 (30 colores disponibles),Marca: Genérica | Modelo: #9 (30 colores disponibles) | Formato de la cinta: Rollo | Tipo de cinta: Raso | Color: Todos | Largo x Ancho: 22 m x 4 cm | Formato de venta: Unidad,https://http2.mlstatic.com/D_NQ_NP_2X_784082-MLV89788847077_082025-F.webp,https://articulo.mercadolibre.com.ve/MLV-905577998-cinta-raso-9-rosas-eternas-floristerias-vestidos-22mt-x-4cm-todos-_JM,https://www.google.com/search?q=%22POLARISPLUSCA%22%20Venezuela%20(whatsapp%20OR%20instagram%20OR%20rif%20OR%20telefono%20OR%20tienda),Sí,2026-08-15T08:32:04.023Z
MLV576078151,Hilo Signotex Macramé 4mm Bobina 100m 500g Algodón,10,4.9,82,500,0,Sí,Signo Tex,MercadoLíder Platinum,710,50,5000,100,5,https://www.mercadolibre.com.ve/tienda/signo-tex,"Girardot (Maracay), Aragua","Arte, Papelería y Mercería",Mercería > Costura y Bordado > Hilos y Cordones de Mercería,"Arte, Papelería y Mercería > Mercería > Costura y Bordado > Hilos y Cordones de Mercería",SignoTex,4 mm,"Marca: SignoTex | Línea: Macramé/Crochet | Modelo: 4 mm | Tipo de presentación: Bobina | Composición: 100% algodón | Acabado: Mate | Usos recomendados: Alfombra, Bolso, Borla, Cartera, Crochet, Hamacas, Macramé, Posavaso, Ropa, Silla, Tejido, Vestido, alcayatas, capa, ganchillo, hoja, pluma, tapete, tapiz | Es encerado: No | Es elástica: No | Largo: 100 m | Espesor: 4 mm | Peso de la unidad: 500 g | Formato de venta: Unidad",https://http2.mlstatic.com/D_NQ_NP_2X_803738-MLV75735393753_042024-F.webp,https://articulo.mercadolibre.com.ve/MLV-576078151-hilo-signotex-macrame-4mm-bobina-100m-500g-algodon-_JM,https://www.google.com/search?q=%22Signo%20Tex%22%20Venezuela%20(whatsapp%20OR%20instagram%20OR%20rif%20OR%20telefono%20OR%20tienda),Sí,2026-08-15T08:32:04.510Z
MLV506190427,Hilos Algodon Multihebras Para Tejer 100g,4,4.9,146,1000,0,Sí,Vendido por MORA.MORADA,MercadoLíder Gold,N/A,100,1000,100,17,https://listado.mercadolibre.com.ve/_CustId_81446747,Mun. Libertador (,"Arte, Papelería y Mercería",Mercería > Costura y Bordado > Hilos y Cordones de Mercería,"Arte, Papelería y Mercería > Mercería > Costura y Bordado > Hilos y Cordones de Mercería",Genérica,Multihebras,"Marca: Genérica | Modelo: Multihebras | Tipo de presentación: Bobina | Espesor: 1,5 mm | Composición: Acrílico, Algodón, Mercerizado, Poliéster",https://http2.mlstatic.com/D_NQ_NP_2X_605198-MLV111018602912_052026-F.webp,https://articulo.mercadolibre.com.ve/MLV-506190427-hilos-algodon-multihebras-para-tejer-100g-_JM,https://www.google.com/search?q=%22Vendido%20por%20MORA.MORADA%22%20Venezuela%20(whatsapp%20OR%20instagram%20OR%20rif%20OR%20telefono%20OR%20tienda),Sí,2026-08-15T08:32:05.474Z
MLV742616306,"Etiquetas Personalizadas De Cuero, Logo, Nombre, Frases",2,5,4,1000,0,Sí,PINTURA CUEROS,MercadoLíder Platinum,470,100,5000,100,7,https://www.mercadolibre.com.ve/pagina/pinturacueros5601,"Zamora (Villa De Cura), Aragua","Arte, Papelería y Mercería",Mercería > Etiquetas de Tela,"Arte, Papelería y Mercería > Mercería > Etiquetas de Tela",M.C,Cuero,Fabricante: M.C | Marca: M.C | Tipo de etiqueta: CUERO | Modelo: Cuero | Material: Cuero | Tipo de aplicación: Para coser | Ancho x Largo: 0.2 cm x 2 mm | Formato de venta: Unidad,https://http2.mlstatic.com/D_NQ_NP_2X_690850-MLV54662769254_032023-F.webp,https://articulo.mercadolibre.com.ve/MLV-742616306-etiquetas-personalizadas-de-cuero-logo-nombre-frases-_JM,https://www.google.com/search?q=%22PINTURA%20CUEROS%22%20Venezuela%20(whatsapp%20OR%20instagram%20OR%20rif%20OR%20telefono%20OR%20tienda),Sí,2026-08-15T08:32:06.237Z
MLV721387865,Semicuero Para Tapiceria Mayor Y Detal Semipiel Negro,6,4.8,49,500,0,Sí,NEGOCIOS1999,MercadoLíder Platinum,400,100,5000,99,16,https://www.mercadolibre.com.ve/pagina/negocios1999,"Caracas, Distrito Capital",Industrias,Textil y Calzado > Confección de Ropa > Accesorios para Coser y Bordar > Telas,Industrias > Textil y Calzado > Confección de Ropa > Accesorios para Coser y Bordar > Telas,N/A,N/A,"Tipo de producto: Rollo | Color: Negro | Largo: 1 m | Ancho: 1,4 m",https://http2.mlstatic.com/D_NQ_NP_2X_668902-MLV52282613391_112022-F.webp,https://articulo.mercadolibre.com.ve/MLV-721387865-semicuero-para-tapiceria-mayor-y-detal-semipiel-negro-_JM,https://www.google.com/search?q=%22NEGOCIOS1999%22%20Venezuela%20(whatsapp%20OR%20instagram%20OR%20rif%20OR%20telefono%20OR%20tienda),Sí,2026-08-15T08:32:07.166Z
MLV770548810,Hilo Signotex Crochet 1mm 135m 50g Ovillo Algodón,4,4.9,105,1000,0,Sí,Signo Tex,MercadoLíder Platinum,710,50,5000,100,5,https://www.mercadolibre.com.ve/tienda/signo-tex,"Girardot (Maracay), Aragua","Arte, Papelería y Mercería",Mercería > Costura y Bordado > Hilos y Cordones de Mercería,"Arte, Papelería y Mercería > Mercería > Costura y Bordado > Hilos y Cordones de Mercería",SignoTex,1mm,"Marca: SignoTex | Línea: Crochet/Amigurumis | Modelo: 1mm | Tipo de presentación: Ovillo | Composición: 100% algodón | Acabado: Mate | Usos recomendados: Abrigo, Blusa, Bolso, Cartera, Crochet, Gorro, Lazo, Macramé, Posavaso, Ropa, Suéter, Tapete, Tejido, Vestido, amigurumis, capa, cintillos, escarpines, ganchillo, hoja, pluma, ropabebe, tapiz | Es encerado: No | Es elástica: No | Largo: 135 m | Espesor: 1 mm | Peso de la unidad: 50 g | Formato de venta: Unidad",https://http2.mlstatic.com/D_NQ_NP_2X_912492-MLV71950177759_092023-F.webp,https://articulo.mercadolibre.com.ve/MLV-770548810-hilo-signotex-crochet-1mm-135m-50g-ovillo-algodon-_JM,https://www.google.com/search?q=%22Signo%20Tex%22%20Venezuela%20(whatsapp%20OR%20instagram%20OR%20rif%20OR%20telefono%20OR%20tienda),Sí,2026-08-15T08:32:07.646Z
MLV574931070,Hilo Macramé Signotex 3mm 100m Bobina Algodón Colorido,7,4.9,170,1000,0,Sí,Signo Tex,MercadoLíder Platinum,710,50,5000,100,5,https://www.mercadolibre.com.ve/tienda/signo-tex,"Girardot (Maracay), Aragua","Arte, Papelería y Mercería",Mercería > Costura y Bordado > Hilos y Cordones de Mercería,"Arte, Papelería y Mercería > Mercería > Costura y Bordado > Hilos y Cordones de Mercería",SignoTex,3 mm,"Marca: SignoTex | Línea: Macramé/Crochet | Modelo: 3 mm | Tipo de presentación: Bobina | Composición: 100% algodón | Acabado: Mate | Usos recomendados: Alcayata, Alfombra, Bolso, Borla, Cartera, Crochet, Hamacas, Macramé, Posavaso, Ropa, Silla, Tapete, Tejido, Vestido, capa, ganchillo, hoja, pluma, tapiz | Es encerado: No | Es elástica: No | Largo: 100 m | Espesor: 3 mm | Peso de la unidad: 300 g | Formato de venta: Unidad",https://http2.mlstatic.com/D_NQ_NP_2X_616477-MLV69531010970_052023-F.webp,https://articulo.mercadolibre.com.ve/MLV-574931070-hilo-macrame-signotex-3mm-100m-bobina-algodon-colorido-_JM,https://www.google.com/search?q=%22Signo%20Tex%22%20Venezuela%20(whatsapp%20OR%20instagram%20OR%20rif%20OR%20telefono%20OR%20tienda),Sí,2026-08-15T08:32:08.069Z
MLV801235868,Lana Copito Acrílica Hipoalergénica 100g,8.3,5,148,1000,0,Sí,Vendido por DAGRACAKARINA,N/A,N/A,5,500,100,12,https://listado.mercadolibre.com.ve/_CustId_158867107,"San Cristóbal,","Arte, Papelería y Mercería",Mercería > Lanas,"Arte, Papelería y Mercería > Mercería > Lanas",Lana copito,Acrílico,"Marca: Lana copito | Modelo: Acrílico | Peso de la unidad: 100 g | Formato de venta: Unidad | Composición: Hipoalergenica | Tipo de espesor: 2mm | Tamaño de aguja recomendado: 3,5 mm",https://http2.mlstatic.com/D_NQ_NP_2X_804446-MLV110527776661_042026-F.webp,https://articulo.mercadolibre.com.ve/MLV-801235868-lana-copito-acrilica-hipoalergenica-100g-_JM,https://www.google.com/search?q=%22Vendido%20por%20DAGRACAKARINA%22%20Venezuela%20(whatsapp%20OR%20instagram%20OR%20rif%20OR%20telefono%20OR%20tienda),Sí,2026-08-15T08:32:08.697Z
MLV701105689,Lana Copito 100g 3mm,8.5,4.9,83,500,0,Sí,Vendido por MORA.MORADA,MercadoLíder Gold,N/A,100,1000,100,17,https://listado.mercadolibre.com.ve/_CustId_81446747,Mun. Libertador (,"Arte, Papelería y Mercería",Mercería > Lanas,"Arte, Papelería y Mercería > Mercería > Lanas",Copito,N/A,"Fabricante: Miratex | Marca: Copito | Formato de la lana: Madeja | Peso de la unidad: 100 g | Formato de venta: Unidad | Composición: Acrílico | Tipo de espesor: Medianamente gruesa | Tamaño de aguja recomendado: 2,5 mm",https://http2.mlstatic.com/D_NQ_NP_2X_923546-MLV111018627096_052026-F.webp,https://articulo.mercadolibre.com.ve/MLV-701105689-lana-copito-100g-3mm-_JM,https://www.google.com/search?q=%22Vendido%20por%20MORA.MORADA%22%20Venezuela%20(whatsapp%20OR%20instagram%20OR%20rif%20OR%20telefono%20OR%20tienda),Sí,2026-08-15T08:32:09.230Z
MLV578679002,Hilo Para Tejer Macramé Colombiano (crochet Grueso) 100g 2mm,6.5,4.9,48,500,0,Sí,Vendido por MORA.MORADA,MercadoLíder Gold,N/A,100,1000,100,17,https://listado.mercadolibre.com.ve/_CustId_81446747,Mun. Libertador (,"Arte, Papelería y Mercería",Mercería > Costura y Bordado > Hilos y Cordones de Mercería,"Arte, Papelería y Mercería > Mercería > Costura y Bordado > Hilos y Cordones de Mercería",N/A,Macramé Acrílico Colombiano,Modelo: Macramé Acrílico Colombiano | Tipo de presentación: Bobina | Espesor: 2 mm | Composición: 100% acrílico | Usos recomendados: Crochet | Es encerado: Sí | Es elástica: No,https://http2.mlstatic.com/D_NQ_NP_2X_803092-MLV111018599932_052026-F.webp,https://articulo.mercadolibre.com.ve/MLV-578679002-hilo-para-tejer-macrame-colombiano-crochet-grueso-100g-2mm-_JM,https://www.google.com/search?q=%22Vendido%20por%20MORA.MORADA%22%20Venezuela%20(whatsapp%20OR%20instagram%20OR%20rif%20OR%20telefono%20OR%20tienda),Sí,2026-08-15T08:32:09.679Z
MLV567548312,Hilo Crochet Colombiano Para Tejer 100g,6.5,5,55,500,0,Sí,Vendido por MORA.MORADA,MercadoLíder Gold,N/A,100,1000,100,17,https://listado.mercadolibre.com.ve/_CustId_81446747,Mun. Libertador (,"Arte, Papelería y Mercería",Mercería > Costura y Bordado > Hilos y Cordones de Mercería,"Arte, Papelería y Mercería > Mercería > Costura y Bordado > Hilos y Cordones de Mercería",Genérica,CROCHET COLOMBIANO,"Marca: Genérica | Modelo: CROCHET COLOMBIANO | Tipo de presentación: Bobina | Espesor: 1 mm | Composición: 100% acrílico | Usos recomendados: Crochet, amigurumi, bolsos, traje de baño | Es encerado: Sí | Es elástica: No",https://http2.mlstatic.com/D_NQ_NP_2X_772620-MLV111994950585_052026-F.webp,https://articulo.mercadolibre.com.ve/MLV-567548312-hilo-crochet-colombiano-para-tejer-100g-_JM,https://www.google.com/search?q=%22Vendido%20por%20MORA.MORADA%22%20Venezuela%20(whatsapp%20OR%20instagram%20OR%20rif%20OR%20telefono%20OR%20tienda),Sí,2026-08-15T08:32:10.262Z
MLV470618605,Video Balun Pasivo Para Cámara De Seguridad El Par 400 Mts,2.4,4.8,59,1000,0,Sí,Onprotec,MercadoLíder Platinum,4900,1000,10000,100,20,https://www.mercadolibre.com.ve/tienda/onprotec,No especificada,Hogar y Muebles,Seguridad para el Hogar > Sistemas de Monitoreo > Cámaras de Seguridad,Hogar y Muebles > Seguridad para el Hogar > Sistemas de Monitoreo > Cámaras de Seguridad,Wireplus,ACC-VB-02T,Marca: Wireplus | Línea: Video Balun CCTV | Modelo: ACC-VB-02T | Con sensor de movimiento: No | Con alarma: No | Con audio bidireccional: No | Es resistente al agua: No | Con visión nocturna a color: No | Lugares de montaje: Interiores | Tipo de cámara de vigilancia: Video Balun Pasivo | Es motorizada: No | Locaciones de la cámara: Equipo | Con visión nocturna: No | Temperatura máxima soportada: 60 °C | Formato de la cámara espía: 400 metros | Tipo de cámara: Video Balun Pasivo | Con visión nocturna: No,https://http2.mlstatic.com/D_NQ_NP_2X_895296-MLV110588368144_052026-F.webp,https://articulo.mercadolibre.com.ve/MLV-470618605-video-balun-pasivo-para-camara-de-seguridad-el-par-400-mts-_JM,https://www.google.com/search?q=%22Onprotec%22%20Venezuela%20(whatsapp%20OR%20instagram%20OR%20rif%20OR%20telefono%20OR%20tienda),Sí,2026-08-15T08:32:10.731Z
MLV818087354,Transformador 12v 2a Para Camaras De Seguridad Cctv Negro,3.6,4.8,35,500,0,Sí,LUZARDOGISEL,MercadoLíder Gold,90,50,1000,100,8,https://www.mercadolibre.com.ve/pagina/luzardogisel,"Mun. Sucre (este), Distrito Capital",Hogar y Muebles,Seguridad para el Hogar > Sistemas de Monitoreo > Cámaras de Seguridad,Hogar y Muebles > Seguridad para el Hogar > Sistemas de Monitoreo > Cámaras de Seguridad,Genérica,12v 2ah,Marca: Genérica | Línea: Fuente | Modelo: 12v 2ah | Color: Negro | Es resistente al agua: No | Con visión nocturna a color: No | Formato de venta: Unidad | Con visión nocturna: No | Con sensor de movimiento: No | Con alarma: No | Con audio bidireccional: No | Con visión nocturna: No,https://http2.mlstatic.com/D_NQ_NP_2X_674843-MLV110795102265_042026-F.webp,https://articulo.mercadolibre.com.ve/MLV-818087354-transformador-12v-2a-para-camaras-de-seguridad-cctv-negro-_JM,https://www.google.com/search?q=%22LUZARDOGISEL%22%20Venezuela%20(whatsapp%20OR%20instagram%20OR%20rif%20OR%20telefono%20OR%20tienda),Sí,2026-08-15T08:32:11.183Z
MLV467993132,Transformador 12v 1a Fuente Cámara De Seguridad Cctv 1amp,2.51,5,11,1000,0,Sí,Onprotec,MercadoLíder Platinum,4900,1000,10000,100,20,https://www.mercadolibre.com.ve/tienda/onprotec,"Mun. Libertador (Noreste), Distrito Capital",Hogar y Muebles,Seguridad para el Hogar > Sistemas de Monitoreo > Cámaras de Seguridad,Hogar y Muebles > Seguridad para el Hogar > Sistemas de Monitoreo > Cámaras de Seguridad,Wireplus,ACC-TDY-1AMP,Marca: Wireplus | Línea: Transformador Fuente | Modelo: ACC-TDY-1AMP | Con sensor de movimiento: No | Con alarma: No | Con audio bidireccional: No | Es resistente al agua: No | Lugares de montaje: Interiores | Tipo de cámara de vigilancia: Transformador | Es motorizada: No | Locaciones de la cámara: Equipo | Con visión nocturna: No | Formato de la cámara espía: 12V 1amp | Con visión nocturna a color: No | Tipo de cámara: Transformador | Con visión nocturna: No,https://http2.mlstatic.com/D_NQ_NP_2X_879450-MLV106142214266_022026-F.webp,https://articulo.mercadolibre.com.ve/MLV-467993132-transformador-12v-1a-fuente-camara-de-seguridad-cctv-1amp-_JM,https://www.google.com/search?q=%22Onprotec%22%20Venezuela%20(whatsapp%20OR%20instagram%20OR%20rif%20OR%20telefono%20OR%20tienda),Sí,2026-08-15T08:32:12.356Z
MLV744518453,Video Balun Pasivo Par Cámaras Dvr Hd Cvi Tvi Ahd 720p 1080p,2.1,4.8,80,1000,0,Sí,Onprotec,MercadoLíder Platinum,4900,1000,10000,100,20,https://www.mercadolibre.com.ve/tienda/onprotec,"Mun. Libertador (Noreste), Distrito Capital",Hogar y Muebles,Seguridad para el Hogar > Sistemas de Monitoreo > Cámaras de Seguridad,Hogar y Muebles > Seguridad para el Hogar > Sistemas de Monitoreo > Cámaras de Seguridad,STC,STC STC-VB01,Marca: STC | Línea: Vídeo Balún | Modelo: STC STC-VB01 | Tipo de resolución: HD | Conectividad: BNC | Con visión nocturna a color: No | Calidad de resolución: 720p 1080 | Lugares de montaje: Interiores | Tipo de cámara de vigilancia: Video Balun Par | Es motorizada: No | Locaciones de la cámara: Equipo | Con visión nocturna: No | Tipos de conexiones: BNC | Tipo de cámara: Video Balun Par | Con visión nocturna: No,https://http2.mlstatic.com/D_NQ_NP_2X_636492-MLV106762178417_022026-F.webp,https://articulo.mercadolibre.com.ve/MLV-744518453-video-balun-pasivo-par-camaras-dvr-hd-cvi-tvi-ahd-720p-1080p-_JM,https://www.google.com/search?q=%22Onprotec%22%20Venezuela%20(whatsapp%20OR%20instagram%20OR%20rif%20OR%20telefono%20OR%20tienda),Sí,2026-08-15T08:32:12.811Z
MLV823538372,Camara Tenda Cp3 Wifi 6 Hd 2k 3mp Sonido Alarma Seguridad Blanco,32.54,4.9,123,500,0,Sí,DISTGAMAX,MercadoLíder Platinum,910,500,10000,100,8,https://www.mercadolibre.com.ve/pagina/tendavzla,"Los Teques, Miranda",Hogar y Muebles,Seguridad para el Hogar > Sistemas de Monitoreo > Cámaras de Seguridad,Hogar y Muebles > Seguridad para el Hogar > Sistemas de Monitoreo > Cámaras de Seguridad,Tenda,CP3,Marca: Tenda | Modelo: CP3 | Color: Blanco | Tipo de resolución: Full HD | Conectividad: Wi-Fi | Con sensor de movimiento: No | Diámetro del lente de la cámara: 4 mm | Con visión nocturna a color: No | Formato de venta: Unidad | Calidad de resolución: 3MP | Tipo de cámara de vigilancia: Domo | Es motorizada: Sí | Campo visual: 360 ° | Tipo de movimiento: PTZ | Con visión nocturna: Sí | Temperatura mínima soportada: 1 °C | Temperatura máxima soportada: 70 °C | Tipos de conexiones: 2.4G | Tipo de cámara: Domo | Con visión nocturna: Sí,https://http2.mlstatic.com/D_NQ_NP_2X_618107-MLV107449345255_022026-F.webp,https://articulo.mercadolibre.com.ve/MLV-823538372-camara-tenda-cp3-wifi-6-hd-2k-3mp-sonido-alarma-seguridad-blanco-_JM,https://www.google.com/search?q=%22DISTGAMAX%22%20Venezuela%20(whatsapp%20OR%20instagram%20OR%20rif%20OR%20telefono%20OR%20tienda),Sí,2026-08-15T08:32:13.263Z
MLV882219006,Balun Video Color 1par. Presion Camaras Dvrs Hikvision Dahua Negro,2.39,4.8,43,1000,0,Sí,AAREDESCOM,MercadoLíder Platinum,930,500,5000,97,20,https://www.mercadolibre.com.ve/pagina/aaredescom,"Mun. Libertador (Sureste), Distrito Capital",Hogar y Muebles,Seguridad para el Hogar > Sistemas de Monitoreo > Cámaras de Seguridad,Hogar y Muebles > Seguridad para el Hogar > Sistemas de Monitoreo > Cámaras de Seguridad,AAREDESCOM,AAR-06BL-2125,"Marca: AAREDESCOM | Línea: Vídeo Balún | Modelo: AAR-06BL-2125 | Color: Negro | Tipo de resolución: Full HD | Conectividad: Cableada | Con sensor de movimiento: No | Con alarma: No | Con audio bidireccional: No | Formato de venta: Unidad | Calidad de resolución: 1-2-3-4-5 Mpx | Lugares de montaje: Pared, Techo | Locaciones de la cámara: Interior, Exterior | Con visión nocturna: No | Temperatura mínima soportada: 30 °C | Temperatura máxima soportada: 30 °C | Es resistente al agua: No | Con visión nocturna a color: No | Con visión nocturna: No",https://http2.mlstatic.com/D_NQ_NP_2X_795241-MLV95537482762_102025-F.webp,https://articulo.mercadolibre.com.ve/MLV-882219006-balun-video-color-1par-presion-camaras-dvrs-hikvision-dahua-negro-_JM,https://www.google.com/search?q=%22AAREDESCOM%22%20Venezuela%20(whatsapp%20OR%20instagram%20OR%20rif%20OR%20telefono%20OR%20tienda),Sí,2026-08-15T08:32:13.692Z
MLV723963572,Camara De Seguridad Yi Iot Wifi Ip 1080p 5 Antenas Blanco,20.9,4.8,286,1000,0,Sí,ESLAY21,MercadoLíder Platinum,680,100,10000,100,10,https://www.mercadolibre.com.ve/pagina/eslay21,"Barquisimeto, Lara",Hogar y Muebles,Seguridad para el Hogar > Sistemas de Monitoreo > Cámaras de Seguridad,Hogar y Muebles > Seguridad para el Hogar > Sistemas de Monitoreo > Cámaras de Seguridad,N/A,5 Antenas,"Modelo: 5 Antenas | Color: Blanco | Tipo de resolución: Full HD | Conectividad: Wi-Fi | Con sensor de movimiento: No | Con alarma: No | Con audio bidireccional: No | Es resistente al agua: No | Potencia: 9 W | Peso: 480 g | Con visión nocturna a color: No | Calidad de resolución: 2MP | Lugares de montaje: Mesa, Pared, Techo | Tipo de cámara de vigilancia: IP | Es motorizada: Sí | Campo visual: 360 ° | Locaciones de la cámara: Interior | Con visión nocturna: No | Temperatura mínima soportada: 0 °C | Temperatura máxima soportada: 55 °C | Formato de la cámara espía: Foco | Tipos de conexiones: Inalámbrica | Tipo de cámara: IP | Con visión nocturna: No",https://http2.mlstatic.com/D_NQ_NP_2X_985821-MLV70202187819_062023-F.webp,https://articulo.mercadolibre.com.ve/MLV-723963572-camara-de-seguridad-yi-iot-wifi-ip-1080p-5-antenas-blanco-_JM,https://www.google.com/search?q=%22ESLAY21%22%20Venezuela%20(whatsapp%20OR%20instagram%20OR%20rif%20OR%20telefono%20OR%20tienda),Sí,2026-08-15T08:32:14.187Z
MLV576192298,Camara Domo Hilook Hd 1080p 2mp 2.8mm Multiformato Blanco,19.08,4.8,91,500,0,Sí,TIGSOLUCIONES,MercadoLíder Platinum,430,50,5000,100,17,https://www.mercadolibre.com.ve/pagina/tigsoluciones,"Mun. Libertador (Noreste), Distrito Capital",Hogar y Muebles,Seguridad para el Hogar > Sistemas de Monitoreo > Cámaras de Seguridad,Hogar y Muebles > Seguridad para el Hogar > Sistemas de Monitoreo > Cámaras de Seguridad,Hikvision,THC-T120-PC,"Marca: Hikvision | Línea: HiLook | Modelo: THC-T120-PC | Color: Blanco | Tipo de resolución: Full HD | Formatos de compresión de video: H265 | Con sensor de movimiento: No | Con alarma: No | Con audio bidireccional: No | Con alerta al móvil: No | Con vídeo en vivo: Sí | Con reducción de ruido: Sí | Distancia de alcance nocturno: 20 m | Tipos de alimentación: Corriente eléctrica | Potencia: 4 W | Largo: 8,54 cm | Altura: 8,54 cm | Profundidad: 1,61 cm | Peso: 130 g | Calidad de resolución: HD 1080p | Tipo de cámara de vigilancia: Domo | Es motorizada: No | Con visión nocturna: No | Formato de la cámara espía: Lente | Con micrófono: No | Distancia de alcance: 20 m | Cantidad máxima de FPS: 30 | Tipos de control: DVR | Es resistente al agua: No | Con puerto USB: No | Clasificación de resistancia al agua: IP66 | Accesorios incluidos: Manual de Instalación, Guia de inicio rapido | Distancia focal del lente: 2,8 mm | Tipo de sensor de imagen: 2 MP CMOS | Sistemas operativos compatibles: SODVR | Tipos de almacenamiento: DVR | Capacidad de almacenamiento: 100 GB | Diámetro del lente de la cámara: 2,8 mm | Con visión nocturna a color: No | Con Wi-Fi: No | Es antivandálica: No | Tipo de cámara: Domo | Con visión nocturna: No | Con micrófono: No",https://http2.mlstatic.com/D_NQ_NP_2X_904355-MLV45105032770_032021-F.webp,https://articulo.mercadolibre.com.ve/MLV-576192298-camara-domo-hilook-hd-1080p-2mp-28mm-multiformato-blanco-_JM,https://www.google.com/search?q=%22TIGSOLUCIONES%22%20Venezuela%20(whatsapp%20OR%20instagram%20OR%20rif%20OR%20telefono%20OR%20tienda),Sí,2026-08-15T08:32:14.623Z
MLV718604112,Cámara Bullet Hilook Thc-b120-pc 2mp Turbo Hd 2.8mm Blanco,21.25,4.9,148,1000,0,Sí,LUQUEELECTRONICA,MercadoLíder Platinum,500,500,5000,100,9,https://www.mercadolibre.com.ve/pagina/luqueelectronica,"Naguanagua (Naguanagua), Carabobo",Hogar y Muebles,Seguridad para el Hogar > Sistemas de Monitoreo > Cámaras de Seguridad,Hogar y Muebles > Seguridad para el Hogar > Sistemas de Monitoreo > Cámaras de Seguridad,HiLook,THC-B120-PC,"Marca: HiLook | Línea: POWERED BY HIKVISION | Modelo: THC-B120-PC | Color: Blanco | Tipo de resolución: Full HD | Conectividad: BNC | Con sensor de movimiento: No | Con alarma: No | Con audio bidireccional: No | Con vídeo en vivo: No | Con reducción de ruido: Sí | Distancia de alcance nocturno: 20 m | Es resistente al agua: No | Clasificación de resistancia al agua: IP66 | Distancia focal del lente: 2,8 mm | Tipo de sensor de imagen: Sensor CMOS de 2 MP | Sistemas operativos compatibles: SODVR | Tipos de almacenamiento: DVR | Diámetro del lente de la cámara: 2,8 mm | Con visión nocturna a color: No | Calidad de resolución: 2MP | Lugares de montaje: Techo, Pared | Tipo de cámara de vigilancia: Bullet | Campo visual: 103 ° | Locaciones de la cámara: Interior, Exterior | Con visión nocturna: Sí | Temperatura mínima soportada: 40 °C | Temperatura máxima soportada: 60 °C | Formato de la cámara espía: Lente | Con micrófono: No | Tipos de conexiones: Con cable | Cantidad máxima de FPS: 30 | Tipos de control: DVR | Tipos de alimentación: Corriente eléctrica | Potencia: 4 W | Largo: 6,2 cm | Altura: 5,8 cm | Profundidad: 16,5 cm | Peso: 250 g | Tipo de cámara: Bullet | Con visión nocturna: Sí | Con micrófono: No",https://http2.mlstatic.com/D_NQ_NP_2X_657036-MLV77093489017_062024-F.webp,https://articulo.mercadolibre.com.ve/MLV-718604112-camara-bullet-hilook-thc-b120-pc-2mp-turbo-hd-28mm-blanco-_JM,https://www.google.com/search?q=%22LUQUEELECTRONICA%22%20Venezuela%20(whatsapp%20OR%20instagram%20OR%20rif%20OR%20telefono%20OR%20tienda),Sí,2026-08-15T08:32:15.086Z
MLV759158038,Video Balun Pasivo 400mts Hd Hasta 8mp 4k,3.41,4.9,38,500,0,Sí,TIGSOLUCIONES,MercadoLíder Platinum,430,50,5000,100,17,https://www.mercadolibre.com.ve/pagina/tigsoluciones,"Mun. Libertador (Noreste), Distrito Capital",Hogar y Muebles,Seguridad para el Hogar > Sistemas de Monitoreo > Cámaras de Seguridad,Hogar y Muebles > Seguridad para el Hogar > Sistemas de Monitoreo > Cámaras de Seguridad,STC/TIG,video balun pasivo,Marca: STC/TIG | Línea: Turbo HD | Modelo: video balun pasivo | Tipo de resolución: Full HD | Con sensor de movimiento: No | Con alarma: No | Con audio bidireccional: No | Calidad de resolución: HDCVI | Tipo de cámara de vigilancia: Domo | Es motorizada: No | Con visión nocturna: No | Es resistente al agua: No | Con visión nocturna a color: No | Tipo de cámara: Domo | Con visión nocturna: No,https://http2.mlstatic.com/D_NQ_NP_2X_619801-MLV114532686249_072026-F.webp,https://articulo.mercadolibre.com.ve/MLV-759158038-video-balun-pasivo-400mts-hd-hasta-8mp-4k-_JM,https://www.google.com/search?q=%22TIGSOLUCIONES%22%20Venezuela%20(whatsapp%20OR%20instagram%20OR%20rif%20OR%20telefono%20OR%20tienda),Sí,2026-08-15T08:32:15.948Z
MLV467832642,Transformador De 110v A 12v 5a 5amp Led Negro,8.4,4.9,115,500,0,Sí,INNOVALED,MercadoLíder Platinum,5200,500,10000,100,18,https://www.mercadolibre.com.ve/tienda/innovaled,"Barquisimeto, Lara",Hogar y Muebles,Seguridad para el Hogar > Sistemas de Monitoreo > Cámaras de Seguridad,Hogar y Muebles > Seguridad para el Hogar > Sistemas de Monitoreo > Cámaras de Seguridad,N/A,12v,Línea: 5 amp | Modelo: 12v | Color: Negro | Zoom óptico: 11111111111x | Zoom digital: 1x | Calidad de resolución: 110v | Tipo de cámara de vigilancia: Convencional | Es motorizada: No | Con visión nocturna: No | Formato de la cámara espía: 12v | Con micrófono: No | Tipo de cámara: Convencional | Con visión nocturna: No | Con micrófono: No,https://http2.mlstatic.com/D_NQ_NP_2X_664194-MLV83556299562_042025-F.webp,https://articulo.mercadolibre.com.ve/MLV-467832642-transformador-de-110v-a-12v-5a-5amp-led-negro-_JM,https://www.google.com/search?q=%22INNOVALED%22%20Venezuela%20(whatsapp%20OR%20instagram%20OR%20rif%20OR%20telefono%20OR%20tienda),Sí,2026-08-15T08:32:16.393Z
MLV813008578,Cámara Tipo Bombillo Base E27 Ip Wifi Ptz 1080p App V380,15.5,4.8,118,500,0,Sí,movilccs,N/A,560,50,5000,97,9,https://www.mercadolibre.com.ve/pagina/movilshop2018ca,"Mun. Chacao (norte), Distrito Capital",Hogar y Muebles,Seguridad para el Hogar > Sistemas de Monitoreo > Cámaras de Seguridad,Hogar y Muebles > Seguridad para el Hogar > Sistemas de Monitoreo > Cámaras de Seguridad,E27,E27,Marca: E27 | Modelo: E27 | Conectividad: Wi-Fi | Zoom óptico: 4x | Zoom digital: 5x | Con sensor de movimiento: No | Con alarma: Sí | Con audio bidireccional: Sí | Es resistente al agua: No | Es motorizada: Sí | Campo visual: 360 | Tipo de movimiento: Horizontal y Vertical | Con visión nocturna: No | Temperatura mínima soportada: 5 °C | Temperatura máxima soportada: 45 °C | Formato de la cámara espía: Foco | Tipos de conexiones: Socate | Con visión nocturna a color: No | Aplicaciones inteligentes compatibles: V380 | Con visión nocturna: No,https://http2.mlstatic.com/D_NQ_NP_2X_670091-MLV106217264664_022026-F.webp,https://articulo.mercadolibre.com.ve/MLV-813008578-camara-tipo-bombillo-base-e27-ip-wifi-ptz-1080p-app-v380-_JM,https://www.google.com/search?q=%22movilccs%22%20Venezuela%20(whatsapp%20OR%20instagram%20OR%20rif%20OR%20telefono%20OR%20tienda),Sí,2026-08-15T08:32:17.246Z
MLV582426345,Camara Ip Wifi Inalambrica Robot Seguridad 360 App Blanco,28.49,4.8,293,1000,0,Sí,77 Innovación,MercadoLíder Platinum,10100,100,100000,98,14,https://www.mercadolibre.com.ve/tienda/77-innovacion,"Mun. Sucre (norte), Distrito Capital",Hogar y Muebles,Seguridad para el Hogar > Sistemas de Monitoreo > Cámaras de Seguridad,Hogar y Muebles > Seguridad para el Hogar > Sistemas de Monitoreo > Cámaras de Seguridad,After Market,Cloud Wifi Camera,"Marca: After Market | Línea: Icsee | Modelo: Cloud Wifi Camera | Color: Blanco | Tipo de resolución: HD | Conectividad: Wi-Fi | Zoom óptico: 360x | Zoom digital: 50x | Con sensor de movimiento: Sí | Con alarma: No | Con audio bidireccional: Sí | Es resistente al agua: No | Capacidad de almacenamiento: 128 GB | Diámetro del lente de la cámara: 3 mm | Con visión nocturna a color: No | Aplicaciones inteligentes compatibles: iCSEE | Formato de venta: Unidad | Calidad de resolución: HD 1080p | Lugares de montaje: Pared, Techo | Tipo de cámara de vigilancia: IP | Es motorizada: Sí | Campo visual: 360 ° | Tipo de movimiento: Rotatorio | Locaciones de la cámara: Exterior, Interiores, Socket | Con visión nocturna: Sí | Temperatura mínima soportada: 10 °C | Temperatura máxima soportada: 35 °C | Formato de la cámara espía: Lente | Con micrófono: Sí | Tipos de conexiones: 110, 220 | Tipo de cámara: IP | Con visión nocturna: Sí | Con micrófono: Sí",https://http2.mlstatic.com/D_NQ_NP_2X_797772-MLV86470831020_062025-F.webp,https://articulo.mercadolibre.com.ve/MLV-582426345-camara-ip-wifi-inalambrica-robot-seguridad-360-app-blanco-_JM,https://www.google.com/search?q=%2277%20Innovaci%C3%B3n%22%20Venezuela%20(whatsapp%20OR%20instagram%20OR%20rif%20OR%20telefono%20OR%20tienda),Sí,2026-08-15T08:32:18.556Z
MLV759666863,Microfonos Inalambricos Profesionales Karaoke Plateado,27.99,4.9,253,500,0,Sí,77 Innovación,MercadoLíder Platinum,10100,100,100000,98,14,https://www.mercadolibre.com.ve/tienda/77-innovacion,"Mun. Sucre (norte), Distrito Capital","Electrónica, Audio y Video",Audio > Micrófonos y Preamplificadores > Micrófonos,"Electrónica, Audio y Video > Audio > Micrófonos y Preamplificadores > Micrófonos",77INNOVACION,KH-448,"Marca: 77INNOVACION | Modelo: KH-448 | Color: Plateado | Es gamer: No | Tipos de conexiones: Inalámbrica | Con Bluetooth: No | Formatos de micrófono: De mano | Tipos de micrófono: Karaoke | Cantidad de micrófonos: 2 | Usos recomendados del micrófono: Karakoke, Para cámaras, Post Cast | Con parlantes incorporados: No | Frecuencia mínima - Frecuencia máxima: 20 Hz - 661.85 MHz | Tipos de micrófono: Karaoke | Con parlante incorporado: No | Es inalámbrico: Inalámbrica",https://http2.mlstatic.com/D_NQ_NP_2X_822214-MLV77069982519_062024-F.webp,https://articulo.mercadolibre.com.ve/MLV-759666863-microfonos-inalambricos-profesionales-karaoke-plateado-_JM,https://www.google.com/search?q=%2277%20Innovaci%C3%B3n%22%20Venezuela%20(whatsapp%20OR%20instagram%20OR%20rif%20OR%20telefono%20OR%20tienda),Sí,2026-08-15T08:32:19.025Z
MLV713104727,Papel Fotografico Kodak 180g 20h,10.99,4.9,83,1000,0,Sí,INVERSIONESDYSCA,MercadoLíder Platinum,930,100,5000,99,15,https://www.mercadolibre.com.ve/pagina/inversionesdysca2287,"Barquisimeto, Lara",Cámaras y Accesorios,Accesorios para Cámaras > Rollos > Para Cámaras Instantáneas,Cámaras y Accesorios > Accesorios para Cámaras > Rollos > Para Cámaras Instantáneas,KODAD,Fotográfico,Marca: KODAD | Modelo: Fotográfico | Largo x Ancho: 21 cm x 29.7 cm | Formato de venta: Unidad | Unidades por envase: 20,https://http2.mlstatic.com/D_NQ_NP_2X_874835-MLV50376838697_062022-F.webp,https://articulo.mercadolibre.com.ve/MLV-713104727-papel-fotografico-kodak-180g-20h-_JM,https://www.google.com/search?q=%22INVERSIONESDYSCA%22%20Venezuela%20(whatsapp%20OR%20instagram%20OR%20rif%20OR%20telefono%20OR%20tienda),Sí,2026-08-15T08:32:19.486Z
MLV756297997,Selfie Tripode Monopod Con Control Remoto Bluetooth Luz Led Negro,6.99,4.8,238,500,0,Sí,INVERSIONES RL,MercadoLíder Platinum,2300,100,10000,99,8,https://www.mercadolibre.com.ve/pagina/ronald.mpcoopsitelme,"Mun. Sucre (sur), Distrito Capital",Cámaras y Accesorios,Accesorios para Cámaras > Soportes y Estabilizadores > Monopies,Cámaras y Accesorios > Accesorios para Cámaras > Soportes y Estabilizadores > Monopies,Genérica,Q07,"Marca: Genérica | Línea: selfie stick | Modelo: Q07 | Color: Negro | Peso: 126 kg | Tipo de producto: Palo para selfies | Dispositivos compatibles: Bluetooth | Conectividad: Bluetooth | Material: Plástico ABS | Altura mínima: 18,5 cm | Altura máxima: 54 cm | Largo plegado: 68 cm | Incluye accesorios: Sí | Accesorios incluidos: Control remoto Bluetooth",https://http2.mlstatic.com/D_NQ_NP_2X_673322-MLV87517981873_072025-F.webp,https://articulo.mercadolibre.com.ve/MLV-756297997-selfie-tripode-monopod-con-control-remoto-bluetooth-luz-led-negro-_JM,https://www.google.com/search?q=%22INVERSIONES%20RL%22%20Venezuela%20(whatsapp%20OR%20instagram%20OR%20rif%20OR%20telefono%20OR%20tienda),Sí,2026-08-15T08:32:21.232Z
MLV723488091,Bolsa Para Sellado Al Vacío Fuera Cámara Rollo 15metros 20ct Transparente,11.99,4.8,140,500,0,Sí,VENTRONIC NIFRELDI CA,MercadoLíder Platinum,1300,100,10000,99,10,https://www.mercadolibre.com.ve/pagina/ventroniconline,"San Joaquín (San Joaquín), Carabobo",Industrias,Embalaje y Logística > Selladoras > Selladoras de Bolsas,Industrias > Embalaje y Logística > Selladoras > Selladoras de Bolsas,Ventronic,Fuera de camara,Marca: Ventronic | Línea: Vaccum | Modelo: Fuera de camara | Color: Transparente | Tipo de selladora: TODAS | Materiales de sellado: Plástico | Espesor máximo de sellado: 2 cm | Largo de sellado: 1.500 cm | Ancho de sellado: 20 cm,https://http2.mlstatic.com/D_NQ_NP_2X_610218-MLV106658930424_022026-F.webp,https://articulo.mercadolibre.com.ve/MLV-723488091-bolsa-para-sellado-al-vacio-fuera-camara-rollo-15metros-20ct-transparente-_JM,https://www.google.com/search?q=%22VENTRONIC%20NIFRELDI%20CA%22%20Venezuela%20(whatsapp%20OR%20instagram%20OR%20rif%20OR%20telefono%20OR%20tienda),Sí,2026-08-15T08:32:21.674Z
MLV742395295,Tornillo Esparrago Camara Arauca Orinoco X5 X1 H5 Tiggo,3.82,4.8,57,500,0,Sí,goel1587650,MercadoLíder Platinum,5400,1000,50000,99,10,https://www.mercadolibre.com.ve/pagina/goel1587650,"Barquisimeto, Lara",Accesorios para Vehículos,Repuestos Carros y Camionetas > Motor > Componentes de Motor > Otros,Accesorios para Vehículos > Repuestos Carros y Camionetas > Motor > Componentes de Motor > Otros,CHERY / BOGO,N/A,Marca: CHERY / BOGO | Número de pieza: 481H-1003082,https://http2.mlstatic.com/D_NQ_NP_2X_848247-MLV85030912027_052025-F.webp,https://articulo.mercadolibre.com.ve/MLV-742395295-tornillo-esparrago-camara-arauca-orinoco-x5-x1-h5-tiggo-_JM,https://www.google.com/search?q=%22goel1587650%22%20Venezuela%20(whatsapp%20OR%20instagram%20OR%20rif%20OR%20telefono%20OR%20tienda),Sí,2026-08-15T08:32:22.861Z
MLV715414138,Conectores Rj45 Utp Cat 5e Red Cámaras Pc 100 Unidades,4,4.8,371,1000,0,Sí,INGENIO20CA,MercadoLíder Platinum,3000,100,10000,98,5,https://www.mercadolibre.com.ve/pagina/ingenio20ca3345,"Mun. Libertador (Centro), Distrito Capital",Computación,Conectividad y Redes > Cables de Red y Accesorios > Enchufes,Computación > Conectividad y Redes > Cables de Red y Accesorios > Enchufes,UTP,RJ45 CAT5,Marca: UTP | Modelo: RJ45 CAT5,https://http2.mlstatic.com/D_NQ_NP_2X_651820-MLV49878806285_052022-F.webp,https://articulo.mercadolibre.com.ve/MLV-715414138-conectores-rj45-utp-cat-5e-red-camaras-pc-100-unidades-_JM,https://www.google.com/search?q=%22INGENIO20CA%22%20Venezuela%20(whatsapp%20OR%20instagram%20OR%20rif%20OR%20telefono%20OR%20tienda),Sí,2026-08-15T08:32:23.337Z
MLV504143756,100 Conector Rj45 Utp Cat 5e Red Redes Camaras Rj-45 Cat5e,6.7,4.9,157,1000,0,Sí,Onprotec,MercadoLíder Platinum,4900,1000,10000,100,20,https://www.mercadolibre.com.ve/tienda/onprotec,"Mun. Libertador (Noreste), Distrito Capital",Computación,Conectividad y Redes > Cables de Red y Accesorios > Enchufes,Computación > Conectividad y Redes > Cables de Red y Accesorios > Enchufes,Wireplus+,ACC-CON-RJ45CAT5-100,Marca: Wireplus+ | Modelo: ACC-CON-RJ45CAT5-100 | Es kit: No,https://http2.mlstatic.com/D_NQ_NP_2X_816256-MLV106141414736_022026-F.webp,https://articulo.mercadolibre.com.ve/MLV-504143756-100-conector-rj45-utp-cat-5e-red-redes-camaras-rj-45-cat5e-_JM,https://www.google.com/search?q=%22Onprotec%22%20Venezuela%20(whatsapp%20OR%20instagram%20OR%20rif%20OR%20telefono%20OR%20tienda),Sí,2026-08-15T08:32:24.166Z
MLV573591322,Aro De Luz Led Flash Selfie Anillo 26cm Tripoide Hasta 2mts,16.94,4.8,637,1000,0,Sí,FERRE TOYS,N/A,4500,500,50000,99,19,https://www.mercadolibre.com.ve/pagina/ferretoys,"Barquisimeto, Lara",Cámaras y Accesorios,Accesorios para Cámaras > Estudio e Iluminación > Flashes e Iluminación > Otros,Cámaras y Accesorios > Accesorios para Cámaras > Estudio e Iluminación > Flashes e Iluminación > Otros,Rina fill,Aro de luz,Marca: Rina fill | Modelo: Aro de luz | Hx 300: mj26,https://http2.mlstatic.com/D_NQ_NP_2X_779949-MLV107197095797_022026-F.webp,https://articulo.mercadolibre.com.ve/MLV-573591322-aro-de-luz-led-flash-selfie-anillo-26cm-tripoide-hasta-2mts-_JM,https://www.google.com/search?q=%22FERRE%20TOYS%22%20Venezuela%20(whatsapp%20OR%20instagram%20OR%20rif%20OR%20telefono%20OR%20tienda),Sí,2026-08-15T08:32:24.600Z
MLV719838693,Sensor Temperatura Camara Aveo Optra Corsa Lanos Cielo Orig,9.91,4.9,188,500,0,Sí,AUTO PARTS JJ,MercadoLíder Platinum,2300,1000,10000,100,10,https://www.mercadolibre.com.ve/tienda/auto-parts-jj,"San Cristóbal,",Accesorios para Vehículos,Repuestos Carros y Camionetas > Motor > Sensores > Sensores de Temperatura,Accesorios para Vehículos > Repuestos Carros y Camionetas > Motor > Sensores > Sensores de Temperatura,MTE-Thomson,N/A,Marca: MTE-Thomson | Número de pieza: 4050 | Tipo de vehículo: Carro/Camioneta | Cantidad de terminales: 2 | Origen: Brasil | Código OEM: 4050,https://http2.mlstatic.com/D_NQ_NP_2X_860645-MLV106087461857_012026-F.webp,https://articulo.mercadolibre.com.ve/MLV-719838693-sensor-temperatura-camara-aveo-optra-corsa-lanos-cielo-orig-_JM,https://www.google.com/search?q=%22AUTO%20PARTS%20JJ%22%20Venezuela%20(whatsapp%20OR%20instagram%20OR%20rif%20OR%20telefono%20OR%20tienda),Sí,2026-08-15T08:32:25.032Z
MLV504147188,100 Conector Rj45 Utp Cat 6 Red Redes Camaras Rj-45 Cat6,9.4,4.9,117,500,0,Sí,Onprotec,MercadoLíder Platinum,4900,1000,10000,100,20,https://www.mercadolibre.com.ve/tienda/onprotec,"Mun. Libertador (Noreste), Distrito Capital",Computación,Conectividad y Redes > Cables de Red y Accesorios > Enchufes,Computación > Conectividad y Redes > Cables de Red y Accesorios > Enchufes,Wireplus,ACC-CON-RJ45CAT6-100,Marca: Wireplus | Modelo: ACC-CON-RJ45CAT6-100 | Es kit: No,https://http2.mlstatic.com/D_NQ_NP_2X_752502-MLV106765140327_022026-F.webp,https://articulo.mercadolibre.com.ve/MLV-504147188-100-conector-rj45-utp-cat-6-red-redes-camaras-rj-45-cat6-_JM,https://www.google.com/search?q=%22Onprotec%22%20Venezuela%20(whatsapp%20OR%20instagram%20OR%20rif%20OR%20telefono%20OR%20tienda),Sí,2026-08-15T08:32:25.466Z
MLV464005134,Conector Tipo Balun D Bnc Macho A Utp Atornilla 2 Pza Acme,4.05,5,6,500,0,Sí,CORPACME,MercadoLíder Platinum,330,1000,5000,100,25,https://www.mercadolibre.com.ve/pagina/corpacme4848,"Mun. Libertador (Oeste), Distrito Capital",Hogar y Muebles,Seguridad para el Hogar > Sistemas de Monitoreo > Cámaras de Seguridad,Hogar y Muebles > Seguridad para el Hogar > Sistemas de Monitoreo > Cámaras de Seguridad,N/A,Bnc,Modelo: Bnc | Conectividad: Bnc a utp | Es resistente al agua: No | Con visión nocturna a color: No | Con visión nocturna: No | Con sensor de movimiento: No | Con alarma: No | Con audio bidireccional: No | Con visión nocturna: No,https://http2.mlstatic.com/D_NQ_NP_2X_944502-MLV50355807853_062022-F.webp,https://articulo.mercadolibre.com.ve/MLV-464005134-conector-tipo-balun-d-bnc-macho-a-utp-atornilla-2-pza-acme-_JM,https://www.google.com/search?q=%22CORPACME%22%20Venezuela%20(whatsapp%20OR%20instagram%20OR%20rif%20OR%20telefono%20OR%20tienda),Sí,2026-08-15T08:32:25.932Z
MLV577200634,Video Balun Pasivo Cámara De Seguridad Cctv Hd Ahd Tvi Cvi Negro,2.99,4.9,37,500,0,Sí,PROINTE CA,MercadoLíder Platinum,1000,100,10000,100,9,https://www.mercadolibre.com.ve/pagina/prointe,"Santiago Mariño, Aragua",Hogar y Muebles,Seguridad para el Hogar > Sistemas de Monitoreo > Cámaras de Seguridad,Hogar y Muebles > Seguridad para el Hogar > Sistemas de Monitoreo > Cámaras de Seguridad,prointe,5MP,Marca: prointe | Línea: Vídeo Balún | Modelo: 5MP | Color: Negro | Es resistente al agua: No | Con visión nocturna a color: No | Con visión nocturna: No | Tipos de conexiones: Con cable | Tipo de resolución: Full HD | Con sensor de movimiento: No | Con alarma: No | Con audio bidireccional: No | Con visión nocturna: No,https://http2.mlstatic.com/D_NQ_NP_2X_990784-MLV45433005889_042021-F.webp,https://articulo.mercadolibre.com.ve/MLV-577200634-video-balun-pasivo-camara-de-seguridad-cctv-hd-ahd-tvi-cvi-negro-_JM,https://www.google.com/search?q=%22PROINTE%20CA%22%20Venezuela%20(whatsapp%20OR%20instagram%20OR%20rif%20OR%20telefono%20OR%20tienda),Sí,2026-08-15T08:32:26.365Z
MLV574034690,Tornillo Camara Toyota Terios 1.3 02-07 Bego 1.5,3.3,4.9,68,1000,0,Sí,TABUA AUTO-PARTES,MercadoLíder Platinum,560,1000,10000,99,6,https://www.mercadolibre.com.ve/pagina/tabuaauto-partes,"Cagua, Aragua",Accesorios para Vehículos,Repuestos Carros y Camionetas > Motor > Componentes de Motor > Otros,Accesorios para Vehículos > Repuestos Carros y Camionetas > Motor > Componentes de Motor > Otros,Toyota,N/A,Marca: Toyota | Tipo de vehículo: Carro/Camioneta | Código OEM: 90041-10045 | Origen: China,https://http2.mlstatic.com/D_NQ_NP_2X_918434-MLV108810985966_032026-F.webp,https://articulo.mercadolibre.com.ve/MLV-574034690-tornillo-camara-toyota-terios-13-02-07-bego-15-_JM,https://www.google.com/search?q=%22TABUA%20AUTO-PARTES%22%20Venezuela%20(whatsapp%20OR%20instagram%20OR%20rif%20OR%20telefono%20OR%20tienda),Sí,2026-08-15T08:32:26.839Z
MLV742045350,Panel Decorativo 3d Para Pared Autoadhesivo Variedad Modelos,2.79,4.9,181,1000,0,Sí,TIENDASMIO 2018 CA,MercadoLíder,280,50,1000,100,5,https://www.mercadolibre.com.ve/pagina/tiendasmio,"La Victoria, Aragua",Hogar y Muebles,Adornos y Decoración del Hogar > Vinilos Decorativos,Hogar y Muebles > Adornos y Decoración del Hogar > Vinilos Decorativos,Royal,PANEL 3D AUTOADHESIVOS,"Marca: Royal | Modelo: PANEL 3D AUTOADHESIVOS | Diseño: 3D | Presentación: Plancha | Superficies recomendadas: Cerámica, Lisas, Pared | Ambientes recomendados: Internos | Es apto para pared: Sí | Es apto para auto: No | Es apto para heladera: Sí | Es fluorescente: No | Es 3D: Sí | Material: Polipropileno | Diámetro externo: 5 mm | Formato de venta: Unidad | Ancho: 70 cm | Largo: 77 m | Espesor: 5 mm",https://http2.mlstatic.com/D_NQ_NP_2X_794814-MLV75078130337_032024-F.webp,https://articulo.mercadolibre.com.ve/MLV-742045350-panel-decorativo-3d-para-pared-autoadhesivo-variedad-modelos-_JM,https://www.google.com/search?q=%22TIENDASMIO%202018%20CA%22%20Venezuela%20(whatsapp%20OR%20instagram%20OR%20rif%20OR%20telefono%20OR%20tienda),Sí,2026-08-15T08:32:27.313Z
MLV791209200,Panel Decorativo 3d En Pvc Hogar Impermeable 50*50cm,3.2,5,27,500,0,Sí,Eagle Store,N/A,6900,100,10000,98,12,https://www.mercadolibre.com.ve/tienda/eagle-store,"Barquisimeto, Lara",Hogar y Muebles,Adornos y Decoración del Hogar > Paneles Decorativos,Hogar y Muebles > Adornos y Decoración del Hogar > Paneles Decorativos,TEEKOO,3D WALL PANEL PVC,Marca: TEEKOO | Modelo: 3D WALL PANEL PVC | Espesor: 1 mm,https://http2.mlstatic.com/D_NQ_NP_2X_954011-MLV112264982490_062026-F.webp,https://articulo.mercadolibre.com.ve/MLV-791209200-panel-decorativo-3d-en-pvc-hogar-impermeable-5050cm-_JM,https://www.google.com/search?q=%22Eagle%20Store%22%20Venezuela%20(whatsapp%20OR%20instagram%20OR%20rif%20OR%20telefono%20OR%20tienda),Sí,2026-08-15T08:32:27.759Z
MLV753697581,Panel Decorativo 3d Para Pared Autoadhesivo Variedad Modelos,2.99,4.8,177,1000,0,Sí,Masshopping,MercadoLíder Platinum,3300,500,100000,99,17,https://www.mercadolibre.com.ve/tienda/masshopping,"Barquisimeto, Lara",Hogar y Muebles,Adornos y Decoración del Hogar > Vinilos Decorativos,Hogar y Muebles > Adornos y Decoración del Hogar > Vinilos Decorativos,TEEKOO,PANEL 3D AUTOADHESIVOS,"Marca: TEEKOO | Modelo: PANEL 3D AUTOADHESIVOS | Diseño: 3D | Presentación: Plancha | Superficies recomendadas: Cemento, Cerámica, Granito, Madera, Mármol, Pared | Ambientes recomendados: Cocina, Interiores, Oficina, Sala, cuartos | Es apto para pared: Sí | Es apto para auto: No | Es apto para heladera: No | Es fluorescente: No | Es 3D: Sí",https://http2.mlstatic.com/D_NQ_NP_2X_807148-MLV80912127721_112024-F.webp,https://articulo.mercadolibre.com.ve/MLV-753697581-panel-decorativo-3d-para-pared-autoadhesivo-variedad-modelos-_JM,https://www.google.com/search?q=%22Masshopping%22%20Venezuela%20(whatsapp%20OR%20instagram%20OR%20rif%20OR%20telefono%20OR%20tienda),Sí,2026-08-15T08:32:28.204Z
MLV828897444,Cabo Aluminio Albert Roscado Americana Europea 1.5m Al Mayor,4.77,5,5,1000,0,Sí,RAM15D,MercadoLíder Platinum,420,100,5000,100,20,https://www.mercadolibre.com.ve/pagina/ram15d,"Bejuma (Bejuma), Carabobo",Hogar y Muebles,Cuidado del Hogar y Lavandería > Accesorios de Limpieza > Escobas,Hogar y Muebles > Cuidado del Hogar y Lavandería > Accesorios de Limpieza > Escobas,Manufacturas Albert,Cabo de aluminio,Marca: Manufacturas Albert | Modelo: Cabo de aluminio | Formato de venta: Unidad | Color: Aluminio | Incluye cabo: Sí,https://http2.mlstatic.com/D_NQ_NP_2X_825890-MLV40672098433_022020-F.webp,https://articulo.mercadolibre.com.ve/MLV-828897444-cabo-aluminio-albert-roscado-americana-europea-15m-al-mayor-_JM,https://www.google.com/search?q=%22RAM15D%22%20Venezuela%20(whatsapp%20OR%20instagram%20OR%20rif%20OR%20telefono%20OR%20tienda),Sí,2026-08-15T08:32:29.912Z
MLV811368528,Wall Panel Pvc X 1 Lamina,9.81,4.8,71,1000,0,Sí,Ecotools,MercadoLíder Platinum,1800,100,10000,99,3,https://www.mercadolibre.com.ve/tienda/ecotools,"Mun. Libertador (Sureste), Distrito Capital",Hogar y Muebles,Adornos y Decoración del Hogar > Otros,Hogar y Muebles > Adornos y Decoración del Hogar > Otros,Ecotools,N/A,Fabricante: Ecotools | Marca: Ecotools,https://http2.mlstatic.com/D_NQ_NP_2X_984003-MLV83617156441_042025-F.webp,https://articulo.mercadolibre.com.ve/MLV-811368528-wall-panel-pvc-x-1-lamina-_JM,https://www.google.com/search?q=%22Ecotools%22%20Venezuela%20(whatsapp%20OR%20instagram%20OR%20rif%20OR%20telefono%20OR%20tienda),Sí,2026-08-15T08:32:30.371Z
MLV774808516,Tirador Manilla Negro 15 Cm Cocina Closeth Gavetas (unidad) Negro Tee,2,4.9,36,500,0,Sí,SPAZIOSCA,MercadoLíder Platinum,520,100,5000,100,14,https://www.mercadolibre.com.ve/pagina/spaziosca,"San Cristóbal,",Hogar y Muebles,Muebles para el Hogar > Accesorios y Repuestos > Tiradores,Hogar y Muebles > Muebles para el Hogar > Accesorios y Repuestos > Tiradores,Mobile,Tubular,"Marca: Mobile | Modelo: Tubular | Color: Negro | Acabado: Mate | Nombre del diseño: Tee | Material: Acero | Forma: Tubular | Distancia entre agujeros de montaje: 9,6 cm | Incluye kit de instalación: Sí | Estilo: Clásico | Incluye accesorios: Sí | Accesorios incluidos: Tornillos | Formato de venta: Unidad | Largo: 15 cm | Altura: 3 cm | Profundidad: 15 cm | Diámetro: 1 cm",https://http2.mlstatic.com/D_NQ_NP_2X_826475-MLV90441135006_082025-F.webp,https://articulo.mercadolibre.com.ve/MLV-774808516-tirador-manilla-negro-15-cm-cocina-closeth-gavetas-unidad-negro-tee-_JM,https://www.google.com/search?q=%22SPAZIOSCA%22%20Venezuela%20(whatsapp%20OR%20instagram%20OR%20rif%20OR%20telefono%20OR%20tienda),Sí,2026-08-15T08:32:30.931Z
MLV460084256,Silla Dinamic Ejecutiva Oficina Escritorio Pcnolimit,60,4.9,95,500,0,Sí,PcNoLimit,MercadoLíder Platinum,230,25,1000,98,23,https://www.mercadolibre.com.ve/tienda/pcnolimit,"Mun. Baruta (sur), Distrito Capital",Industrias,"Equipamiento para Oficinas > Mesas, Sillas y Escritorios > Sillas","Industrias > Equipamiento para Oficinas > Mesas, Sillas y Escritorios > Sillas",Nolimit,Silla Dinamic,Marca: Nolimit | Modelo: Silla Dinamic,https://http2.mlstatic.com/D_NQ_NP_2X_696244-MLV70279295686_072023-F.webp,https://articulo.mercadolibre.com.ve/MLV-460084256-silla-dinamic-ejecutiva-oficina-escritorio-pcnolimit-_JM,https://www.google.com/search?q=%22PcNoLimit%22%20Venezuela%20(whatsapp%20OR%20instagram%20OR%20rif%20OR%20telefono%20OR%20tienda),Sí,2026-08-15T08:32:31.387Z
MLV707642571,Repisas Flotantes Minimalistas.,20.42,4.8,316,1000,0,Sí,BLACKSMITH,MercadoLíder Platinum,190,50,1000,98,10,https://www.mercadolibre.com.ve/pagina/blacksmith9276,"Cabudare, Lara",Hogar y Muebles,Muebles para el Hogar > Cubos y Repisas,Hogar y Muebles > Muebles para el Hogar > Cubos y Repisas,N/A,Trío,"Fabricante: Blck | Línea: Flotante | Modelo: Trío | Material: Madera | Requiere ensamblado: No | Incluye manual de ensamblado: No | Formato de venta: Pack | Unidades por pack: 3 | Largo x Profundidad: 40 cm x 15 cm | Espesor: 1,5 cm | Tipo de estante: Flotante | Estilo: Moderno | Incluye kit de instalación: Sí",https://http2.mlstatic.com/D_NQ_NP_2X_694198-MLV82424676691_022025-F.webp,https://articulo.mercadolibre.com.ve/MLV-707642571-repisas-flotantes-minimalistas-_JM,https://www.google.com/search?q=%22BLACKSMITH%22%20Venezuela%20(whatsapp%20OR%20instagram%20OR%20rif%20OR%20telefono%20OR%20tienda),Sí,2026-08-15T08:32:31.848Z
MLV785317466,Control Nova Original Porton Eléctrico Al Mayor,9.25,4.9,567,1000,0,Sí,PROINTE CA,MercadoLíder Platinum,1000,100,10000,100,9,https://www.mercadolibre.com.ve/pagina/prointe,"Santiago Mariño, Aragua",Hogar y Muebles,Seguridad para el Hogar > Automatización para Portones > Controles Remotos para Portón,Hogar y Muebles > Seguridad para el Hogar > Automatización para Portones > Controles Remotos para Portón,Centurion,Nova 2,Marca: Centurion | Modelo: Nova 2 | Alcance máximo: 100 m | Frecuencia: 433Mhz | Cantidad de botones del control: 2 | Incluye pilas: Sí | Tipo de pilas: 23A,https://http2.mlstatic.com/D_NQ_NP_2X_940507-MLV83701446926_042025-F.webp,https://articulo.mercadolibre.com.ve/MLV-785317466-control-nova-original-porton-electrico-al-mayor-_JM,https://www.google.com/search?q=%22PROINTE%20CA%22%20Venezuela%20(whatsapp%20OR%20instagram%20OR%20rif%20OR%20telefono%20OR%20tienda),Sí,2026-08-15T08:32:33.132Z
MLV582271905,Cinta Led Manguera 5050 60led Calida Amarilla 110v X Metro Cálido,2.1,4.9,35,1000,0,Sí,INNOVALED,MercadoLíder Platinum,5200,500,10000,100,18,https://www.mercadolibre.com.ve/tienda/innovaled,"Barquisimeto, Lara",Hogar y Muebles,Iluminación para el Hogar > Cintas LED,Hogar y Muebles > Iluminación para el Hogar > Cintas LED,LedOn,LUZ INDIRECTA,Marca: LedOn | Modelo: LUZ INDIRECTA | Tipo de LED: 5050 | Color de la luz: Cálido | Voltaje: 120V | Voltaje de funcionamiento: 110v | Grado de protección: IP54 | Largo: 1 m | Cantidad de LEDs por metro: 60 | Incluye fuente de alimentación: No | Incluye controlador de color: No | Con Wi-Fi: No,https://http2.mlstatic.com/D_NQ_NP_2X_610984-MLV31249940043_062019-F.webp,https://articulo.mercadolibre.com.ve/MLV-582271905-cinta-led-manguera-5050-60led-calida-amarilla-110v-x-metro-calido-_JM,https://www.google.com/search?q=%22INNOVALED%22%20Venezuela%20(whatsapp%20OR%20instagram%20OR%20rif%20OR%20telefono%20OR%20tienda),Sí,2026-08-15T08:32:33.557Z
MLV739270096,20 Modulos Regleta Led 5050 Con Lupa Colores,3.5,4.9,227,1000,0,Sí,INNOVALED,MercadoLíder Platinum,5200,500,10000,100,18,https://www.mercadolibre.com.ve/tienda/innovaled,"Barquisimeto, Lara",Hogar y Muebles,Iluminación para el Hogar > Otros,Hogar y Muebles > Iluminación para el Hogar > Otros,Innova Led,5050,Marca: Innova Led | Modelo: 5050 | Voltaje: 12V,https://http2.mlstatic.com/D_NQ_NP_2X_737263-MLV83479151872_042025-F.webp,https://articulo.mercadolibre.com.ve/MLV-739270096-20-modulos-regleta-led-5050-con-lupa-colores-_JM,https://www.google.com/search?q=%22INNOVALED%22%20Venezuela%20(whatsapp%20OR%20instagram%20OR%20rif%20OR%20telefono%20OR%20tienda),Sí,2026-08-15T08:32:34.085Z
MLV762961327,Silla Plástica Duraplas Para Hogar / Oficina Gama De Colores Blanco,11.99,4.8,53,500,0,Sí,CHIMENEASPLUS,MercadoLíder Platinum,1800,100,10000,98,14,https://www.mercadolibre.com.ve/pagina/chimeneasplus,"Valencia (Valencia), Carabobo",Hogar y Muebles,"Muebles para el Hogar > Sillas, Sofás y Taburetes > Sillas de Comedor","Hogar y Muebles > Muebles para el Hogar > Sillas, Sofás y Taburetes > Sillas de Comedor",Duraplas,PREGUNTAR COLORES,Fabricante: silla plastica | Marca: Duraplas | Modelo: PREGUNTAR COLORES | Cantidad de sillas por set: 1 | Color de la estructura de la silla: Blanco,https://http2.mlstatic.com/D_NQ_NP_2X_629726-MLV78627250291_082024-F.webp,https://articulo.mercadolibre.com.ve/MLV-762961327-silla-plastica-duraplas-para-hogar-oficina-gama-de-colores-blanco-_JM,https://www.google.com/search?q=%22CHIMENEASPLUS%22%20Venezuela%20(whatsapp%20OR%20instagram%20OR%20rif%20OR%20telefono%20OR%20tienda),Sí,2026-08-15T08:32:34.542Z
MLV747249637,Lampara Led Plana 72w Lisa Antipolvo Techo 120 Cm Luz Fria Blanco,9.42,4.8,57,500,0,Sí,TITANIUM LED,MercadoLíder Platinum,240,25,1000,99,21,https://www.mercadolibre.com.ve/pagina/titaniumled,"Mun. Sucre (este), Distrito Capital",Hogar y Muebles,Iluminación para el Hogar > Lámparas > Lámparas de Techo,Hogar y Muebles > Iluminación para el Hogar > Lámparas > Lámparas de Techo,Green,72w plana LISA,Marca: Green | Modelo: 72w plana LISA | Voltaje: 85 - 265V | Color de la estructura: Blanco | Color de la luz: Blanco | Temperatura de color: 6.500 K | Formato de venta: Unidad | Potencia: 72 W | Lugares de montaje: Techo | Materiales: Plástico / Metal | Incluye focos: No | Tipo de alimentación: Corriente eléctrica | Formato de la lámpara: Plana | Es inalámbrico: No,https://http2.mlstatic.com/D_NQ_NP_2X_865813-MLV78211915482_082024-F.webp,https://articulo.mercadolibre.com.ve/MLV-747249637-lampara-led-plana-72w-lisa-antipolvo-techo-120-cm-luz-fria-blanco-_JM,https://www.google.com/search?q=%22TITANIUM%20LED%22%20Venezuela%20(whatsapp%20OR%20instagram%20OR%20rif%20OR%20telefono%20OR%20tienda),Sí,2026-08-15T08:32:35.003Z
MLV775631774,Panel 3d Autoadhesivo Para Paredes 70x77 Vitral Pegatina,2.97,4.8,67,1000,0,Sí,TIENDASMIO 2018 CA,MercadoLíder,280,50,1000,100,5,https://www.mercadolibre.com.ve/pagina/tiendasmio,"La Victoria, Aragua",Hogar y Muebles,Adornos y Decoración del Hogar > Paneles Decorativos,Hogar y Muebles > Adornos y Decoración del Hogar > Paneles Decorativos,Royal,VARIOS,"Marca: Royal | Modelo: VARIOS | Material: Goma espuma | Acabado: Mate | Ambientes recomendados: Interior | Es autoadhesivo: Sí | Es 3D: Sí | Es producto personalizado: No | Formato de venta: Unidad | Espesor: 5 mm | Altura x Ancho: 77 cm x 70 cm | Peso: 0,11 g",https://http2.mlstatic.com/D_NQ_NP_2X_786558-MLV78005357313_072024-F.webp,https://articulo.mercadolibre.com.ve/MLV-775631774-panel-3d-autoadhesivo-para-paredes-70x77-vitral-pegatina-_JM,https://www.google.com/search?q=%22TIENDASMIO%202018%20CA%22%20Venezuela%20(whatsapp%20OR%20instagram%20OR%20rif%20OR%20telefono%20OR%20tienda),Sí,2026-08-15T08:32:35.443Z
MLV766804157,Cinta Led Luces Neón Flexible 5 M 12 V Blanco Frío,7.97,4.8,301,500,0,Sí,EAGLE TECHNOLOGIC,MercadoLíder Platinum,1200,100,10000,99,13,https://www.mercadolibre.com.ve/pagina/eagletechnologic,"Valencia (Valencia), Carabobo",Hogar y Muebles,Iluminación para el Hogar > Cintas LED,Hogar y Muebles > Iluminación para el Hogar > Cintas LED,N/A,N/A,Color de la luz: Blanco frío | Voltaje: 120V | Voltaje de funcionamiento: 12V | Largo: 5 m | Incluye fuente de alimentación: No | Incluye controlador de color: No | Con Wi-Fi: No,https://http2.mlstatic.com/D_NQ_NP_2X_786486-MLV109978399358_042026-F.webp,https://articulo.mercadolibre.com.ve/MLV-766804157-cinta-led-luces-neon-flexible-5-m-12-v-blanco-frio-_JM,https://www.google.com/search?q=%22EAGLE%20TECHNOLOGIC%22%20Venezuela%20(whatsapp%20OR%20instagram%20OR%20rif%20OR%20telefono%20OR%20tienda),Sí,2026-08-15T08:32:35.914Z
MLV739541654,Cinta Led Luces Neón Flexible 5 M 12 V Blanco Frío,7.91,4.8,0,1000,0,Sí,Pendiente,Pendiente,N/A,N/A,N/A,N/A,N/A,,Pendiente,N/A,N/A,N/A,N/A,N/A,N/A,https://http2.mlstatic.com/D_Q_NP_2X_963441-MLV54079664120_022023-E.webp,https://articulo.mercadolibre.com.ve/MLV-739541654-cinta-led-luces-neon-flexible-5-m-12-v-blanco-frio-_JM,,No,2026-08-16T23:31:33.720Z
MLV580055353,Control Codiplug Unik Saw Novus Para Portón Eléctrico,14.5,4.9,511,1000,0,Sí,JLKSOLUTIONSSECURITY,MercadoLíder Platinum,120,100,1000,100,5,https://www.mercadolibre.com.ve/pagina/jlksolutionssecurity,"Mun. Chacao (norte), Distrito Capital",Hogar y Muebles,Seguridad para el Hogar > Automatización para Portones > Controles Remotos para Portón,Hogar y Muebles > Seguridad para el Hogar > Automatización para Portones > Controles Remotos para Portón,Codiplug,Unik saw,Marca: Codiplug | Modelo: Unik saw | Alcance máximo: 30 m | Frecuencia: 433.5 | Cantidad de botones del control: 2,https://http2.mlstatic.com/D_NQ_NP_2X_715641-MLV111112798449_052026-F.webp,https://articulo.mercadolibre.com.ve/MLV-580055353-control-codiplug-unik-saw-novus-para-porton-electrico-_JM,https://www.google.com/search?q=%22JLKSOLUTIONSSECURITY%22%20Venezuela%20(whatsapp%20OR%20instagram%20OR%20rif%20OR%20telefono%20OR%20tienda),Sí,2026-08-15T08:32:36.842Z
MLV733759881,Modulo 3 Led Con Lupa Chip 5050 Blanco Y De Colores Avisos,3.5,4.8,6,1000,0,Sí,INNOVALED,MercadoLíder Platinum,5200,500,5000,100,3,https://www.mercadolibre.com.ve/tienda/innovaled,"Mun. Chacao (sur), Distrito Capital",Hogar y Muebles,Iluminación para el Hogar > Cintas LED,Hogar y Muebles > Iluminación para el Hogar > Cintas LED,Innova Led,Módulo,Marca: Innova Led | Modelo: Módulo | Tipo de LED: 5050 | Voltaje: 12V | Voltaje de funcionamiento: 12V | Grado de protección: IP64 | Incluye fuente de alimentación: No | Incluye controlador de color: No | Con Wi-Fi: Sí,https://http2.mlstatic.com/D_NQ_NP_2X_884070-MLV53333601980_012023-F.webp,https://articulo.mercadolibre.com.ve/MLV-733759881-modulo-3-led-con-lupa-chip-5050-blanco-y-de-colores-avisos-_JM,https://www.google.com/search?q=%22INNOVALED%22%20Venezuela%20(whatsapp%20OR%20instagram%20OR%20rif%20OR%20telefono%20OR%20tienda),Sí,2026-08-15T08:32:37.274Z
MLV810497934,"Wall Panel De Pvc 16,5cm X 2,9m. Varios Tonos. Greige",9.81,4.9,43,500,0,Sí,Ecotools,MercadoLíder Platinum,1800,100,10000,99,3,https://www.mercadolibre.com.ve/tienda/ecotools,"Mun. Libertador (Sureste), Distrito Capital",Hogar y Muebles,Adornos y Decoración del Hogar > Otros,Hogar y Muebles > Adornos y Decoración del Hogar > Otros,Ecotools,N/A,Fabricante: Ecotools | Marca: Ecotools | Color: Greige,https://http2.mlstatic.com/D_NQ_NP_2X_804272-MLV84067691699_042025-F.webp,https://articulo.mercadolibre.com.ve/MLV-810497934-wall-panel-de-pvc-165cm-x-29m-varios-tonos-greige-_JM,https://www.google.com/search?q=%22Ecotools%22%20Venezuela%20(whatsapp%20OR%20instagram%20OR%20rif%20OR%20telefono%20OR%20tienda),Sí,2026-08-15T08:32:38.360Z
MLV762905167,Silla Plástica Duraplas Con Reposabrazos Gama De Colores Blanco,11.99,4.8,70,500,0,Sí,CHIMENEASPLUS,MercadoLíder Platinum,1800,100,10000,98,14,https://www.mercadolibre.com.ve/pagina/chimeneasplus,"Valencia (Valencia), Carabobo",Hogar y Muebles,"Muebles para el Hogar > Sillas, Sofás y Taburetes > Sillas de Comedor","Hogar y Muebles > Muebles para el Hogar > Sillas, Sofás y Taburetes > Sillas de Comedor",Duraplas,PREGUNTAR COLORES DISPONIBLES,Fabricante: silla plastica | Marca: Duraplas | Modelo: PREGUNTAR COLORES DISPONIBLES | Cantidad de sillas por set: 1 | Color de la estructura de la silla: Blanco,https://http2.mlstatic.com/D_NQ_NP_2X_680739-MLV82841739996_032025-F.webp,https://articulo.mercadolibre.com.ve/MLV-762905167-silla-plastica-duraplas-con-reposabrazos-gama-de-colores-blanco-_JM,https://www.google.com/search?q=%22CHIMENEASPLUS%22%20Venezuela%20(whatsapp%20OR%20instagram%20OR%20rif%20OR%20telefono%20OR%20tienda),Sí,2026-08-15T08:32:38.817Z
MLV898559278,Papel Tapiz De Vinil Autoadhesivo Mármol 5 Metros X 60cm,8,4.8,257,500,0,Sí,AVZIMPORT,MercadoLíder Platinum,1900,500,10000,100,3,https://www.mercadolibre.com.ve/pagina/avzimport,"Mun. Libertador (Centro), Distrito Capital",Hogar y Muebles,Adornos y Decoración del Hogar > Vinilos Decorativos,Hogar y Muebles > Adornos y Decoración del Hogar > Vinilos Decorativos,Vinil Autoadhesivo,Tipo Mármol,"Marca: Vinil Autoadhesivo | Modelo: Tipo Mármol | Formato de venta: Unidad | Presentación: Rollo | Superficies recomendadas: Cerámica, Madera, Vidrio, en pared, entre otras superficies lisas. | Material: Papel autoadhesivo",https://http2.mlstatic.com/D_NQ_NP_2X_789537-MLV89242362383_082025-F.webp,https://articulo.mercadolibre.com.ve/MLV-898559278-papel-tapiz-de-vinil-autoadhesivo-marmol-5-metros-x-60cm-_JM,https://www.google.com/search?q=%22AVZIMPORT%22%20Venezuela%20(whatsapp%20OR%20instagram%20OR%20rif%20OR%20telefono%20OR%20tienda),Sí,2026-08-15T08:32:39.246Z
MLV925637426,Moldura De Pvc Decorativa (precio X 1 Lamina) 2.40m X 4.1cm Blanco,4.46,5,35,500,0,Sí,Ecotools,MercadoLíder Platinum,1800,100,10000,99,3,https://www.mercadolibre.com.ve/tienda/ecotools,"Mun. Libertador (Sureste), Distrito Capital",Hogar y Muebles,Adornos y Decoración del Hogar > Otros,Hogar y Muebles > Adornos y Decoración del Hogar > Otros,Ecotools,N/A,Fabricante: Ecotools | Marca: Ecotools | Color: Blanco,https://http2.mlstatic.com/D_NQ_NP_2X_694916-MLV96159461378_102025-F.webp,https://articulo.mercadolibre.com.ve/MLV-925637426-moldura-de-pvc-decorativa-precio-x-1-lamina-240m-x-41cm-blanco-_JM,https://www.google.com/search?q=%22Ecotools%22%20Venezuela%20(whatsapp%20OR%20instagram%20OR%20rif%20OR%20telefono%20OR%20tienda),Sí,2026-08-15T08:32:39.676Z
MLV741584495,Aislante Protector Goma Puertas Parabichos Y Polvo,5,4.8,60,1000,0,Sí,BEATRIZQUERO21,MercadoLíder Gold,20,5,1000,99,13,https://www.mercadolibre.com.ve/pagina/beatrizquero21,"Mun. Libertador (Suroeste), Distrito Capital",Hogar y Muebles,Otros,Hogar y Muebles > Otros,CHINESSE,N/A,Fabricante: CHINESSE | Marca: CHINESSE,https://http2.mlstatic.com/D_NQ_NP_2X_950125-MLV88119301199_072025-F.webp,https://articulo.mercadolibre.com.ve/MLV-741584495-aislante-protector-goma-puertas-parabichos-y-polvo-_JM,https://www.google.com/search?q=%22BEATRIZQUERO21%22%20Venezuela%20(whatsapp%20OR%20instagram%20OR%20rif%20OR%20telefono%20OR%20tienda),Sí,2026-08-15T08:32:40.139Z
MLV752294038,Lampara Led Plana 100w Antipolvo Techo 120 Cm Luz Fria Blanco,16,4.9,75,500,0,Sí,TITANIUM LED,MercadoLíder Platinum,240,25,1000,99,21,https://www.mercadolibre.com.ve/pagina/titaniumled,"Mun. Sucre (este), Distrito Capital",Hogar y Muebles,Iluminación para el Hogar > Lámparas > Lámparas de Techo,Hogar y Muebles > Iluminación para el Hogar > Lámparas > Lámparas de Techo,Green,100w plana,Marca: Green | Modelo: 100w plana | Voltaje: 85 - 265V | Color de la estructura: Blanco | Color de la luz: Blanco | Temperatura de color: 6.500 K | Formato de venta: Unidad | Potencia: 100 W | Lugares de montaje: Techo | Materiales: Acrílico/Metal | Incluye focos: No | Tipo de alimentación: Corriente eléctrica | Formato de la lámpara: Rectangular | Aplicaciones inteligentes compatibles: No aplica | Es inalámbrico: No,https://http2.mlstatic.com/D_NQ_NP_2X_727716-MLV93036318665_092025-F.webp,https://articulo.mercadolibre.com.ve/MLV-752294038-lampara-led-plana-100w-antipolvo-techo-120-cm-luz-fria-blanco-_JM,https://www.google.com/search?q=%22TITANIUM%20LED%22%20Venezuela%20(whatsapp%20OR%20instagram%20OR%20rif%20OR%20telefono%20OR%20tienda),Sí,2026-08-15T08:32:40.585Z
MLV726055632,Control Remoto Nova 1 Para Portones Eléctricos,10.6,4.9,417,1000,0,Sí,TECHNOJP,MercadoLíder Platinum,280,25,5000,100,9,https://www.mercadolibre.com.ve/pagina/technojp6412,"Cagua, Aragua",Hogar y Muebles,Seguridad para el Hogar > Automatización para Portones > Controles Remotos para Portón,Hogar y Muebles > Seguridad para el Hogar > Automatización para Portones > Controles Remotos para Portón,Nova,NOVA1,Marca: Nova | Modelo: NOVA1 | Alcance máximo: 100 m | Cantidad de botones del control: 1 | Incluye pilas: Sí | Tipo de pilas: 23A,https://http2.mlstatic.com/D_NQ_NP_2X_797888-MLV51898190386_102022-F.webp,https://articulo.mercadolibre.com.ve/MLV-726055632-control-remoto-nova-1-para-portones-electricos-_JM,https://www.google.com/search?q=%22TECHNOJP%22%20Venezuela%20(whatsapp%20OR%20instagram%20OR%20rif%20OR%20telefono%20OR%20tienda),Sí,2026-08-15T08:32:41.015Z
MLV578997855,Caja Fuerte Digital,29.99,4.8,242,500,0,Sí,STAMPRINT CCS,MercadoLíder Platinum,2200,1000,10000,99,18,https://www.mercadolibre.com.ve/pagina/stamprintccs,"Mun. Libertador (Sur), Distrito Capital",Hogar y Muebles,Seguridad para el Hogar > Cajas Fuertes,Hogar y Muebles > Seguridad para el Hogar > Cajas Fuertes,Stamprint,Genérica,"Marca: Stamprint | Modelo: Genérica | Peso: 2,5 kg | Con display digital: Sí | Mecanismos de apertura: Con combinación electrónica | Lugares de colocación: De pared | Usos recomendados de la caja: Digital | Accesorios incluidos: Llaves",https://http2.mlstatic.com/D_NQ_NP_2X_807794-MLV109372815106_042026-F.webp,https://articulo.mercadolibre.com.ve/MLV-578997855-caja-fuerte-digital-_JM,https://www.google.com/search?q=%22STAMPRINT%20CCS%22%20Venezuela%20(whatsapp%20OR%20instagram%20OR%20rif%20OR%20telefono%20OR%20tienda),Sí,2026-08-15T08:32:41.468Z
MLV759678530,Driver Balastro Led 24w Ángel Light 85v-265v Blanco,2,4.8,91,1000,0,Sí,mabr8784909,MercadoLíder Platinum,1500,100,10000,99,9,https://www.mercadolibre.com.ve/pagina/mabr8784909,"Mun. Sucre (centro), Distrito Capital",Hogar y Muebles,Iluminación para el Hogar > Lámparas > Lámparas de Techo,Hogar y Muebles > Iluminación para el Hogar > Lámparas > Lámparas de Techo,Angel Light,A105-DR-24W,Marca: Angel Light | Modelo: A105-DR-24W | Voltaje: 85 - 265V | Color de la estructura: Blanco | Color de la luz: Blanco | Potencia: 24 W | Lugares de montaje: Techo,https://http2.mlstatic.com/D_NQ_NP_2X_889600-MLV70214011850_062023-F.webp,https://articulo.mercadolibre.com.ve/MLV-759678530-driver-balastro-led-24w-angel-light-85v-265v-blanco-_JM,https://www.google.com/search?q=%22mabr8784909%22%20Venezuela%20(whatsapp%20OR%20instagram%20OR%20rif%20OR%20telefono%20OR%20tienda),Sí,2026-08-15T08:32:41.919Z
MLV552989398,Cinta Led Neón Flex 12v Cinco Metros Sin Transformador Blanco Frío,8.4,4.8,128,1000,0,Sí,INNOVALED,MercadoLíder Platinum,5200,500,10000,100,18,https://www.mercadolibre.com.ve/tienda/innovaled,"Barquisimeto, Lara",Hogar y Muebles,Iluminación para el Hogar > Cintas LED,Hogar y Muebles > Iluminación para el Hogar > Cintas LED,LedOn,CINTA LED,Marca: LedOn | Modelo: CINTA LED | Tipo de LED: 3825 | Color de la luz: Blanco frío | Voltaje: 12V | Voltaje de funcionamiento: 12V | Grado de protección: IP54 | Largo: 5 m | Cantidad de LEDs por metro: 60 | Incluye fuente de alimentación: No | Incluye controlador de color: No | Con Wi-Fi: No | Aplicaciones inteligentes compatibles: N/A,https://http2.mlstatic.com/D_NQ_NP_2X_612677-MLV52524748991_112022-F.webp,https://articulo.mercadolibre.com.ve/MLV-552989398-cinta-led-neon-flex-12v-cinco-metros-sin-transformador-blanco-frio-_JM,https://www.google.com/search?q=%22INNOVALED%22%20Venezuela%20(whatsapp%20OR%20instagram%20OR%20rif%20OR%20telefono%20OR%20tienda),Sí,2026-08-15T08:32:42.350Z
MLV716213068,Control Remoto Nova Dos Botones Porton Electrico,9.25,4.7,14,500,0,Sí,PROINTE CA,MercadoLíder Platinum,1000,100,10000,100,9,https://www.mercadolibre.com.ve/pagina/prointe,"Santiago Mariño, Aragua",Hogar y Muebles,Seguridad para el Hogar > Automatización para Portones > Controles Remotos para Portón,Hogar y Muebles > Seguridad para el Hogar > Automatización para Portones > Controles Remotos para Portón,Centurion,Nova 2,Marca: Centurion | Modelo: Nova 2 | Alcance máximo: 100 m | Frecuencia: 433.92Mhz | Cantidad de botones del control: 2 | Incluye pilas: Sí | Tipo de pilas: 23A,https://http2.mlstatic.com/D_NQ_NP_2X_998527-MLV48465046718_122021-F.webp,https://articulo.mercadolibre.com.ve/MLV-716213068-control-remoto-nova-dos-botones-porton-electrico-_JM,https://www.google.com/search?q=%22PROINTE%20CA%22%20Venezuela%20(whatsapp%20OR%20instagram%20OR%20rif%20OR%20telefono%20OR%20tienda),Sí,2026-08-15T08:32:42.800Z
MLV825432048,Reflector Lampara Liviana Led De 100w Multivoltaje 85-265v Plateado Blanco Frío,3.95,4.8,99,1000,0,Sí,INVERSIONES BALMENCA,MercadoLíder Platinum,100,25,1000,100,13,https://www.mercadolibre.com.ve/pagina/inversionesbalmenca,"Mun. Libertador (Suroeste), Distrito Capital",Hogar y Muebles,Iluminación para el Hogar > Reflectores,Hogar y Muebles > Iluminación para el Hogar > Reflectores,LWCC,Reflector LED,Marca: LWCC | Modelo: Reflector LED | Potencia: 100 W | Voltaje: 85 - 265V | Color de la carcasa: Plateado | Color de la luz: Blanco frío | Altura x Ancho x Profundidad: 25 cm x 13 cm x 5 cm | Eficiencia energética: AAA | Formato de venta: Unidad | Tipo de lámpara: LED | Temperatura de color: 6.500 K | Material del reflector: Aluminio | Tipo de instalación: Montable | Con sensor de movimiento: No | Es inalámbrico: No,https://http2.mlstatic.com/D_NQ_NP_2X_727782-MLV86414333792_062025-F.webp,https://articulo.mercadolibre.com.ve/MLV-825432048-reflector-lampara-liviana-led-de-100w-multivoltaje-85-265v-plateado-blanco-frio-_JM,https://www.google.com/search?q=%22INVERSIONES%20BALMENCA%22%20Venezuela%20(whatsapp%20OR%20instagram%20OR%20rif%20OR%20telefono%20OR%20tienda),Sí,2026-08-15T08:32:43.256Z
MLV791218208,Panel Decorativo 3d Para Pared Autoadhesivo Variedad Modelos,2.17,4.8,121,1000,0,Sí,Eagle Store,N/A,6900,100,10000,98,12,https://www.mercadolibre.com.ve/tienda/eagle-store,"Barquisimeto, Lara",Hogar y Muebles,Adornos y Decoración del Hogar > Vinilos Decorativos,Hogar y Muebles > Adornos y Decoración del Hogar > Vinilos Decorativos,TEEKOO,PANEL 3D AUTOADHESIVOS,Marca: TEEKOO | Modelo: PANEL 3D AUTOADHESIVOS | Formato de venta: Unidad | Es 3D: Sí,https://http2.mlstatic.com/D_NQ_NP_2X_938568-MLV83233542974_042025-F.webp,https://articulo.mercadolibre.com.ve/MLV-791218208-panel-decorativo-3d-para-pared-autoadhesivo-variedad-modelos-_JM,https://www.google.com/search?q=%22Eagle%20Store%22%20Venezuela%20(whatsapp%20OR%20instagram%20OR%20rif%20OR%20telefono%20OR%20tienda),Sí,2026-08-15T08:32:43.698Z
MLV920739726,Mini Lámpara Led Con Sensor De Encendido Blanco,2.8,4.8,88,500,0,Sí,LUISASC21,MercadoLíder Gold,50,100,1000,100,5,https://www.mercadolibre.com.ve/pagina/luisasc21,"Mun. Chacao (norte), Distrito Capital",Hogar y Muebles,Iluminación para el Hogar > Lámparas > Lámparas de Pared,Hogar y Muebles > Iluminación para el Hogar > Lámparas > Lámparas de Pared,Genérico,LED,Marca: Genérico | Modelo: LED | Voltaje: 12W | Color de la estructura: Blanco | Color de la luz: Blanca y Amarilla | Temperatura de color: 6.000 K | Tipo de alimentación: Recargable | Formato de la lámpara: Redondo | Aplicaciones inteligentes compatibles: No | Es inalámbrico: Sí | Formato de venta: Unidad | Potencia: 12 W | Lugares de montaje: Pared | Materiales: Plástico | Tipos de fuentes de luz: Led blanca; led calida | Capacidad de focos: 1 | Incluye focos: Sí,https://http2.mlstatic.com/D_NQ_NP_2X_892182-MLV94941408302_102025-F.webp,https://articulo.mercadolibre.com.ve/MLV-920739726-mini-lampara-led-con-sensor-de-encendido-blanco-_JM,https://www.google.com/search?q=%22LUISASC21%22%20Venezuela%20(whatsapp%20OR%20instagram%20OR%20rif%20OR%20telefono%20OR%20tienda),Sí,2026-08-15T08:32:44.891Z
MLV566188316,Cortinas Sala-cuarto- Tela Vinílica- Antisolar,13,4.9,109,500,0,Sí,Vendido por CREACIONES_ F.C,MercadoLíder,N/A,25,1000,99,12,https://listado.mercadolibre.com.ve/_CustId_147336997,"Barquisimeto, Lara",Hogar y Muebles,Adornos y Decoración del Hogar > Cortinas y Accesorios > Cortinas y Persianas > Manuales,Hogar y Muebles > Adornos y Decoración del Hogar > Cortinas y Accesorios > Cortinas y Persianas > Manuales,Antisolar,Antisol,Marca: Antisolar | Modelo: Antisol | Tipo de cortina y persiana: Panel | Diseño de la tela: Liso | Formato de venta: Unidad | Altura x Ancho: 1.71 cm x 1.38 cm | Material: Algodón | Es black out: Sí,https://http2.mlstatic.com/D_NQ_NP_2X_783102-MLV53228926939_012023-F.webp,https://articulo.mercadolibre.com.ve/MLV-566188316-cortinas-sala-cuarto-tela-vinilica-antisolar-_JM,https://www.google.com/search?q=%22Vendido%20por%20CREACIONES_%20F.C%22%20Venezuela%20(whatsapp%20OR%20instagram%20OR%20rif%20OR%20telefono%20OR%20tienda),Sí,2026-08-15T08:32:45.338Z
MLV731145474,"Manguera Led Neon 110v Blanca, Calida Y De Colores",2.8,5,2,500,0,Sí,INNOVALED,MercadoLíder Platinum,5200,500,5000,100,3,https://www.mercadolibre.com.ve/tienda/innovaled,"Mun. Chacao (sur), Distrito Capital",Hogar y Muebles,Iluminación para el Hogar > Cintas LED,Hogar y Muebles > Iluminación para el Hogar > Cintas LED,Innova Led,Manguera LED,Marca: Innova Led | Modelo: Manguera LED | Tipo de LED: 3035 | Voltaje: 120V | Voltaje de funcionamiento: 110v | Grado de protección: IP64 | Largo: 1 m | Cantidad de LEDs por metro: 120 | Incluye fuente de alimentación: No | Incluye controlador de color: No | Con Wi-Fi: No,https://http2.mlstatic.com/D_NQ_NP_2X_620578-MLV52792199858_122022-F.webp,https://articulo.mercadolibre.com.ve/MLV-731145474-manguera-led-neon-110v-blanca-calida-y-de-colores-_JM,https://www.google.com/search?q=%22INNOVALED%22%20Venezuela%20(whatsapp%20OR%20instagram%20OR%20rif%20OR%20telefono%20OR%20tienda),Sí,2026-08-15T08:32:45.765Z
MLV721531609,Control Para Tu Portón Eléctrico Nova Original Al Mayor,9.2,4.9,296,1000,0,Sí,TECHNOJP,MercadoLíder Platinum,290,25,5000,100,9,https://www.mercadolibre.com.ve/pagina/technojp6412,"Cagua, Aragua",Hogar y Muebles,Seguridad para el Hogar > Automatización para Portones > Controles Remotos para Portón,Hogar y Muebles > Seguridad para el Hogar > Automatización para Portones > Controles Remotos para Portón,Nova,2,Marca: Nova | Modelo: 2 | Formato de venta: Unidad | Alcance máximo: 100 m | Cantidad de botones del control: 2 | Incluye pilas: Sí | Tipo de pilas: A23,https://http2.mlstatic.com/D_NQ_NP_2X_833469-MLV71807413335_092023-F.webp,https://articulo.mercadolibre.com.ve/MLV-721531609-control-para-tu-porton-electrico-nova-original-al-mayor-_JM,https://www.google.com/search?q=%22TECHNOJP%22%20Venezuela%20(whatsapp%20OR%20instagram%20OR%20rif%20OR%20telefono%20OR%20tienda),Sí,2026-08-15T08:32:46.207Z
MLV763903632,Cinta Neon 12v 5m. Transformador Incluido. Colores Varios Color,9.9,4.8,98,500,0,Sí,TITANIUM LED,MercadoLíder Platinum,250,25,1000,99,21,https://www.mercadolibre.com.ve/pagina/titaniumled,"Mun. Sucre (este), Distrito Capital",Hogar y Muebles,Iluminación para el Hogar > Cintas LED,Hogar y Muebles > Iluminación para el Hogar > Cintas LED,N/A,12V,Modelo: 12V | Tipo de LED: 2035 | Color de la luz: Color | Voltaje: 120V | Voltaje de funcionamiento: 12V | Grado de protección: IP64 | Largo: 5 m | Incluye fuente de alimentación: Sí | Incluye controlador de color: No | Con Wi-Fi: No | Es dimeable: No,https://http2.mlstatic.com/D_NQ_NP_2X_649019-MLV100822721312_122025-F.webp,https://articulo.mercadolibre.com.ve/MLV-763903632-cinta-neon-12v-5m-transformador-incluido-colores-varios-color-_JM,https://www.google.com/search?q=%22TITANIUM%20LED%22%20Venezuela%20(whatsapp%20OR%20instagram%20OR%20rif%20OR%20telefono%20OR%20tienda),Sí,2026-08-15T08:32:46.662Z
MLV733661642,Cortinas 100% Blackout,18,4.8,140,500,0,Sí,ESPAZIOHOGAR1,N/A,310,50,1000,97,8,https://www.mercadolibre.com.ve/pagina/espaziohogar1,"Mun. Libertador (Centro), Distrito Capital",Hogar y Muebles,Adornos y Decoración del Hogar > Cortinas y Accesorios > Cortinas y Persianas > Manuales,Hogar y Muebles > Adornos y Decoración del Hogar > Cortinas y Accesorios > Cortinas y Persianas > Manuales,Terko,Blackout,Marca: Terko | Modelo: Blackout | Tipo de cortina y persiana: Cortina | Diseño de la tela: Liso | Altura x Ancho: 2.13 m x 1.32 m | Material: Poliéster | Es black out: Sí,https://http2.mlstatic.com/D_NQ_NP_2X_724909-MLV93950152542_102025-F.webp,https://articulo.mercadolibre.com.ve/MLV-733661642-cortinas-100-blackout-_JM,https://www.google.com/search?q=%22ESPAZIOHOGAR1%22%20Venezuela%20(whatsapp%20OR%20instagram%20OR%20rif%20OR%20telefono%20OR%20tienda),Sí,2026-08-15T08:32:47.111Z
MLV582068488,Control Novus Codiplug Para Portones Eléctricos,14.5,4.9,208,500,0,Sí,JLKSOLUTIONSSECURITY,MercadoLíder Platinum,120,100,1000,100,5,https://www.mercadolibre.com.ve/pagina/jlksolutionssecurity,"Mun. Chacao (norte), Distrito Capital",Hogar y Muebles,Seguridad para el Hogar > Automatización para Portones > Controles Remotos para Portón,Hogar y Muebles > Seguridad para el Hogar > Automatización para Portones > Controles Remotos para Portón,Codiplug,Novus,Marca: Codiplug | Modelo: Novus | Frecuencia: 433 | Cantidad de botones del control: 2,https://http2.mlstatic.com/D_NQ_NP_2X_785527-MLV110902141743_042026-F.webp,https://articulo.mercadolibre.com.ve/MLV-582068488-control-novus-codiplug-para-portones-electricos-_JM,https://www.google.com/search?q=%22JLKSOLUTIONSSECURITY%22%20Venezuela%20(whatsapp%20OR%20instagram%20OR%20rif%20OR%20telefono%20OR%20tienda),Sí,2026-08-15T08:32:47.590Z
MLV749290607,Lampara De Riel Track Light 2 Vias 40w Negra Blanca,9.8,4.8,50,500,0,Sí,INNOVALED,MercadoLíder Platinum,5200,500,10000,100,18,https://www.mercadolibre.com.ve/tienda/innovaled,"Barquisimeto, Lara",Hogar y Muebles,Iluminación para el Hogar > Lámparas > Lámparas de Techo,Hogar y Muebles > Iluminación para el Hogar > Lámparas > Lámparas de Techo,Innova Led,LED,Marca: Innova Led | Modelo: LED | Voltaje: 110V | Tipos de fuentes de luz: LED | Capacidad de focos: 1 | Potencia: 40 W | Lugares de montaje: Techo | Materiales: Aluminio,https://http2.mlstatic.com/D_NQ_NP_2X_841027-MLV72202950527_102023-F.webp,https://articulo.mercadolibre.com.ve/MLV-749290607-lampara-de-riel-track-light-2-vias-40w-negra-blanca-_JM,https://www.google.com/search?q=%22INNOVALED%22%20Venezuela%20(whatsapp%20OR%20instagram%20OR%20rif%20OR%20telefono%20OR%20tienda),Sí,2026-08-15T08:32:48.319Z
MLV580882825,Manguera Cinta Led Neon 120 Led Luz Blanca Metro,2.8,4.8,40,500,0,Sí,INNOVALED,MercadoLíder Platinum,5200,500,10000,100,18,https://www.mercadolibre.com.ve/tienda/innovaled,"Barquisimeto, Lara",Hogar y Muebles,Iluminación para el Hogar > Cintas LED,Hogar y Muebles > Iluminación para el Hogar > Cintas LED,Innova Led,Neon,Marca: Innova Led | Modelo: Neon | Tipo de LED: 5050 | Voltaje: 120V | Voltaje de funcionamiento: 110V | Grado de protección: IP54 | Color De La Luz: Blanco neutro | Largo: 1 m | Cantidad de LEDs por metro: 60 | Incluye fuente de alimentación: No | Incluye controlador de color: No | Con Wi-Fi: No,https://http2.mlstatic.com/D_NQ_NP_2X_891878-MLV46603591938_072021-F.webp,https://articulo.mercadolibre.com.ve/MLV-580882825-manguera-cinta-led-neon-120-led-luz-blanca-metro-_JM,https://www.google.com/search?q=%22INNOVALED%22%20Venezuela%20(whatsapp%20OR%20instagram%20OR%20rif%20OR%20telefono%20OR%20tienda),Sí,2026-08-15T08:32:48.759Z
MLV801231968,Silla Plástica Duraplas Comedor/cafe/exteriores/gama/colores Plástico Variados Varios,11.99,4.9,52,500,0,Sí,CHIMENEAS PLUS,MercadoLíder Platinum,2900,100,10000,98,14,https://www.mercadolibre.com.ve/pagina/chimeneasplus7765,"Valencia (Valencia), Carabobo",Hogar y Muebles,"Muebles para el Hogar > Sillas, Sofás y Taburetes > Sillas de Comedor","Hogar y Muebles > Muebles para el Hogar > Sillas, Sofás y Taburetes > Sillas de Comedor",silla plastica,PREGUNTAR COLORES DISPONIBLES,Fabricante: silla plastica | Marca: silla plastica | Modelo: PREGUNTAR COLORES DISPONIBLES | Cantidad de sillas por set: 10 | Diseño de la tela: Plástico | Color de la estructura de la silla: Variados | Color del asiento: Varios | Materiales de la estructura: Plástico | Estilo: Clásico | Firmeza: Firme,https://http2.mlstatic.com/D_NQ_NP_2X_649054-MLV78627755003_082024-F.webp,https://articulo.mercadolibre.com.ve/MLV-801231968-silla-plastica-duraplas-comedorcafeexterioresgamacolores-plastico-variados-varios-_JM,https://www.google.com/search?q=%22CHIMENEAS%20PLUS%22%20Venezuela%20(whatsapp%20OR%20instagram%20OR%20rif%20OR%20telefono%20OR%20tienda),Sí,2026-08-15T08:32:49.186Z
MLV746706338,"Combo Delantal + Bandana En Gabardina, Chef Cocinero Barista Negro",5.15,4.8,215,1000,0,Sí,Vendido por LOMASGLOBAL-GMAIL.COM,MercadoLíder Gold,N/A,5,1000,99,19,https://listado.mercadolibre.com.ve/_CustId_15389689,"Girardot (Maracay), Aragua",Hogar y Muebles,Textiles de Hogar y Decoración > Textiles de Cocina > Delantales,Hogar y Muebles > Textiles de Hogar y Decoración > Textiles de Cocina > Delantales,Genérica,Estándar Unisex con Hebilla para la Talla,Marca: Genérica | Línea: Uniformes de Trabajo | Modelo: Estándar Unisex con Hebilla para la Talla | Color: Negro | Ancho x Altura: 70 cm x 80 cm | Tipo de delantal de cocina: Combo Delantal Completo más Gorro | Género: Sin género | Materiales: Gabardina | Cantidad de bolsillos: 2 | Con ajuste en el cuello: Sí | Con ajuste en la cintura: Sí | Es apto para lavadora: Sí,https://http2.mlstatic.com/D_NQ_NP_2X_600343-MLV75105352933_032024-F.webp,https://articulo.mercadolibre.com.ve/MLV-746706338-combo-delantal-bandana-en-gabardina-chef-cocinero-barista-negro-_JM,https://www.google.com/search?q=%22Vendido%20por%20LOMASGLOBAL-GMAIL.COM%22%20Venezuela%20(whatsapp%20OR%20instagram%20OR%20rif%20OR%20telefono%20OR%20tienda),Sí,2026-08-15T08:32:49.623Z
MLV745595669,Porta Esponja En Acero Inoxidable Autoadhesivo X2 Unidades,4.99,4.8,142,500,0,Sí,TECHNOSMARTVE,MercadoLíder Platinum,310,50,1000,100,15,https://www.mercadolibre.com.ve/pagina/technosmart,"San Felipe, Yaracuy",Hogar y Muebles,Cocina > Almacenamiento y Organización > Organizadores para Cocina > Organizadores de Fregaderos,Hogar y Muebles > Cocina > Almacenamiento y Organización > Organizadores para Cocina > Organizadores de Fregaderos,Genérica,2 Portaesponjas,"Marca: Genérica | Modelo: 2 Portaesponjas | Tipo de producto: Porta esponja | Largo x Ancho x Altura: 5 cm x 4 cm x 4.5 cm | Tipos de instalación: Adhesivo, Fácil | Materiales: Acero inoxidable | Con agujeros de drenaje: No | Con dosificador: No | Con superficie antideslizante: Sí | Accesorios incluidos: Adhesivo",https://http2.mlstatic.com/D_NQ_NP_2X_915699-MLV105700222021_012026-F.webp,https://articulo.mercadolibre.com.ve/MLV-745595669-porta-esponja-en-acero-inoxidable-autoadhesivo-x2-unidades-_JM,https://www.google.com/search?q=%22TECHNOSMARTVE%22%20Venezuela%20(whatsapp%20OR%20instagram%20OR%20rif%20OR%20telefono%20OR%20tienda),Sí,2026-08-15T08:32:50.128Z
MLV796936984,Silla De Oficina Para Visitante O De Espera Negro Goma,45.95,4.9,85,500,0,Sí,Venspeed,MercadoLíder Platinum,3000,500,100000,99,14,https://www.mercadolibre.com.ve/tienda/venspeed,"Mun. Chacao (sur), Distrito Capital",Industrias,"Equipamiento para Oficinas > Mesas, Sillas y Escritorios > Sillas","Industrias > Equipamiento para Oficinas > Mesas, Sillas y Escritorios > Sillas",VENSEAT,visitante,Formato de venta: Unidad | Material del tapizado: Goma | Materiales de la estructura: Metal | Materiales del relleno: Goma espuma | Altura del respaldo: 40 cm | Profundidad del asiento: 40 cm | Ancho de la silla: 50 cm | Altura máxima de la silla: 75 cm | Requiere ensamblado: Sí | Incluye manual de ensamblado: Sí | Con respaldo reclinable: No | Tipo de silla de oficina: Visitante | Con aro para pies: No | Marca: VENSEAT | Modelo: visitante | Modelo alfanumérico: FH37 | Color: Negro | Modelo detallado: FH37 | Peso máximo soportado: 90 kg | Es gamer: No | Es ergonómica: Sí | Es giratoria: No | Con altura ajustable: No | Con ruedas: No | Con apoyabrazos: No | Con luces: No | Con apoyabrazos ajustable: No | Con apoyacabezas: No | Con apoya pies: No | Es gamer: No | Con apoyabrazos ajustable: No | Es giratoria: No | Es ergonómica: Sí | Con respaldo reclinable: No | Con altura regulable: No,https://http2.mlstatic.com/D_NQ_NP_2X_745656-MLV113291817875_062026-F.webp,https://articulo.mercadolibre.com.ve/MLV-796936984-silla-de-oficina-para-visitante-o-de-espera-negro-goma-_JM,https://www.google.com/search?q=%22Venspeed%22%20Venezuela%20(whatsapp%20OR%20instagram%20OR%20rif%20OR%20telefono%20OR%20tienda),Sí,2026-08-15T08:32:50.872Z
MLV733589613,Lampara Antipolvo 2x18 2x36 Para Tubo Led T8 Gris,14.04,4.9,17,500,0,Sí,INNOVALED,MercadoLíder Platinum,5200,500,5000,100,3,https://www.mercadolibre.com.ve/tienda/innovaled,"Mun. Chacao (sur), Distrito Capital",Hogar y Muebles,Iluminación para el Hogar > Lámparas > Lámparas de Techo,Hogar y Muebles > Iluminación para el Hogar > Lámparas > Lámparas de Techo,Innova Led,ANTIPOLVO,Marca: Innova Led | Modelo: ANTIPOLVO | Voltaje: 120/220V | Color de la estructura: Gris | Lugares de montaje: Techo | Materiales: PVC | Tipo de alimentación: Corriente | Formato de la lámpara: Carril recto,https://http2.mlstatic.com/D_NQ_NP_2X_947267-MLV53313318231_012023-F.webp,https://articulo.mercadolibre.com.ve/MLV-733589613-lampara-antipolvo-2x18-2x36-para-tubo-led-t8-gris-_JM,https://www.google.com/search?q=%22INNOVALED%22%20Venezuela%20(whatsapp%20OR%20instagram%20OR%20rif%20OR%20telefono%20OR%20tienda),Sí,2026-08-15T08:32:51.291Z
MLV743753019,Lámpara Led Panel Redondo Superficial 12w 6500k,5.2,4.8,119,1000,0,Sí,Sempiled,MercadoLíder Platinum,380,50,5000,100,6,https://www.mercadolibre.com.ve/tienda/sempiled,"Mun. Libertador (Noreste), Distrito Capital",Hogar y Muebles,Iluminación para el Hogar > Lámparas > Lámparas de Techo,Hogar y Muebles > Iluminación para el Hogar > Lámparas > Lámparas de Techo,SEMPILED,Superficial 12W,"Marca: SEMPILED | Modelo: Superficial 12W | Voltaje: AC85-265V | Color de la luz: 6500K | Temperatura de color: 6.500 K | Tipo de alimentación: Corriente eléctrica | Formato de la lámpara: Superficial | Aplicaciones inteligentes compatibles: N/A | Es inalámbrico: No | Voltaje de la batería: N/A | Formato de venta: Unidad | Potencia: 12 W | Lugares de montaje: Techo, Pared | Materiales: Hierro, PVC | Tipos de fuentes de luz: LED | Capacidad de focos: 1 | Incluye focos: Sí",https://http2.mlstatic.com/D_NQ_NP_2X_780445-MLV103441233065_012026-F.webp,https://articulo.mercadolibre.com.ve/MLV-743753019-lampara-led-panel-redondo-superficial-12w-6500k-_JM,https://www.google.com/search?q=%22Sempiled%22%20Venezuela%20(whatsapp%20OR%20instagram%20OR%20rif%20OR%20telefono%20OR%20tienda),Sí,2026-08-15T08:32:51.789Z
MLV711749046,Silla Ejecutiva 9050 Oficina Negro,59.95,4.8,277,1000,0,Sí,Venspeed,MercadoLíder Platinum,3000,500,100000,99,14,https://www.mercadolibre.com.ve/tienda/venspeed,"Mun. Chacao (sur), Distrito Capital",Hogar y Muebles,"Muebles para el Hogar > Sillas, Sofás y Taburetes > Sillas de Oficina","Hogar y Muebles > Muebles para el Hogar > Sillas, Sofás y Taburetes > Sillas de Oficina",Venseat,9050,Formato de venta: Unidad | Materiales de la estructura: Metal | Materiales del relleno: Goma espuma | Altura del respaldo: 45 cm | Profundidad del asiento: 50 cm | Ancho de la silla: 60 cm | Altura máxima de la silla: 96 cm | Requiere ensamblado: Sí | Incluye manual de ensamblado: Sí | Con altura ajustable: Sí | Con ruedas: Sí | Con apoyabrazos: Sí | Con luces: No | Con apoyabrazos ajustable: No | Con apoyacabezas: No | Con apoya pies: No | Marca: Venseat | Modelo: 9050 | Modelo alfanumérico: 90500 | Color: Negro | Modelo detallado: 90500 | Peso máximo soportado: 90 kg | Es gamer: No | Es ergonómica: Sí | Es giratoria: Sí | Con respaldo reclinable: No | Tipo de silla de oficina: Ejecutiva | Es gamer: No | Con apoyabrazos ajustable: No | Es giratoria: Sí | Es ergonómica: Sí | Con respaldo reclinable: No | Con altura regulable: Sí,https://http2.mlstatic.com/D_NQ_NP_2X_708954-MLV113292030067_062026-F.webp,https://articulo.mercadolibre.com.ve/MLV-711749046-silla-ejecutiva-9050-oficina-negro-_JM,https://www.google.com/search?q=%22Venspeed%22%20Venezuela%20(whatsapp%20OR%20instagram%20OR%20rif%20OR%20telefono%20OR%20tienda),Sí,2026-08-15T08:32:52.226Z
MLV769312971,Reflector Lampara Liviana Led De 150w Multivoltaje 85-265v Plateado Blanco Frío,5.95,5,43,500,0,Sí,INVERSIONES BALMENCA,MercadoLíder Platinum,100,25,1000,100,13,https://www.mercadolibre.com.ve/pagina/inversionesbalmenca,"Mun. Libertador (Suroeste), Distrito Capital",Hogar y Muebles,Iluminación para el Hogar > Reflectores,Hogar y Muebles > Iluminación para el Hogar > Reflectores,Led LWCC,Reflector LED,Marca: Led LWCC | Modelo: Reflector LED | Potencia: 150 W | Voltaje: 85 - 265V | Color de la carcasa: Plateado | Color de la luz: Blanco frío | Altura x Ancho x Profundidad: 25 cm x 18 cm x 5 cm | Eficiencia energética: AAA | Formato de venta: Unidad | Tipo de lámpara: LED | Temperatura de color: 6.500 K | Material del reflector: Aluminio | Tipo de instalación: Montable | Con sensor de movimiento: No | Es inalámbrico: No,https://http2.mlstatic.com/D_NQ_NP_2X_712835-MLV86480048256_062025-F.webp,https://articulo.mercadolibre.com.ve/MLV-769312971-reflector-lampara-liviana-led-de-150w-multivoltaje-85-265v-plateado-blanco-frio-_JM,https://www.google.com/search?q=%22INVERSIONES%20BALMENCA%22%20Venezuela%20(whatsapp%20OR%20instagram%20OR%20rif%20OR%20telefono%20OR%20tienda),Sí,2026-08-15T08:32:52.907Z
MLV735407857,Lampara Led Panel Redonda Superficial Con Borde Infinito 18w Blanco 2 Años De Garantía,5.4,4.8,66,500,0,Sí,Sempiled,MercadoLíder Platinum,390,50,5000,100,6,https://www.mercadolibre.com.ve/tienda/sempiled,"Mun. Libertador (Noreste), Distrito Capital",Hogar y Muebles,Iluminación para el Hogar > Lámparas > Lámparas de Techo,Hogar y Muebles > Iluminación para el Hogar > Lámparas > Lámparas de Techo,Sempiled,Superficial,"Marca: Sempiled | Modelo: Superficial | Voltaje: 85 - 265V | Color de la estructura: Blanco | Color de la luz: Blanco | Temperatura de color: 6.500 K | Tipo de alimentación: Corriente | Formato de la lámpara: Redonda Empotrable | Es inalámbrico: No | Voltaje de la batería: N/A | Forma: Redonda | Formato de venta: Unidad | Potencia: 18 W | Lugares de montaje: Techo, Pared | Materiales: Plástico/Aluminio | Tipos de fuentes de luz: LED | Capacidad de focos: 1 | Incluye focos: Sí",https://http2.mlstatic.com/D_NQ_NP_2X_713440-MLV91049868223_082025-F.webp,https://articulo.mercadolibre.com.ve/MLV-735407857-lampara-led-panel-redonda-superficial-con-borde-infinito-18w-blanco-2-anos-de-garantia-_JM,https://www.google.com/search?q=%22Sempiled%22%20Venezuela%20(whatsapp%20OR%20instagram%20OR%20rif%20OR%20telefono%20OR%20tienda),Sí,2026-08-15T08:32:53.642Z
MLV706972890,Control Remoto Nova2 Original Para Portones Eléctricos,9.25,4.9,17,1000,0,Sí,PROINTE CA,MercadoLíder Platinum,1000,100,10000,100,9,https://www.mercadolibre.com.ve/pagina/prointe,"Santiago Mariño, Aragua",Hogar y Muebles,Seguridad para el Hogar > Automatización para Portones > Controles Remotos para Portón,Hogar y Muebles > Seguridad para el Hogar > Automatización para Portones > Controles Remotos para Portón,Centurion,Nova 2,Marca: Centurion | Modelo: Nova 2 | Formato de venta: Unidad | Alcance máximo: 100 m | Frecuencia: 433.92Mhz | Cantidad de botones del control: 2 | Incluye pilas: Sí | Tipo de pilas: 23A,https://http2.mlstatic.com/D_NQ_NP_2X_805484-MLV83994729985_042025-F.webp,https://articulo.mercadolibre.com.ve/MLV-706972890-control-remoto-nova2-original-para-portones-electricos-_JM,https://www.google.com/search?q=%22PROINTE%20CA%22%20Venezuela%20(whatsapp%20OR%20instagram%20OR%20rif%20OR%20telefono%20OR%20tienda),Sí,2026-08-15T08:32:54.082Z
MLV700423087,Puff Para Personas De Un Metro Setenta Cm De Altura,55,4.9,169,500,0,Sí,INVERSIONESJAYCLACA,MercadoLíder Gold,210,50,1000,100,10,https://www.mercadolibre.com.ve/pagina/inversionesjayclac.a.2013,"Mun. Chacao (sur), Distrito Capital",Hogar y Muebles,"Muebles para el Hogar > Sillas, Sofás y Taburetes > Puffs","Hogar y Muebles > Muebles para el Hogar > Sillas, Sofás y Taburetes > Puffs",Jaycla,Puff pera para personas de 170cm de alto,"Marca: Jaycla | Modelo: Puff pera para personas de 170cm de alto | Diseño de la tela: LONAS Unicolor y estampadas | Altura x Largo x Ancho: 1.21 m x 93 cm x 93 cm | Materiales: Lona y semicuero, Cierre de acero inoxidable Hilo nylon | Forma: Pera | Tipo de puf: Pera, relleno de anime | Es plegable: Sí | Con patas: No | Cantidad de patas: 0 | Peso máximo soportado: 150 kg | Estilo: Moderno",https://http2.mlstatic.com/D_NQ_NP_2X_657530-MLA110050752460_042026-F.webp,https://articulo.mercadolibre.com.ve/MLV-700423087-puff-para-personas-de-un-metro-setenta-cm-de-altura-_JM,https://www.google.com/search?q=%22INVERSIONESJAYCLACA%22%20Venezuela%20(whatsapp%20OR%20instagram%20OR%20rif%20OR%20telefono%20OR%20tienda),Sí,2026-08-15T08:32:54.526Z
MLV751189135,Pisos Vinil Pvc Autoadhesivo Alto Trafico 2.0mm Resistente,15.99,4.8,69,1000,0,Sí,Masshopping,MercadoLíder Platinum,3300,500,100000,99,17,https://www.mercadolibre.com.ve/tienda/masshopping,"Barquisimeto, Lara",Hogar y Muebles,Adornos y Decoración del Hogar > Vinilos Decorativos,Hogar y Muebles > Adornos y Decoración del Hogar > Vinilos Decorativos,TEEKOO,ALTO TRAFICO 2.0MM,"Marca: TEEKOO | Modelo: ALTO TRAFICO 2.0MM | Formato de venta: Unidad | Diseño: Liso | Presentación: Plancha | Superficies recomendadas: Cemento, Cerámica, Granito, Mármol | Ambientes recomendados: Baños, Cocina, Cuarto, Interior, Oficina, Sala | Es apto para pared: Sí | Es apto para auto: No | Es apto para heladera: Sí | Es fluorescente: No | Es 3D: No",https://http2.mlstatic.com/D_NQ_NP_2X_735237-MLV72959060411_112023-F.webp,https://articulo.mercadolibre.com.ve/MLV-751189135-pisos-vinil-pvc-autoadhesivo-alto-trafico-20mm-resistente-_JM,https://www.google.com/search?q=%22Masshopping%22%20Venezuela%20(whatsapp%20OR%20instagram%20OR%20rif%20OR%20telefono%20OR%20tienda),Sí,2026-08-15T08:32:54.956Z
MLV569921275,Perfil Aluminio 3 Metros Para Led Luz Cocina Closet Empotrar,7,4.9,44,500,0,Sí,INNOVALED,MercadoLíder Platinum,5200,500,10000,100,18,https://www.mercadolibre.com.ve/tienda/innovaled,"Barquisimeto, Lara",Hogar y Muebles,Iluminación para el Hogar > Otros,Hogar y Muebles > Iluminación para el Hogar > Otros,Innova Led,PERFIL,Marca: Innova Led | Modelo: PERFIL,https://http2.mlstatic.com/D_NQ_NP_2X_678108-MLV40144023716_122019-F.webp,https://articulo.mercadolibre.com.ve/MLV-569921275-perfil-aluminio-3-metros-para-led-luz-cocina-closet-empotrar-_JM,https://www.google.com/search?q=%22INNOVALED%22%20Venezuela%20(whatsapp%20OR%20instagram%20OR%20rif%20OR%20telefono%20OR%20tienda),Sí,2026-08-15T08:32:56.183Z
MLV790105184,Lampara Aluminio 80w De Socate 110v Antiagua Reikpro X5 Unid Gris Blanco Frío,9.57,4.9,195,500,0,Sí,INVERSIONES UNITECH,MercadoLíder Platinum,3500,1000,10000,99,13,https://www.mercadolibre.com.ve/pagina/americasonido2323,"Guanare, Portuguesa",Hogar y Muebles,Iluminación para el Hogar > Reflectores,Hogar y Muebles > Iluminación para el Hogar > Reflectores,Reik Pro Ligth,ALUMINIO LIGERO,Marca: Reik Pro Ligth | Modelo: ALUMINIO LIGERO | Potencia: 80 W | Voltaje: 120V | Color de la carcasa: Gris | Color de la luz: Blanco frío | Tipo de lámpara: LED | Con sensor de movimiento: No | Es inalámbrico: No,https://http2.mlstatic.com/D_NQ_NP_2X_697447-MLV88286856128_072025-F.webp,https://articulo.mercadolibre.com.ve/MLV-790105184-lampara-aluminio-80w-de-socate-110v-antiagua-reikpro-x5-unid-gris-blanco-frio-_JM,https://www.google.com/search?q=%22INVERSIONES%20UNITECH%22%20Venezuela%20(whatsapp%20OR%20instagram%20OR%20rif%20OR%20telefono%20OR%20tienda),Sí,2026-08-15T08:32:56.628Z
MLV756483818,Silla Plástica (clásica) Con Brazos A1,11.49,4.8,49,1000,0,Sí,corpdondomingo,MercadoLíder Platinum,200,5,1000,98,18,https://www.mercadolibre.com.ve/pagina/corp_don_domingo,"Barquisimeto, Lara",Hogar y Muebles,"Muebles para el Hogar > Sillas, Sofás y Taburetes > Sillas de Comedor","Hogar y Muebles > Muebles para el Hogar > Sillas, Sofás y Taburetes > Sillas de Comedor",A1,Silla (Clásica) Con Brazos,"Fabricante: Polímeros De Venezuela | Marca: A1 | Modelo: Silla (Clásica) Con Brazos | Cantidad de sillas por set: 1 | Materiales de la estructura: Plástica | Material de las patas: Plastico | Firmeza: Extra firme | Ancho del asiento: 42 cm | Profundidad del asiento: 41 cm | Con asiento acolchado: No | Es plegable: No | Es apilable: Sí | Es tapizada: No | Es silla mecedora: No | Es silla para exterior: Sí | Altura de la silla: 88,9 cm | Peso: 2,4 kg | Requiere ensamblado: No | Incluye manual de ensamblado: No | Requiere ensamblado: No | Es apilable: Sí | Ancho del asiento: 42 cm | Es plegable: No | Altura de la silla: 88.9 cm | Profundidad del asiento: 41 cm",https://http2.mlstatic.com/D_NQ_NP_2X_816104-MLV87066871508_072025-F.webp,https://articulo.mercadolibre.com.ve/MLV-756483818-silla-plastica-clasica-con-brazos-a1-_JM,https://www.google.com/search?q=%22corpdondomingo%22%20Venezuela%20Barquisimeto%20(whatsapp%20OR%20instagram%20OR%20rif%20OR%20telefono%20OR%20tienda),Sí,2026-08-15T08:32:57.072Z
MLV580882804,Cinta Tira Luz Luces Led Cob Lineal Cinco Metros 12voltios,9.8,5,68,500,0,Sí,INNOVALED,MercadoLíder Platinum,5200,500,10000,100,18,https://www.mercadolibre.com.ve/tienda/innovaled,"Barquisimeto, Lara",Hogar y Muebles,Iluminación para el Hogar > Cintas LED,Hogar y Muebles > Iluminación para el Hogar > Cintas LED,LedOn,Cob,Marca: LedOn | Modelo: Cob | Tipo de LED: 3825 | Voltaje: 12V | Voltaje de funcionamiento: 12V | Grado de protección: IP54 | Largo: 5 m | Cantidad de LEDs por metro: 120 | Incluye fuente de alimentación: No | Incluye controlador de color: No | Con Wi-Fi: No,https://http2.mlstatic.com/D_NQ_NP_2X_755520-MLV51179091323_082022-F.webp,https://articulo.mercadolibre.com.ve/MLV-580882804-cinta-tira-luz-luces-led-cob-lineal-cinco-metros-12voltios-_JM,https://www.google.com/search?q=%22INNOVALED%22%20Venezuela%20Barquisimeto%20(whatsapp%20OR%20instagram%20OR%20rif%20OR%20telefono%20OR%20tienda),Sí,2026-08-15T08:32:57.501Z
MLV709114674,Timbre Inalambrico Con Diferente Tonalidades Alcance 200 Mts,13.99,4.8,289,500,0,Sí,77 Innovación,MercadoLíder Platinum,10100,100,100000,98,14,https://www.mercadolibre.com.ve/tienda/77-innovacion,"Mun. Sucre (norte), Distrito Capital",Hogar y Muebles,Seguridad para el Hogar > Timbres,Hogar y Muebles > Seguridad para el Hogar > Timbres,After Market,After Market,Marca: After Market | Modelo: After Market | Voltaje: 120V | Cantidad de melodías: 60 | Distancia de cobertura: 200 m | Es inalámbrico: Sí | Es a prueba de agua: No | Incluye pila del transmisor: No | Incluye pilas del receptor: No,https://http2.mlstatic.com/D_NQ_NP_2X_789930-MLV70867534677_082023-F.webp,https://articulo.mercadolibre.com.ve/MLV-709114674-timbre-inalambrico-con-diferente-tonalidades-alcance-200-mts-_JM,https://www.google.com/search?q=%2277%20Innovaci%C3%B3n%22%20Venezuela%20Mun.%20Sucre%20(norte)%20(whatsapp%20OR%20instagram%20OR%20rif%20OR%20telefono%20OR%20tienda),Sí,2026-08-15T08:32:57.918Z
MLV847935818,Lampara Panel Led Superficial 36w Borde Infinito Redonda 65k Blanco,9.04,4.9,102,500,0,Sí,TITANIUM LED,MercadoLíder Platinum,240,25,1000,99,21,https://www.mercadolibre.com.ve/pagina/titaniumled,"Mun. Sucre (este), Distrito Capital",Hogar y Muebles,Iluminación para el Hogar > Lámparas > Lámparas de Techo,Hogar y Muebles > Iluminación para el Hogar > Lámparas > Lámparas de Techo,Genérica,Borde Infinito,Marca: Genérica | Modelo: Borde Infinito | Voltaje: 85/265V | Color de la estructura: Blanco | Color de la luz: Blanco frío | Temperatura de color: 6.500 K | Tipo de alimentación: Corriente eléctrica | Formato de la lámpara: Plafón | Es inalámbrico: No | Voltaje de la batería: 85 - 265V | Formato de venta: Unidad | Potencia: 36 W | Lugares de montaje: Techo | Materiales: plástico metal | Tipos de fuentes de luz: LED | Incluye focos: No,https://http2.mlstatic.com/D_NQ_NP_2X_643831-MLV84940596764_052025-F.webp,https://articulo.mercadolibre.com.ve/MLV-847935818-lampara-panel-led-superficial-36w-borde-infinito-redonda-65k-blanco-_JM,https://www.google.com/search?q=%22TITANIUM%20LED%22%20Venezuela%20(whatsapp%20OR%20instagram%20OR%20rif%20OR%20telefono%20OR%20tienda),Sí,2026-08-15T08:32:58.389Z
MLV766666323,Corredera Telescópica 50cm Con Freno Plateado,9.95,4.9,55,500,0,Sí,JMREFRIGERACION,MercadoLíder Gold,90,100,1000,99,4,https://www.mercadolibre.com.ve/pagina/jmrefrigeracion,"Mun. Sucre (este), Distrito Capital",Hogar y Muebles,Muebles para el Hogar > Accesorios y Repuestos > Rieles,Hogar y Muebles > Muebles para el Hogar > Accesorios y Repuestos > Rieles,Genérica,50 CM CON FRENOS,Marca: Genérica | Modelo: 50 CM CON FRENOS | Color: Plateado | Acabado: Metalizado,https://http2.mlstatic.com/D_NQ_NP_2X_635838-MLV79691471907_102024-F.webp,https://articulo.mercadolibre.com.ve/MLV-766666323-corredera-telescopica-50cm-con-freno-plateado-_JM,https://www.google.com/search?q=%22JMREFRIGERACION%22%20Venezuela%20Mun.%20Sucre%20(este)%20(whatsapp%20OR%20instagram%20OR%20rif%20OR%20telefono%20OR%20tienda),Sí,2026-08-15T08:32:58.833Z
MLV706985067,Control Remoto Original Nova1 Para Portones Eléctricos,9.25,4.8,11,1000,0,Sí,PROINTE CA,MercadoLíder Platinum,1000,100,10000,100,9,https://www.mercadolibre.com.ve/pagina/prointe,"Santiago Mariño, Aragua",Hogar y Muebles,Seguridad para el Hogar > Automatización para Portones > Controles Remotos para Portón,Hogar y Muebles > Seguridad para el Hogar > Automatización para Portones > Controles Remotos para Portón,Centurion,NOVA 1,Marca: Centurion | Modelo: NOVA 1 | Alcance máximo: 100 m | Frecuencia: 433.92Mhz | Cantidad de botones del control: 1 | Incluye pilas: Sí | Tipo de pilas: 23A,https://http2.mlstatic.com/D_NQ_NP_2X_873944-MLV83994700413_042025-F.webp,https://articulo.mercadolibre.com.ve/MLV-706985067-control-remoto-original-nova1-para-portones-electricos-_JM,https://www.google.com/search?q=%22PROINTE%20CA%22%20Venezuela%20Santiago%20Mari%C3%B1o%20(whatsapp%20OR%20instagram%20OR%20rif%20OR%20telefono%20OR%20tienda),Sí,2026-08-15T08:32:59.253Z
MLV706835009,"Purge Insecticida Natural, Mata Mosca Y Zancudos.",22,4.9,50,500,0,Sí,PABLO RODRIGUEZ2005,MercadoLíder,8,5,100,98,21,https://www.mercadolibre.com.ve/pagina/pablorodriguez2005,"Santiago Mariño, Aragua",Hogar y Muebles,Jardín y Aire Libre > Control de Plagas > Insecticidas,Hogar y Muebles > Jardín y Aire Libre > Control de Plagas > Insecticidas,Insect Control,N/A,Marca: Insect Control | Línea: Insecticida | Formato del insecticida: Aerosol | Tipos de insecto: Voladores ( moscas y zancudos ) | Volumen de la unidad: 350 mL | Volumen neto: 350 mL | Tipo de envase: Aerosol | Peso de la unidad: 265 g | Peso neto: 198 g | Formato de venta: Unidad,https://http2.mlstatic.com/D_NQ_NP_2X_909046-MLV105255797111_012026-F.webp,https://articulo.mercadolibre.com.ve/MLV-706835009-purge-insecticida-natural-mata-mosca-y-zancudos-_JM,https://www.google.com/search?q=%22PABLO%20RODRIGUEZ2005%22%20Venezuela%20Santiago%20Mari%C3%B1o%20(whatsapp%20OR%20instagram%20OR%20rif%20OR%20telefono%20OR%20tienda),Sí,2026-08-15T08:33:00.388Z
MLV831064256,Corredera Telescopica Sin Freno 45cm El Par Nova Herrajes Plateado,4.9,5,18,500,0,Sí,INNOVALED,MercadoLíder Platinum,5200,500,10000,100,18,https://www.mercadolibre.com.ve/tienda/innovaled,"Barquisimeto, Lara",Hogar y Muebles,Muebles para el Hogar > Accesorios y Repuestos > Rieles,Hogar y Muebles > Muebles para el Hogar > Accesorios y Repuestos > Rieles,NOVA HERRAJES,TELESCOPICA,Marca: NOVA HERRAJES | Modelo: TELESCOPICA | Color: Plateado | Acabado: Metalizado,https://http2.mlstatic.com/D_NQ_NP_2X_697095-MLV82742857528_032025-F.webp,https://articulo.mercadolibre.com.ve/MLV-831064256-corredera-telescopica-sin-freno-45cm-el-par-nova-herrajes-plateado-_JM,https://www.google.com/search?q=%22INNOVALED%22%20Venezuela%20Barquisimeto%20(whatsapp%20OR%20instagram%20OR%20rif%20OR%20telefono%20OR%20tienda),Sí,2026-08-15T08:33:00.830Z
MLV776755590,Lampara Reflector 50w 12v Aluminio Con Pinzas Caiman Azul Blanco Frío,3.77,0,0,500,0,Sí,INVERSIONES UNITECH,MercadoLíder Platinum,3500,1000,10000,99,13,https://www.mercadolibre.com.ve/pagina/americasonido2323,"Guanare, Portuguesa",Hogar y Muebles,Iluminación para el Hogar > Reflectores,Hogar y Muebles > Iluminación para el Hogar > Reflectores,NOVAPRO,Aluminio,Marca: NOVAPRO | Modelo: Aluminio | Potencia: 50 W | Voltaje: 12V | Color de la carcasa: Azul | Color de la luz: Blanco frío | Tipo de lámpara: LED | Tipo de instalación: Con pinzas | Con sensor de movimiento: No | Es inalámbrico: No,https://http2.mlstatic.com/D_NQ_NP_2X_940544-MLV72696541558_112023-F.webp,https://articulo.mercadolibre.com.ve/MLV-776755590-lampara-reflector-50w-12v-aluminio-con-pinzas-caiman-azul-blanco-frio-_JM,https://www.google.com/search?q=%22INVERSIONES%20UNITECH%22%20Venezuela%20(whatsapp%20OR%20instagram%20OR%20rif%20OR%20telefono%20OR%20tienda),Sí,2026-08-15T08:33:01.264Z
MLV562950981,4 Patas Cromadas Para Muebles 10 Cm,8,5,2,500,0,Sí,SPAZIOSCA,MercadoLíder Platinum,530,100,5000,100,14,https://www.mercadolibre.com.ve/pagina/spaziosca,"San Cristóbal,",Hogar y Muebles,Muebles para el Hogar > Accesorios y Repuestos > Patas para Muebles,Hogar y Muebles > Muebles para el Hogar > Accesorios y Repuestos > Patas para Muebles,Mobile,Cilíndrica cromada,"Marca: Mobile | Modelo: Cilíndrica cromada | Material: Acero | Usos recomendados: Camas, Muebles, etc | Unidades por envase: 4 | Altura x Largo x Ancho: 10 cm x 25.4 cm x 12.7 cm | Diámetro: 12,7 cm",https://http2.mlstatic.com/D_NQ_NP_2X_687406-MLV112935639669_062026-F.webp,https://articulo.mercadolibre.com.ve/MLV-562950981-4-patas-cromadas-para-muebles-10-cm-_JM,https://www.google.com/search?q=%22SPAZIOSCA%22%20Venezuela%20San%20Crist%C3%B3bal%20(whatsapp%20OR%20instagram%20OR%20rif%20OR%20telefono%20OR%20tienda),Sí,2026-08-15T08:33:01.746Z
MLV777599490,Estación Cebadera Para Roedores,7,4.9,54,500,0,Sí,Vendido por INVERSIONES_DMKE2025,MercadoLíder Gold,N/A,5,1000,99,9,https://listado.mercadolibre.com.ve/_CustId_255258083,"Mun. Libertador (Sur), Distrito Capital",Hogar y Muebles,Jardín y Aire Libre > Control de Plagas > Trampas > Trampas para Ratas,Hogar y Muebles > Jardín y Aire Libre > Control de Plagas > Trampas > Trampas para Ratas,Genérica,CB CERO UNO,Marca: Genérica | Modelo: CB CERO UNO | Tipo de trampa: ESTACION CEBADERA | Largo x Ancho x Profundidad: 23 cm x 13 cm x 7 cm | Altura: 7 cm | Es multicaptura: No | Es reutilizable: Sí | Es trampa de captura y liberación: No,https://http2.mlstatic.com/D_NQ_NP_2X_777151-MLV73064381497_112023-F.webp,https://articulo.mercadolibre.com.ve/MLV-777599490-estacion-cebadera-para-roedores-_JM,https://www.google.com/search?q=%22Vendido%20por%20INVERSIONES_DMKE2025%22%20Venezuela%20Mun.%20Libertador%20(Sur)%20(whatsapp%20OR%20instagram%20OR%20rif%20OR%20telefono%20OR%20tienda),Sí,2026-08-15T08:33:02.510Z
MLV788673148,Organizador Soporte De Limpieza Escobas Coletos Araganes,11.99,4.3,9,500,0,Sí,Masshopping,MercadoLíder Platinum,3300,500,100000,99,17,https://www.mercadolibre.com.ve/tienda/masshopping,"Barquisimeto, Lara",Hogar y Muebles,Cuidado del Hogar y Lavandería > Accesorios de Limpieza > Escobas,Hogar y Muebles > Cuidado del Hogar y Lavandería > Accesorios de Limpieza > Escobas,Genérica,N/A,Marca: Genérica | Color: Negro | Formato de venta: Unidad,https://http2.mlstatic.com/D_NQ_NP_2X_645505-MLV80655424394_112024-F.webp,https://articulo.mercadolibre.com.ve/MLV-788673148-organizador-soporte-de-limpieza-escobas-coletos-araganes-_JM,https://www.google.com/search?q=%22Masshopping%22%20Venezuela%20Barquisimeto%20(whatsapp%20OR%20instagram%20OR%20rif%20OR%20telefono%20OR%20tienda),Sí,2026-08-15T08:33:03.293Z
MLV715094659,Base Para Tubo Led T8 Tubo Doble 120cm Blanco,3.35,4.8,40,500,0,Sí,Sempiled,MercadoLíder Platinum,390,50,5000,100,6,https://www.mercadolibre.com.ve/tienda/sempiled,"Mun. Libertador (Noreste), Distrito Capital",Hogar y Muebles,Iluminación para el Hogar > Lámparas > Lámparas de Techo,Hogar y Muebles > Iluminación para el Hogar > Lámparas > Lámparas de Techo,Sempiled,Base Para Tubo Led T8 Tubo Doble 120cm,Marca: Sempiled | Modelo: Base Para Tubo Led T8 Tubo Doble 120cm | Voltaje: 120/220V | Color de la estructura: Blanco | Color de la luz: NA | Formato de venta: Unidad | Lugares de montaje: Techo | Materiales: Metal | Capacidad de focos: 2 | Tipo de alimentación: Corriente eléctrica | Formato de la lámpara: TUBULAR | Aplicaciones inteligentes compatibles: N | Es inalámbrico: No,https://http2.mlstatic.com/D_NQ_NP_2X_858962-MLV49804766601_042022-F.webp,https://articulo.mercadolibre.com.ve/MLV-715094659-base-para-tubo-led-t8-tubo-doble-120cm-blanco-_JM,https://www.google.com/search?q=%22Sempiled%22%20Venezuela%20Mun.%20Libertador%20(Noreste)%20(whatsapp%20OR%20instagram%20OR%20rif%20OR%20telefono%20OR%20tienda),Sí,2026-08-15T08:33:03.734Z
MLV574249731,Panel Led 3w Spot Ojo De Buey Luz Blanca Redondo Techo Ledon,2.52,5,2,500,0,Sí,INNOVALED,MercadoLíder Platinum,5200,500,10000,100,18,https://www.mercadolibre.com.ve/tienda/innovaled,"Barquisimeto, Lara",Hogar y Muebles,Iluminación para el Hogar > Lámparas > Lámparas de Techo,Hogar y Muebles > Iluminación para el Hogar > Lámparas > Lámparas de Techo,Innova Led,multivoltaje,Marca: Innova Led | Modelo: multivoltaje,https://http2.mlstatic.com/D_NQ_NP_2X_867513-MLV31872098267_082019-F.webp,https://articulo.mercadolibre.com.ve/MLV-574249731-panel-led-3w-spot-ojo-de-buey-luz-blanca-redondo-techo-ledon-_JM,https://www.google.com/search?q=%22INNOVALED%22%20Venezuela%20(whatsapp%20OR%20instagram%20OR%20rif%20OR%20telefono%20OR%20tienda),Sí,2026-08-15T08:33:04.201Z
MLV850121380,Lampara Panel Led Superficial 24w Borde Infinito Redonda 65k Blanco,7.68,4.9,77,500,0,Sí,TITANIUM LED,MercadoLíder Platinum,240,25,1000,99,21,https://www.mercadolibre.com.ve/pagina/titaniumled,"Mun. Sucre (este), Distrito Capital",Hogar y Muebles,Iluminación para el Hogar > Lámparas > Lámparas de Techo,Hogar y Muebles > Iluminación para el Hogar > Lámparas > Lámparas de Techo,Genérica,Borde Infinito,Marca: Genérica | Modelo: Borde Infinito | Voltaje: 85/265V | Color de la estructura: Blanco | Color de la luz: Blanco frío | Temperatura de color: 6.500 K | Tipo de alimentación: Corriente eléctrica | Formato de la lámpara: Plafón | Es inalámbrico: No | Voltaje de la batería: 85 - 265V | Formato de venta: Unidad | Potencia: 24 W | Lugares de montaje: Techo | Materiales: plástico metal | Tipos de fuentes de luz: LED | Incluye focos: No,https://http2.mlstatic.com/D_NQ_NP_2X_983948-MLV84946848530_052025-F.webp,https://articulo.mercadolibre.com.ve/MLV-850121380-lampara-panel-led-superficial-24w-borde-infinito-redonda-65k-blanco-_JM,https://www.google.com/search?q=%22TITANIUM%20LED%22%20Venezuela%20(whatsapp%20OR%20instagram%20OR%20rif%20OR%20telefono%20OR%20tienda),Sí,2026-08-15T08:33:05.392Z
MLV757521240,Lámpara Led Panel Redondo Superficial 18w 6500k Blanco,6.7,4.8,122,1000,0,Sí,Sempiled,MercadoLíder Platinum,390,50,5000,100,6,https://www.mercadolibre.com.ve/tienda/sempiled,"Mun. Libertador (Noreste), Distrito Capital",Hogar y Muebles,Iluminación para el Hogar > Lámparas > Lámparas de Techo,Hogar y Muebles > Iluminación para el Hogar > Lámparas > Lámparas de Techo,Sempiled,Superficial 18W,"Marca: Sempiled | Modelo: Superficial 18W | Voltaje: AC85-265V | Color de la estructura: Blanco | Color de la luz: Blanco frío | Temperatura de color: 6.500 K | Tipo de alimentación: Corriente eléctrica | Formato de la lámpara: Superficial | Aplicaciones inteligentes compatibles: No aplica | Es inalámbrico: No | Voltaje de la batería: No usa Bateria | Formato de venta: Unidad | Potencia: 18 W | Lugares de montaje: Techo | Materiales: Hierro, PVC | Tipos de fuentes de luz: LED | Capacidad de focos: 1",https://http2.mlstatic.com/D_NQ_NP_2X_850489-MLV102928166234_012026-F.webp,https://articulo.mercadolibre.com.ve/MLV-757521240-lampara-led-panel-redondo-superficial-18w-6500k-blanco-_JM,https://www.google.com/search?q=%22Sempiled%22%20Venezuela%20Mun.%20Libertador%20(Noreste)%20(whatsapp%20OR%20instagram%20OR%20rif%20OR%20telefono%20OR%20tienda),Sí,2026-08-15T08:33:05.811Z
MLV711957905,Lamparas Led Superficiales Redondas De 24w Blanco,6.8,4.9,253,1000,0,Sí,aldivzla,N/A,340,500,5000,99,6,https://www.mercadolibre.com.ve/pagina/anan,"Mun. Libertador (Sur), Distrito Capital",Hogar y Muebles,Iluminación para el Hogar > Lámparas > Lámparas de Techo,Hogar y Muebles > Iluminación para el Hogar > Lámparas > Lámparas de Techo,Aldi,24v,Marca: Aldi | Modelo: 24v | Voltaje: 85 - 265V | Color de la estructura: Blanco | Color de la luz: Blanca Fría | Temperatura de color: 6.500 K | Formato de venta: Unidad | Potencia: 24 W | Lugares de montaje: Techo | Tipos de fuentes de luz: LED | Incluye focos: Sí | Tipo de alimentación: Corriente doméstica | Formato de la lámpara: Panel | Es inalámbrico: No | Forma: Redonda,https://http2.mlstatic.com/D_NQ_NP_2X_826729-MLV92980569624_092025-F.webp,https://articulo.mercadolibre.com.ve/MLV-711957905-lamparas-led-superficiales-redondas-de-24w-blanco-_JM,https://www.google.com/search?q=%22aldivzla%22%20Venezuela%20Mun.%20Libertador%20(Sur)%20(whatsapp%20OR%20instagram%20OR%20rif%20OR%20telefono%20OR%20tienda),Sí,2026-08-15T08:33:06.249Z
MLV712936555,Bombillo Inteligente Daybetter Wifi Alexa Google Rgb Multicolor,10,4.9,164,500,0,Sí,Vendido por TECNOPEPIN,MercadoLíder Platinum,N/A,100,10000,100,15,https://listado.mercadolibre.com.ve/_CustId_35442627,"Mun. Libertador (Sureste), Distrito Capital",Hogar y Muebles,Iluminación para el Hogar > Bombillos,Hogar y Muebles > Iluminación para el Hogar > Bombillos,Daybetter,800 lm,"Temperatura de color: 6.500 K | Flujo luminoso: 800 lm | Tipos de rosca: E27 | Forma: Bulbo | Con Wi-Fi: Sí | Aplicaciones inteligentes compatibles: Smart Life, Tuya | Marca: Daybetter | Modelo: 800 lm | Tecnología de iluminación: LED | Potencia: 9 W | Voltaje: 120V | Color de la luz: Multicolor | Tecnología de iluminación: LED | Color de la luz: Multicolor | Forma: Bulbo",https://http2.mlstatic.com/D_NQ_NP_2X_855817-MLV69396284811_052023-F.webp,https://articulo.mercadolibre.com.ve/MLV-712936555-bombillo-inteligente-daybetter-wifi-alexa-google-rgb-multicolor-_JM,https://www.google.com/search?q=%22Vendido%20por%20TECNOPEPIN%22%20Venezuela%20Mun.%20Libertador%20(Sureste)%20(whatsapp%20OR%20instagram%20OR%20rif%20OR%20telefono%20OR%20tienda),Sí,2026-08-15T08:33:06.682Z
MLV582314269,Deslizadores Plásticos Patas Para Muebles Negro,3,4.9,85,500,0,Sí,NEGOCIOS1999,MercadoLíder Platinum,400,100,5000,99,16,https://www.mercadolibre.com.ve/pagina/negocios1999,"Caracas, Distrito Capital",Hogar y Muebles,Muebles para el Hogar > Accesorios y Repuestos > Patas para Muebles,Hogar y Muebles > Muebles para el Hogar > Accesorios y Repuestos > Patas para Muebles,Plasticos,N/A,Marca: Plasticos | Color: Negro | Altura: 2 cm | Material: Plástico,https://http2.mlstatic.com/D_NQ_NP_2X_942047-MLV86142950058_062025-F.webp,https://articulo.mercadolibre.com.ve/MLV-582314269-deslizadores-plasticos-patas-para-muebles-negro-_JM,https://www.google.com/search?q=%22NEGOCIOS1999%22%20Venezuela%20Caracas%20(whatsapp%20OR%20instagram%20OR%20rif%20OR%20telefono%20OR%20tienda),Sí,2026-08-15T08:33:07.158Z
MLV464595358,Ojo De Buey Led Para Empotrar Lampara Luz Blanca,4.9,5,1,500,0,Sí,INNOVALED,MercadoLíder Platinum,5200,500,10000,100,18,https://www.mercadolibre.com.ve/tienda/innovaled,"Barquisimeto, Lara",Hogar y Muebles,Iluminación para el Hogar > Lámparas > Lámparas de Techo,Hogar y Muebles > Iluminación para el Hogar > Lámparas > Lámparas de Techo,Innova Led,Techo,Marca: Innova Led | Modelo: Techo | Voltaje: 85-265 | Color de la estructura: Blanco | Tipo de alimentación: 85-265 | Potencia: 3 W | Lugares de montaje: Techo | Materiales: Aluminio | Tipos de fuentes de luz: LED | Capacidad de focos: 1 | Incluye focos: Sí,https://http2.mlstatic.com/D_NQ_NP_2X_945102-MLV40103502411_122019-F.webp,https://articulo.mercadolibre.com.ve/MLV-464595358-ojo-de-buey-led-para-empotrar-lampara-luz-blanca-_JM,https://www.google.com/search?q=%22INNOVALED%22%20Venezuela%20Barquisimeto%20(whatsapp%20OR%20instagram%20OR%20rif%20OR%20telefono%20OR%20tienda),Sí,2026-08-15T08:33:07.910Z
MLV743182189,Control 2 Botones Nova Para Portón Eléctrico,11.88,4.8,156,500,0,Sí,IMPORTADORADETODO2012,MercadoLíder Platinum,250,100,5000,99,11,https://www.mercadolibre.com.ve/pagina/importadoradetodo2012,"Mun. Sucre (norte), Distrito Capital",Hogar y Muebles,Seguridad para el Hogar > Automatización para Portones > Controles Remotos para Portón,Hogar y Muebles > Seguridad para el Hogar > Automatización para Portones > Controles Remotos para Portón,Nova,2,Marca: Nova | Modelo: 2 | Cantidad de botones del control: 2,https://http2.mlstatic.com/D_NQ_NP_2X_827542-MLV71828366683_092023-F.webp,https://articulo.mercadolibre.com.ve/MLV-743182189-control-2-botones-nova-para-porton-electrico-_JM,https://www.google.com/search?q=%22IMPORTADORADETODO2012%22%20Venezuela%20(whatsapp%20OR%20instagram%20OR%20rif%20OR%20telefono%20OR%20tienda),Sí,2026-08-15T08:33:08.375Z
MLV703923070,Patas De Metal Cromadas Para Muebles Camas Box De 5cm,2,4.8,86,500,0,Sí,NEGOCIOS1999,MercadoLíder Platinum,400,100,5000,99,16,https://www.mercadolibre.com.ve/pagina/negocios1999,"Caracas, Distrito Capital",Hogar y Muebles,Muebles para el Hogar > Accesorios y Repuestos > Patas para Muebles,Hogar y Muebles > Muebles para el Hogar > Accesorios y Repuestos > Patas para Muebles,N/A,N/A,"Altura x Largo x Ancho: 5 cm x 6.5 cm x 5.5 cm | Diámetro: 6,5 cm | Material: Metal",https://http2.mlstatic.com/D_NQ_NP_2X_826717-MLV52250287941_112022-F.webp,https://articulo.mercadolibre.com.ve/MLV-703923070-patas-de-metal-cromadas-para-muebles-camas-box-de-5cm-_JM,https://www.google.com/search?q=%22NEGOCIOS1999%22%20Venezuela%20Caracas%20(whatsapp%20OR%20instagram%20OR%20rif%20OR%20telefono%20OR%20tienda),Sí,2026-08-15T08:33:08.808Z
MLV466225620,Lampara Led Jardin Exterior Escalera Pared Empotrar,8.4,5,1,500,0,Sí,INNOVALED,MercadoLíder Platinum,5200,500,10000,100,18,https://www.mercadolibre.com.ve/tienda/innovaled,"Barquisimeto, Lara",Hogar y Muebles,Iluminación para el Hogar > Lámparas > Lámparas de Pared,Hogar y Muebles > Iluminación para el Hogar > Lámparas > Lámparas de Pared,Innova Led,Exterior,Marca: Innova Led | Modelo: Exterior,https://http2.mlstatic.com/D_NQ_NP_2X_720590-MLV40091655226_122019-F.webp,https://articulo.mercadolibre.com.ve/MLV-466225620-lampara-led-jardin-exterior-escalera-pared-empotrar-_JM,https://www.google.com/search?q=%22INNOVALED%22%20Venezuela%20(whatsapp%20OR%20instagram%20OR%20rif%20OR%20telefono%20OR%20tienda),Sí,2026-08-15T08:33:09.332Z
MLV569990847,Pata Cromada Acero Inoxidable 20cm Para Muebles,5.22,4.9,54,500,0,Sí,SPAZIOSCA,MercadoLíder Platinum,530,100,5000,100,14,https://www.mercadolibre.com.ve/pagina/spaziosca,"San Cristóbal,",Hogar y Muebles,Muebles para el Hogar > Accesorios y Repuestos > Patas para Muebles,Hogar y Muebles > Muebles para el Hogar > Accesorios y Repuestos > Patas para Muebles,Mobile,Cilíndrica,Marca: Mobile | Modelo: Cilíndrica | Material: Acero inoxidable | Usos recomendados: muebles varios | Estilo: Clásico | Formato de venta: Unidad | Altura: 20 cm,https://http2.mlstatic.com/D_NQ_NP_2X_761226-MLV71555408796_092023-F.webp,https://articulo.mercadolibre.com.ve/MLV-569990847-pata-cromada-acero-inoxidable-20cm-para-muebles-_JM,https://www.google.com/search?q=%22SPAZIOSCA%22%20Venezuela%20San%20Crist%C3%B3bal%20(whatsapp%20OR%20instagram%20OR%20rif%20OR%20telefono%20OR%20tienda),Sí,2026-08-15T08:33:09.766Z
MLV756805160,Caja Logística Multiuso 60 Litros A1,24.99,4.9,83,1000,0,Sí,corpdondomingo,MercadoLíder Platinum,200,5,1000,98,18,https://www.mercadolibre.com.ve/pagina/corp_don_domingo,"Barquisimeto, Lara",Hogar y Muebles,Organización para el Hogar > Cajas,Hogar y Muebles > Organización para el Hogar > Cajas,A1,Caja Logística o multiuso,"Marca: A1 | Modelo: Caja Logística o multiuso | Largo x Ancho x Altura: 56 cm x 43 cm x 35 cm | Capacidad en peso: 3,2 kg | Material: Plástico | Con tapa: Sí",https://http2.mlstatic.com/D_NQ_NP_2X_893629-MLV77917598388_082024-F.webp,https://articulo.mercadolibre.com.ve/MLV-756805160-caja-logistica-multiuso-60-litros-a1-_JM,https://www.google.com/search?q=%22corpdondomingo%22%20Venezuela%20Barquisimeto%20(whatsapp%20OR%20instagram%20OR%20rif%20OR%20telefono%20OR%20tienda),Sí,2026-08-15T08:33:10.208Z
MLV575068416,Brazo Gato Hidráulico Para Cocina O Gabinete 80n 100n 120n,3,4.8,157,1000,0,Sí,INVERSIONES RUSKYMAR CA,MercadoLíder Platinum,240,100,5000,100,8,https://www.mercadolibre.com.ve/pagina/inversionesruskymarca,"Mun. Sucre (este), Distrito Capital",Hogar y Muebles,Seguridad para el Hogar > Herrajes de Seguridad > Brazos Hidráulicos,Hogar y Muebles > Seguridad para el Hogar > Herrajes de Seguridad > Brazos Hidráulicos,Rosmy,Hidráulico,Marca: Rosmy | Modelo: Hidráulico | Color: Gris | Con velocidad regulable: No | Peso mínimo soportado: 8 kg | Peso máximo soportado: 12 kg,https://http2.mlstatic.com/D_NQ_NP_2X_623369-MLV108422714393_032026-F.webp,https://articulo.mercadolibre.com.ve/MLV-575068416-brazo-gato-hidraulico-para-cocina-o-gabinete-80n-100n-120n-_JM,https://www.google.com/search?q=%22INVERSIONES%20RUSKYMAR%20CA%22%20Venezuela%20Mun.%20Sucre%20(este)%20(whatsapp%20OR%20instagram%20OR%20rif%20OR%20telefono%20OR%20tienda),Sí,2026-08-15T08:33:10.659Z
MLV577587765,Metylosa Supergel Pega Papel Tapiz Y Para Construcción,6.2,4.9,206,1000,0,Sí,Vendido por DECORAHOGARVZLA,N/A,N/A,1,500,100,16,https://listado.mercadolibre.com.ve/_CustId_7307558,"Mun. Chacao (sur), Distrito Capital",Hogar y Muebles,Adornos y Decoración del Hogar > Otros,Hogar y Muebles > Adornos y Decoración del Hogar > Otros,METYLOSA SUPERGEL,N/A,Fabricante: Metylosa | Marca: METYLOSA SUPERGEL,https://http2.mlstatic.com/D_NQ_NP_2X_600784-MLV42791530025_072020-F.webp,https://articulo.mercadolibre.com.ve/MLV-577587765-metylosa-supergel-pega-papel-tapiz-y-para-construccion-_JM,https://www.google.com/search?q=%22Vendido%20por%20DECORAHOGARVZLA%22%20Venezuela%20Mun.%20Chacao%20(sur)%20(whatsapp%20OR%20instagram%20OR%20rif%20OR%20telefono%20OR%20tienda),Sí,2026-08-15T08:33:11.104Z
MLV465546490,Puff Niños Y Hasta Personas De 150cm De Alto De 3kilos,30,4.8,99,500,0,Sí,INVERSIONESJAYCLACA,MercadoLíder Gold,210,50,1000,100,10,https://www.mercadolibre.com.ve/pagina/inversionesjayclac.a.2013,"Mun. Chacao (sur), Distrito Capital",Hogar y Muebles,"Muebles para el Hogar > Sillas, Sofás y Taburetes > Puffs","Hogar y Muebles > Muebles para el Hogar > Sillas, Sofás y Taburetes > Puffs",JAYCLA,Pera personas 150 de altura,Marca: JAYCLA | Modelo: Pera personas 150 de altura | Diseño de la tela: ESTANPADO Y UNICOLOR | Altura x Largo x Ancho: 1.15 m x 83 cm x 83 cm | Forma: Tipo Pera | Tipo de puf: relleno de anime | Es plegable: No | Con patas: No | Cantidad de patas: 0 | Peso máximo soportado: 120 kg | Estilo: Clásico,https://http2.mlstatic.com/D_NQ_NP_2X_834008-MLV82682196689_022025-F.webp,https://articulo.mercadolibre.com.ve/MLV-465546490-puff-ninos-y-hasta-personas-de-150cm-de-alto-de-3kilos-_JM,https://www.google.com/search?q=%22INVERSIONESJAYCLACA%22%20Venezuela%20(whatsapp%20OR%20instagram%20OR%20rif%20OR%20telefono%20OR%20tienda),Sí,2026-08-15T08:33:11.571Z
MLV807795160,Caja Apilable Organizadora Grande Negro Lisa,7.8,5,20,500,0,Sí,FERRE FERMANCA,N/A,1300,500,10000,99,11,https://www.mercadolibre.com.ve/pagina/ferrefermanca,"Barquisimeto, Lara",Hogar y Muebles,"Adornos y Decoración del Hogar > Cajas, Cajones y Canastos > Cajas Decoradas","Hogar y Muebles > Adornos y Decoración del Hogar > Cajas, Cajones y Canastos > Cajas Decoradas",Genérica,Grande,Marca: Genérica | Modelo: Grande | Color: Negro | Nombre del diseño: Lisa | Formato de venta: Unidad | Largo x Ancho x Altura: 36 cm x 21 cm x 18 cm | Material: Plástico | Con tapa: No,https://http2.mlstatic.com/D_NQ_NP_2X_819568-MLV90185565064_082025-F.webp,https://articulo.mercadolibre.com.ve/MLV-807795160-caja-apilable-organizadora-grande-negro-lisa-_JM,https://www.google.com/search?q=%22FERRE%20FERMANCA%22%20Venezuela%20(whatsapp%20OR%20instagram%20OR%20rif%20OR%20telefono%20OR%20tienda),Sí,2026-08-15T08:33:12.232Z
MLV814526068,Proyector De Galaxia Astronauta Lampara De Noche,17,4.9,226,500,0,Sí,AVZIMPORT,MercadoLíder Platinum,1900,500,10000,100,3,https://www.mercadolibre.com.ve/pagina/avzimport,"Mun. Libertador (Centro), Distrito Capital",Hogar y Muebles,Iluminación para el Hogar > Lámparas > Lámparas de Mesa,Hogar y Muebles > Iluminación para el Hogar > Lámparas > Lámparas de Mesa,Genérica,Astro,Marca: Genérica | Modelo: Astro | Color De La Pantalla: Negro | Con USB: Sí | Con Wi-Fi: No,https://http2.mlstatic.com/D_NQ_NP_2X_926551-MLV96395714111_102025-F.webp,https://articulo.mercadolibre.com.ve/MLV-814526068-proyector-de-galaxia-astronauta-lampara-de-noche-_JM,https://www.google.com/search?q=%22AVZIMPORT%22%20Venezuela%20Mun.%20Libertador%20(Centro)%20(whatsapp%20OR%20instagram%20OR%20rif%20OR%20telefono%20OR%20tienda),Sí,2026-08-15T08:33:12.739Z
MLV792043580,Plaquitas Para Aparato Emanador Electró Repele Mata Zancudos,2.5,4.9,58,500,0,Sí,DISTRIBUIDORA EDMIDIMAR CA,MercadoLíder Platinum,1500,100,10000,100,16,https://www.mercadolibre.com.ve/pagina/distribuidoraedmidimar_c.a,"Girardot (Maracay), Aragua",Hogar y Muebles,Jardín y Aire Libre > Control de Plagas > Repelentes > Aparatos Repelentes,Hogar y Muebles > Jardín y Aire Libre > Control de Plagas > Repelentes > Aparatos Repelentes,SHENKE,Antizancudo Anti Mosquito,Marca: SHENKE | Fabricante: SHENKE | Modelo: Antizancudo Anti Mosquito | Formato del repelente: Tableta | Tipo de alimentación: Plaquita | Voltaje: 120/220V | Formato de venta: Unidad | Incluye repelentes: Sí,https://http2.mlstatic.com/D_NQ_NP_2X_868863-MLV93442404402_092025-F.webp,https://articulo.mercadolibre.com.ve/MLV-792043580-plaquitas-para-aparato-emanador-electro-repele-mata-zancudos-_JM,https://www.google.com/search?q=%22DISTRIBUIDORA%20EDMIDIMAR%20CA%22%20Venezuela%20Girardot%20(Maracay)%20(whatsapp%20OR%20instagram%20OR%20rif%20OR%20telefono%20OR%20tienda),Sí,2026-08-15T08:33:13.221Z
MLV791043980,Rodapie Moldura De Pvc Para Piso Marron Gris Blanco 240cm,14,5,19,500,0,Sí,INNOVALED,MercadoLíder Platinum,5200,500,10000,100,18,https://www.mercadolibre.com.ve/tienda/innovaled,"Barquisimeto, Lara",Hogar y Muebles,Adornos y Decoración del Hogar > Otros,Hogar y Muebles > Adornos y Decoración del Hogar > Otros,MECAFLOOR,N/A,Marca: MECAFLOOR,https://http2.mlstatic.com/D_NQ_NP_2X_766965-MLV75533925512_042024-F.webp,https://articulo.mercadolibre.com.ve/MLV-791043980-rodapie-moldura-de-pvc-para-piso-marron-gris-blanco-240cm-_JM,https://www.google.com/search?q=%22INNOVALED%22%20Venezuela%20Barquisimeto%20(whatsapp%20OR%20instagram%20OR%20rif%20OR%20telefono%20OR%20tienda),Sí,2026-08-15T08:33:13.659Z
MLV701165611,Zocalo Parabichos Puertas Cubre Puerta,5,4.8,464,1000,0,Sí,JOC STORE,MercadoLíder Platinum,2000,100,10000,100,15,https://www.mercadolibre.com.ve/pagina/jocstore,"Barquisimeto, Lara",Hogar y Muebles,Otros,Hogar y Muebles > Otros,N/A,N/A,Fabricante: JOC SMART ENERGY,https://http2.mlstatic.com/D_NQ_NP_2X_671035-MLV72021363920_102023-F.webp,https://articulo.mercadolibre.com.ve/MLV-701165611-zocalo-parabichos-puertas-cubre-puerta-_JM,https://www.google.com/search?q=%22JOC%20STORE%22%20Venezuela%20Barquisimeto%20(whatsapp%20OR%20instagram%20OR%20rif%20OR%20telefono%20OR%20tienda),Sí,2026-08-15T08:33:14.104Z
MLV763486548,Tubo Led T8 18w 120cm Lucerna Blanco Frío,2.9,4.9,40,1000,0,Sí,INVERSIONES ANIBETH,MercadoLíder,60,100,1000,100,17,https://www.mercadolibre.com.ve/pagina/inversionesanibeth,"Mun. Libertador (Oeste), Distrito Capital",Hogar y Muebles,Iluminación para el Hogar > Bombillos,Hogar y Muebles > Iluminación para el Hogar > Bombillos,Lucerna,T8,Temperatura de color: 6.500 K | Marca: Lucerna | Modelo: T8 | Tecnología de iluminación: LED | Potencia: 18 W | Voltaje: 110 | Color de la luz: Blanco frío | Tecnología de iluminación: LED | Color de la luz: Blanco frío,https://http2.mlstatic.com/D_NQ_NP_2X_961513-MLV114155465293_072026-F.webp,https://articulo.mercadolibre.com.ve/MLV-763486548-tubo-led-t8-18w-120cm-lucerna-blanco-frio-_JM,https://www.google.com/search?q=%22INVERSIONES%20ANIBETH%22%20Venezuela%20(whatsapp%20OR%20instagram%20OR%20rif%20OR%20telefono%20OR%20tienda),Sí,2026-08-15T08:33:14.549Z
MLV725718321,Lampara Led Superficial Redonda 12w Luz Blanca Blanco,3.5,4.8,89,500,0,Sí,aldivzla,N/A,340,500,5000,99,6,https://www.mercadolibre.com.ve/pagina/anan,"Mun. Libertador (Sur), Distrito Capital",Hogar y Muebles,Iluminación para el Hogar > Lámparas > Lámparas de Techo,Hogar y Muebles > Iluminación para el Hogar > Lámparas > Lámparas de Techo,Aldi,12W,Marca: Aldi | Modelo: 12W | Voltaje: 85 - 265V | Color de la estructura: Blanco | Color de la luz: Blanca Fría | Temperatura de color: 6.500 K | Formato de venta: Unidad | Potencia: 12 W | Lugares de montaje: Techo | Tipos de fuentes de luz: LED | Incluye focos: Sí | Formato de la lámpara: Panel | Es inalámbrico: No | Forma: Redonda,https://http2.mlstatic.com/D_NQ_NP_2X_954871-MLV86413092841_062025-F.webp,https://articulo.mercadolibre.com.ve/MLV-725718321-lampara-led-superficial-redonda-12w-luz-blanca-blanco-_JM,https://www.google.com/search?q=%22aldivzla%22%20Venezuela%20Mun.%20Libertador%20(Sur)%20(whatsapp%20OR%20instagram%20OR%20rif%20OR%20telefono%20OR%20tienda),Sí,2026-08-15T08:33:14.982Z
MLV708700325,Alcayata Con Cajetin Para Hamaca De Empotrar Por Par,17.99,5,6,500,0,Sí,ZIO,N/A,2600,100,10000,98,6,https://www.mercadolibre.com.ve/tienda/zio,"Mun. Baruta (norte), Distrito Capital",Hogar y Muebles,Otros,Hogar y Muebles > Otros,ZIO,N/A,Fabricante: Genérica | Marca: ZIO | Incluye manual de ensamblado: No,https://http2.mlstatic.com/D_NQ_NP_2X_858770-MLV48850183012_012022-F.webp,https://articulo.mercadolibre.com.ve/MLV-708700325-alcayata-con-cajetin-para-hamaca-de-empotrar-por-par-_JM,https://www.google.com/search?q=%22ZIO%22%20Venezuela%20Mun.%20Baruta%20(norte)%20(whatsapp%20OR%20instagram%20OR%20rif%20OR%20telefono%20OR%20tienda),Sí,2026-08-15T08:33:15.905Z
MLV716212015,Cortina Para Baño. Tela Impermeable,9,4.9,176,500,0,Sí,Vendido por CREACIONES_ F.C,MercadoLíder,N/A,25,1000,99,12,https://listado.mercadolibre.com.ve/_CustId_147336997,"Barquisimeto, Lara",Hogar y Muebles,Baños > Barras y Cortinas de Baño > Cortinas,Hogar y Muebles > Baños > Barras y Cortinas de Baño > Cortinas,Impermeable,Presillas,Marca: Impermeable | Línea: Tela Impermeable | Modelo: Presillas | Nombre Del Diseño: Liso | Largo x Ancho: 1.8 cm x 1.45 cm | Material: Impermeable | Es antihongos: Sí | Es apto para lavadora: Sí | Accesorios incluidos: No incluye,https://http2.mlstatic.com/D_NQ_NP_2X_627763-MLV52879483085_122022-F.webp,https://articulo.mercadolibre.com.ve/MLV-716212015-cortina-para-bano-tela-impermeable-_JM,https://www.google.com/search?q=%22Vendido%20por%20CREACIONES_%20F.C%22%20Venezuela%20(whatsapp%20OR%20instagram%20OR%20rif%20OR%20telefono%20OR%20tienda),Sí,2026-08-15T08:33:16.357Z
MLV710993470,Tirador Manilla Acero Inoxidable 15 Cm (par),3.8,5,47,500,0,Sí,SPAZIOSCA,MercadoLíder Platinum,530,100,5000,100,14,https://www.mercadolibre.com.ve/pagina/spaziosca,"San Cristóbal,",Hogar y Muebles,Muebles para el Hogar > Accesorios y Repuestos > Tiradores,Hogar y Muebles > Muebles para el Hogar > Accesorios y Repuestos > Tiradores,Mobile,Tubular,"Fabricante: Mobile | Marca: Mobile | Modelo: Tubular | Acabado: Cepillado | Material: Acero inoxidable | Forma: Circular | Usos recomendados: Varios | Distancia entre agujeros de montaje: 9,6 cm | Incluye kit de instalación: Sí | Estilo: Clásico | Accesorios incluidos: Tornillos | Formato de venta: Pack | Unidades por pack: 2 | Largo: 15 cm | Altura: 2 cm | Profundidad: 15 cm | Diámetro: 1 cm",https://http2.mlstatic.com/D_NQ_NP_2X_643824-MLV54035091392_022023-F.webp,https://articulo.mercadolibre.com.ve/MLV-710993470-tirador-manilla-acero-inoxidable-15-cm-par-_JM,https://www.google.com/search?q=%22SPAZIOSCA%22%20Venezuela%20San%20Crist%C3%B3bal%20(whatsapp%20OR%20instagram%20OR%20rif%20OR%20telefono%20OR%20tienda),Sí,2026-08-15T08:33:16.831Z
MLV804239586,Tirador Manilla Pomo Cocinas Closeth Gavetas (par),3.8,5,117,500,0,Sí,SPAZIOSCA,MercadoLíder Platinum,520,100,5000,100,14,https://www.mercadolibre.com.ve/pagina/spaziosca,"San Cristóbal,",Hogar y Muebles,Muebles para el Hogar > Accesorios y Repuestos > Tiradores,Hogar y Muebles > Muebles para el Hogar > Accesorios y Repuestos > Tiradores,Mobile,Te,Marca: Mobile | Modelo: Te | Acabado: Mate | Nombre Del Diseño: Tee | Material: Acero | Forma: Tee | Usos recomendados: Cocina baños muebles | Incluye kit de instalación: Sí | Estilo: Clásico | Accesorios incluidos: Tornillo | Formato de venta: Pack | Unidades por pack: 2 | Largo: 5 cm | Altura: 2 cm | Profundidad: 1 cm | Diámetro: 1 cm,https://http2.mlstatic.com/D_NQ_NP_2X_846292-MLV78362712491_082024-F.webp,https://articulo.mercadolibre.com.ve/MLV-804239586-tirador-manilla-pomo-cocinas-closeth-gavetas-par-_JM,https://www.google.com/search?q=%22SPAZIOSCA%22%20Venezuela%20(whatsapp%20OR%20instagram%20OR%20rif%20OR%20telefono%20OR%20tienda),Sí,2026-08-15T08:33:17.288Z
MLV774731088,Tirador Tubular Manilla 15 Cm Cocina Closeth Gavetas,2,4.9,55,500,0,Sí,SPAZIOSCA,MercadoLíder Platinum,520,100,5000,100,14,https://www.mercadolibre.com.ve/pagina/spaziosca,"San Cristóbal,",Hogar y Muebles,Muebles para el Hogar > Accesorios y Repuestos > Tiradores,Hogar y Muebles > Muebles para el Hogar > Accesorios y Repuestos > Tiradores,Genérico,Tubular,"Marca: Genérico | Modelo: Tubular | Acabado: Pulido | Nombre Del Diseño: Tee | Material: Acero | Forma: Tubular | Usos recomendados: Cocinas muebles de baño | Distancia entre agujeros de montaje: 9,6 cm | Incluye kit de instalación: Sí | Estilo: Clásico | Accesorios incluidos: Tornillos | Formato de venta: Unidad | Largo: 15 cm | Altura: 3 cm | Profundidad: 15 cm | Diámetro: 1 cm",https://http2.mlstatic.com/D_NQ_NP_2X_852832-MLV114112338308_082026-F.webp,https://articulo.mercadolibre.com.ve/MLV-774731088-tirador-tubular-manilla-15-cm-cocina-closeth-gavetas-_JM,https://www.google.com/search?q=%22SPAZIOSCA%22%20Venezuela%20(whatsapp%20OR%20instagram%20OR%20rif%20OR%20telefono%20OR%20tienda),Sí,2026-08-15T08:33:17.748Z
MLV582314675,Patas Para Muebles Cromadas De Metal 10cm Con Soporte,2,4.9,80,500,0,Sí,NEGOCIOS1999,MercadoLíder Platinum,400,100,5000,99,16,https://www.mercadolibre.com.ve/pagina/negocios1999,"Caracas, Distrito Capital",Hogar y Muebles,Muebles para el Hogar > Accesorios y Repuestos > Patas para Muebles,Hogar y Muebles > Muebles para el Hogar > Accesorios y Repuestos > Patas para Muebles,N/A,N/A,Altura x Largo x Ancho: 10 cm x 6 cm x 5 cm | Diámetro: 14 cm | Material: Metal,https://http2.mlstatic.com/D_NQ_NP_2X_944419-MLV89356951040_082025-F.webp,https://articulo.mercadolibre.com.ve/MLV-582314675-patas-para-muebles-cromadas-de-metal-10cm-con-soporte-_JM,https://www.google.com/search?q=%22NEGOCIOS1999%22%20Venezuela%20(whatsapp%20OR%20instagram%20OR%20rif%20OR%20telefono%20OR%20tienda),Sí,2026-08-15T08:33:18.174Z
MLV765229677,Placa De Desarrollo Tipo Arduino Uno R3 Ch340 Atmega328p,7.75,5,2,500,0,Sí,PCZATELCA,MercadoLíder Platinum,280,100,10000,100,11,https://www.mercadolibre.com.ve/pagina/pczatelca,Mun. Libertador (,"Electrónica, Audio y Video",Componentes Electrónicos > Placas de Microcontroladores,"Electrónica, Audio y Video > Componentes Electrónicos > Placas de Microcontroladores",Genérica,R3,Marca: Genérica | Modelo: R3 | Microcontrolador: ATmega328P | Voltaje de funcionamiento: 5V | Voltaje de entrada recomendado: 5v | Voltaje de entrada límite: 12v | Frecuencia del reloj: 16 MHz | Capacidad de la memoria flash: 32 KB | Capacidad SRAM: 2 KB | Capacidad de EEPROM: 1 KB | Cantidad de entradas análogas: 6 | Cantidad de pines digitales de entrada y salida: 14 | Incluye cable USB: Sí | Largo x Ancho x Altura: 6.9 cm x 5.3 cm x 0.3 cm | Peso: 44 g,https://http2.mlstatic.com/D_NQ_NP_2X_775167-MLV79727957567_102024-F.webp,https://articulo.mercadolibre.com.ve/MLV-765229677-placa-de-desarrollo-tipo-arduino-uno-r3-ch340-atmega328p-_JM,https://www.google.com/search?q=%22PCZATELCA%22%20Venezuela%20Mun.%20Libertador%20(%20(whatsapp%20OR%20instagram%20OR%20rif%20OR%20telefono%20OR%20tienda),Sí,2026-08-15T08:33:18.607Z
MLV764820726,Interruptor Inteligente Sin Neutro Wifi De 1 Apagador Blanco,15,4.8,356,1000,0,Sí,KMDIGITAL08,MercadoLíder Platinum,270,50,5000,99,16,https://www.mercadolibre.com.ve/pagina/kmdigital08,"Mun. Libertador (Suroeste), Distrito Capital",Construcción,Electricidad > Interruptores y Enchufes > Interruptores > Interruptores Eléctricos,Construcción > Electricidad > Interruptores y Enchufes > Interruptores > Interruptores Eléctricos,Km iluminación,N/A,Marca: Km iluminación | Tipo de interruptor: Comando táctil | Color: Blanco | Potencia nominal: 1 kW | Voltaje nominal: 90V | Con Wi-Fi: Sí | Aplicaciones compatibles: Google Home,https://http2.mlstatic.com/D_NQ_NP_2X_704558-MLV71397745587_082023-F.webp,https://articulo.mercadolibre.com.ve/MLV-764820726-interruptor-inteligente-sin-neutro-wifi-de-1-apagador-blanco-_JM,https://www.google.com/search?q=%22KMDIGITAL08%22%20Venezuela%20Mun.%20Libertador%20(Suroeste)%20(whatsapp%20OR%20instagram%20OR%20rif%20OR%20telefono%20OR%20tienda),Sí,2026-08-15T08:33:19.043Z
MLV567395387,Peso Balanza Digital Romana Industrial 200kg Batería Recarga Gris,67.37,4.8,141,500,0,Sí,FIMA9431673,MercadoLíder Gold,190,100,1000,99,6,https://www.mercadolibre.com.ve/pagina/fima9431673,"Mun. Libertador (Suroeste), Distrito Capital",Industrias,Equipamiento para Comercios > Balanzas > Comerciales,Industrias > Equipamiento para Comercios > Balanzas > Comerciales,American Boss,N/A,Marca: American Boss | Línea: Electrónico | Voltaje: 110V | Color: Gris | Con teclado: Sí | Con tecla tara: Sí | Con impresora: No | Con mástil: Sí | Tipo de producto: Comercial | Tipo de pantalla de la balanza digital: LCD | Largo de la superficie de apoyo: 50 cm | Con tecla tara: Sí | Con impresora: No,https://http2.mlstatic.com/D_NQ_NP_2X_635282-MLV53015387526_122022-F.webp,https://articulo.mercadolibre.com.ve/MLV-567395387-peso-balanza-digital-romana-industrial-200kg-bateria-recarga-gris-_JM,https://www.google.com/search?q=%22FIMA9431673%22%20Venezuela%20(whatsapp%20OR%20instagram%20OR%20rif%20OR%20telefono%20OR%20tienda),Sí,2026-08-15T08:33:19.482Z
MLV802190168,Microcontrolador Esp32 30 Pines Puerto Usb-c Wifi Bluetooth,13,4.9,201,500,0,Sí,importadoratupunto,MercadoLíder Platinum,400,100,1000,100,10,https://www.mercadolibre.com.ve/pagina/importadora_tupunto,"Mun. Libertador (Sur), Distrito Capital","Electrónica, Audio y Video",Componentes Electrónicos > Semiconductores > Microcontroladores,"Electrónica, Audio y Video > Componentes Electrónicos > Semiconductores > Microcontroladores",ESP32,Wroom 32 WiFi Bluetooth Puerto USB Tipo C,Marca: ESP32 | Modelo: Wroom 32 WiFi Bluetooth Puerto USB Tipo C | Número de pieza: 1 | Formato de venta: Unidad | Voltaje de alimentación: 3.3V | Arquitectura: CH340 | Cantidad de pines: 30 | Memoria Flash: 4 MB,https://http2.mlstatic.com/D_NQ_NP_2X_643488-MLV77244234164_072024-F.webp,https://articulo.mercadolibre.com.ve/MLV-802190168-microcontrolador-esp32-30-pines-puerto-usb-c-wifi-bluetooth-_JM,https://www.google.com/search?q=%22importadoratupunto%22%20Venezuela%20(whatsapp%20OR%20instagram%20OR%20rif%20OR%20telefono%20OR%20tienda),Sí,2026-08-15T08:33:19.912Z
MLV828554292,Limpiador Contacto Electrónico 450ml Secado Rapido,5.31,4.8,100,500,0,Sí,FERRETERIA EL RELAMPAGO CA,MercadoLíder Platinum,2600,1000,10000,100,11,https://www.mercadolibre.com.ve/pagina/ferreteriaelrelampagoca,"Barquisimeto, Lara",Computación,Limpieza y Cuidado de PCs > Limpia Contactos,Computación > Limpieza y Cuidado de PCs > Limpia Contactos,Covo,CV-CCNR-450ML,Marca: Covo | Modelo: CV-CCNR-450ML | Volumen de la unidad: 450 mL | Formato de venta: Unidad | Tipo de limpiador: Aerosol,https://http2.mlstatic.com/D_NQ_NP_2X_706546-MLV94064545473_102025-F.webp,https://articulo.mercadolibre.com.ve/MLV-828554292-limpiador-contacto-electronico-450ml-secado-rapido-_JM,https://www.google.com/search?q=%22FERRETERIA%20EL%20RELAMPAGO%20CA%22%20Venezuela%20Barquisimeto%20(whatsapp%20OR%20instagram%20OR%20rif%20OR%20telefono%20OR%20tienda),Sí,2026-08-15T08:33:20.379Z
MLV747147173,Kit De Venta Electrónica,5,4.9,212,500,0,Sí,ELECTRONICA AR,MercadoLíder Platinum,2200,500,10000,100,5,https://www.mercadolibre.com.ve/pagina/electronicaar,"San Cristóbal,","Electrónica, Audio y Video",Componentes Electrónicos > Semiconductores > Circuitos Integrados,"Electrónica, Audio y Video > Componentes Electrónicos > Semiconductores > Circuitos Integrados",Kit,kit,Marca: Kit | Modelo: kit | Largo x Ancho: 2.1 cm x 1.8 cm,https://http2.mlstatic.com/D_NQ_NP_2X_826560-MLV51314366274_082022-F.webp,https://articulo.mercadolibre.com.ve/MLV-747147173-kit-de-venta-electronica-_JM,https://www.google.com/search?q=%22ELECTRONICA%20AR%22%20Venezuela%20(whatsapp%20OR%20instagram%20OR%20rif%20OR%20telefono%20OR%20tienda),Sí,2026-08-15T08:33:20.816Z
MLV903717790,Apagador Interruptor Sencillo Moderno Blanco Botón Reflect. Blanco,2,4.9,45,500,0,Sí,FERREPARAPAROS SA,MercadoLíder Platinum,200,50,1000,99,11,https://www.mercadolibre.com.ve/pagina/ferreparaparosferreparaparos,"Mun. Libertador (Oeste), Distrito Capital",Construcción,Electricidad > Interruptores y Enchufes > Interruptores > Interruptores Eléctricos,Construcción > Electricidad > Interruptores y Enchufes > Interruptores > Interruptores Eléctricos,Genérica,SENCILLO,Marca: Genérica | Modelo: SENCILLO | Tipo de interruptor: Pulsador | Color: Blanco | Largo x Altura x Ancho: 10 cm x 1.5 cm x 4 cm | Peso: 100 g | Voltaje nominal: 220V | Frecuencia nominal: 60 Hz | Corriente nominal: 10 A | Materiales del cuerpo: Plástico | Materiales de contacto: cobre | Cantidad de patas: 2 | Cantidad de canales: 1 | Con Wi-Fi: No | Posiciones: Encendido/Apagado | Aplicaciones compatibles: iluminación residencial,https://http2.mlstatic.com/D_NQ_NP_2X_877215-MLV89560896239_082025-F.webp,https://articulo.mercadolibre.com.ve/MLV-903717790-apagador-interruptor-sencillo-moderno-blanco-boton-reflect-blanco-_JM,https://www.google.com/search?q=%22FERREPARAPAROS%20SA%22%20Venezuela%20Mun.%20Libertador%20(Oeste)%20(whatsapp%20OR%20instagram%20OR%20rif%20OR%20telefono%20OR%20tienda),Sí,2026-08-15T08:33:21.287Z
MLV722597431,Apagador Interruptor Sencillo Moderno Blanco Botón Reflect.,2,4,4,500,0,Sí,ZIO,N/A,2600,100,10000,98,6,https://www.mercadolibre.com.ve/tienda/zio,"Mun. Baruta (norte), Distrito Capital",Construcción,Electricidad > Interruptores y Enchufes > Interruptores > Interruptores Eléctricos,Construcción > Electricidad > Interruptores y Enchufes > Interruptores > Interruptores Eléctricos,Topper,SENCILLO,Marca: Topper | Modelo: SENCILLO | Tipo de interruptor: Pulsador,https://http2.mlstatic.com/D_NQ_NP_2X_850274-MLV106423961111_022026-F.webp,https://articulo.mercadolibre.com.ve/MLV-722597431-apagador-interruptor-sencillo-moderno-blanco-boton-reflect-_JM,https://www.google.com/search?q=%22ZIO%22%20Venezuela%20Mun.%20Baruta%20(norte)%20(whatsapp%20OR%20instagram%20OR%20rif%20OR%20telefono%20OR%20tienda),Sí,2026-08-15T08:33:21.751Z
MLV817399044,Set Surtido Electronica Variada 0/500g Mrw / Zoom,5,4.9,7,500,0,Sí,TODOHOGAR EXPRESS,MercadoLíder Platinum,3400,1000,10000,99,6,https://www.mercadolibre.com.ve/pagina/todohogarexpress.,"Valencia (Valencia), Carabobo","Electrónica, Audio y Video",Otros,"Electrónica, Audio y Video > Otros",N/A,N/A,Marca del producto electrónico: Genérica,https://http2.mlstatic.com/D_NQ_NP_2X_836777-MLV90899304754_082025-F.webp,https://articulo.mercadolibre.com.ve/MLV-817399044-set-surtido-electronica-variada-0500g-mrw-zoom-_JM,https://www.google.com/search?q=%22TODOHOGAR%20EXPRESS%22%20Venezuela%20(whatsapp%20OR%20instagram%20OR%20rif%20OR%20telefono%20OR%20tienda),Sí,2026-08-15T08:33:22.185Z
MLV902977000,Enchufe Toma Doble Moderno Blanco. Blanco,2,4.8,32,500,0,Sí,FERREPARAPAROS SA,MercadoLíder Platinum,200,50,1000,99,11,https://www.mercadolibre.com.ve/pagina/ferreparaparosferreparaparos,"Mun. Libertador (Oeste), Distrito Capital",Construcción,Electricidad > Interruptores y Enchufes > Interruptores > Interruptores Eléctricos,Construcción > Electricidad > Interruptores y Enchufes > Interruptores > Interruptores Eléctricos,Genérica,SENCILLO,Marca: Genérica | Modelo: SENCILLO | Tipo de interruptor: Pulsador | Color: Blanco | Largo x Altura x Ancho: 10 cm x 1.5 cm x 4 cm | Peso: 100 g | Voltaje nominal: 220V | Frecuencia nominal: 60 Hz | Corriente nominal: 10 A | Materiales del cuerpo: Plástico | Materiales de contacto: cobre | Cantidad de patas: 2 | Cantidad de canales: 1 | Con Wi-Fi: No | Posiciones: Encendido/Apagado | Aplicaciones compatibles: iluminación residencial,https://http2.mlstatic.com/D_NQ_NP_2X_953245-MLV89199069424_082025-F.webp,https://articulo.mercadolibre.com.ve/MLV-902977000-enchufe-toma-doble-moderno-blanco-blanco-_JM,https://www.google.com/search?q=%22FERREPARAPAROS%20SA%22%20Venezuela%20(whatsapp%20OR%20instagram%20OR%20rif%20OR%20telefono%20OR%20tienda),Sí,2026-08-15T08:33:22.624Z
MLV722722108,Caja Porta Bateria Litio 18650 Para 2 Pilas Con Interruptor,2.5,4.8,101,500,0,Sí,Vendido por TECNOPEPIN,MercadoLíder Platinum,N/A,100,10000,100,15,https://listado.mercadolibre.com.ve/_CustId_35442627,"Mun. Libertador (Sureste), Distrito Capital","Electrónica, Audio y Video",Pilas y Cargadores > Otros,"Electrónica, Audio y Video > Pilas y Cargadores > Otros",N/A,N/A,Marca del producto electrónico: Genérica | Incluye pilas: No,https://http2.mlstatic.com/D_NQ_NP_2X_870230-MLV51249945441_082022-F.webp,https://articulo.mercadolibre.com.ve/MLV-722722108-caja-porta-bateria-litio-18650-para-2-pilas-con-interruptor-_JM,https://www.google.com/search?q=%22Vendido%20por%20TECNOPEPIN%22%20Venezuela%20(whatsapp%20OR%20instagram%20OR%20rif%20OR%20telefono%20OR%20tienda),Sí,2026-08-15T08:33:23.185Z
MLV747048904,Limpiador Electrónico 450ml,5,4.9,102,500,0,Sí,MAJU37576,MercadoLíder Platinum,740,500,10000,99,10,https://www.mercadolibre.com.ve/pagina/maju37576,"Barquisimeto, Lara",Computación,Limpieza y Cuidado de PCs > Limpia Contactos,Computación > Limpieza y Cuidado de PCs > Limpia Contactos,Zasc,N/A,Marca: Zasc | Volumen de la unidad: 450 mL | Formato de venta: Unidad | Tipo de limpiador: Aerosol,https://http2.mlstatic.com/D_NQ_NP_2X_993857-MLV54962906655_042023-F.webp,https://articulo.mercadolibre.com.ve/MLV-747048904-limpiador-electronico-450ml-_JM,https://www.google.com/search?q=%22MAJU37576%22%20Venezuela%20(whatsapp%20OR%20instagram%20OR%20rif%20OR%20telefono%20OR%20tienda),Sí,2026-08-15T08:33:23.676Z
MLV740750082,Salidas De Audio 1943 5200 (positivas Y Negativas),3.8,5,4,500,0,Sí,GROUP ELECTRONICS,MercadoLíder Platinum,1000,1000,5000,99,6,https://www.mercadolibre.com.ve/pagina/groupelectronics,"Valencia (Valencia), Carabobo","Electrónica, Audio y Video",Componentes Electrónicos > Semiconductores > Transistores,"Electrónica, Audio y Video > Componentes Electrónicos > Semiconductores > Transistores",Toshiba,TO-3PL,Marca: Toshiba | Modelo: TO-3PL | Código del transistor: 2sc5200/2sa1943 | Tipo de encapsulado: Orificio pasante (TH) | Voltaje máximo soportado: 230V | Corriente máxima soportada: 15 A | Potencia máxima soportada: 150 W | Polaridad: NPN/PNP,https://http2.mlstatic.com/D_NQ_NP_2X_718142-MLV54304457468_032023-F.webp,https://articulo.mercadolibre.com.ve/MLV-740750082-salidas-de-audio-1943-5200-positivas-y-negativas-_JM,https://www.google.com/search?q=%22GROUP%20ELECTRONICS%22%20Venezuela%20(whatsapp%20OR%20instagram%20OR%20rif%20OR%20telefono%20OR%20tienda),Sí,2026-08-15T08:33:24.105Z
MLV468240064,Transistor 2sc5200 Ó 2sa1943 Toshiba Original,3.99,4.8,125,1000,0,Sí,COMPU-VE,MercadoLíder Gold,210,100,1000,100,10,https://www.mercadolibre.com.ve/pagina/compu-ve,"Cumaná, Sucre","Electrónica, Audio y Video",Componentes Electrónicos > Semiconductores > Transistores,"Electrónica, Audio y Video > Componentes Electrónicos > Semiconductores > Transistores",Toshiba,N/A,Marca: Toshiba | Código del transistor: 2SC5200,https://http2.mlstatic.com/D_NQ_NP_2X_822180-MLV69942167347_062023-F.webp,https://articulo.mercadolibre.com.ve/MLV-468240064-transistor-2sc5200-o-2sa1943-toshiba-original-_JM,https://www.google.com/search?q=%22COMPU-VE%22%20Venezuela%20(whatsapp%20OR%20instagram%20OR%20rif%20OR%20telefono%20OR%20tienda),Sí,2026-08-15T08:33:24.536Z
MLV793973074,Protector Supresor Equip.electronico Troen Beige,5,4.4,62,500,0,Sí,CORPORACIÓN ERDS INDUSTRIAL,MercadoLíder,90,500,1000,98,8,https://www.mercadolibre.com.ve/pagina/corperds,"Barquisimeto, Lara",Computación,Protectores y UPS > Reguladores,Computación > Protectores y UPS > Reguladores,Troen,A006-YY-3C2GA,Marca: Troen | Modelo: A006-YY-3C2GA | Color: Beige | Potencia pico: 125VA | Voltaje de entrada: 120V | Voltaje de entrada: 120V | Potencia pico: 125VA,https://http2.mlstatic.com/D_NQ_NP_2X_705050-MLV75960258626_052024-F.webp,https://articulo.mercadolibre.com.ve/MLV-793973074-protector-supresor-equipelectronico-troen-beige-_JM,https://www.google.com/search?q=%22CORPORACI%C3%93N%20ERDS%20INDUSTRIAL%22%20Venezuela%20(whatsapp%20OR%20instagram%20OR%20rif%20OR%20telefono%20OR%20tienda),Sí,2026-08-15T08:33:24.957Z
MLV762505376,Transistor A1941 / C5198 Salida De Audio Original,3,4.8,78,500,0,Sí,GROUP ELECTRONICS,MercadoLíder Platinum,1000,1000,5000,99,6,https://www.mercadolibre.com.ve/pagina/groupelectronics,"Valencia (Valencia), Carabobo","Electrónica, Audio y Video",Componentes Electrónicos > Semiconductores > Transistores,"Electrónica, Audio y Video > Componentes Electrónicos > Semiconductores > Transistores",Toshiba,N/A,Marca: Toshiba | Código del transistor: A1941 C5198,https://http2.mlstatic.com/D_NQ_NP_2X_675251-MLV70647502779_072023-F.webp,https://articulo.mercadolibre.com.ve/MLV-762505376-transistor-a1941-c5198-salida-de-audio-original-_JM,https://www.google.com/search?q=%22GROUP%20ELECTRONICS%22%20Venezuela%20(whatsapp%20OR%20instagram%20OR%20rif%20OR%20telefono%20OR%20tienda),Sí,2026-08-15T08:33:25.421Z
MLV751875071,Set Surtido Electronica Numero 2,60,5,5,500,0,Sí,TODOHOGAR EXPRESS,MercadoLíder Platinum,3400,1000,10000,99,6,https://www.mercadolibre.com.ve/pagina/todohogarexpress.,"Valencia (Valencia), Carabobo","Electrónica, Audio y Video",Otros,"Electrónica, Audio y Video > Otros",N/A,N/A,Marca del producto electrónico: Genérica,https://http2.mlstatic.com/D_NQ_NP_2X_994493-MLV72860454034_112023-F.webp,https://articulo.mercadolibre.com.ve/MLV-751875071-set-surtido-electronica-numero-2-_JM,https://www.google.com/search?q=%22TODOHOGAR%20EXPRESS%22%20Venezuela%20(whatsapp%20OR%20instagram%20OR%20rif%20OR%20telefono%20OR%20tienda),Sí,2026-08-15T08:33:25.860Z
MLV713326300,Conector Conectores Ppc Cable Coaxial Rg6 Compresión,21.98,4.8,93,500,0,Sí,GLOBALPAY,MercadoLíder,7,50,1000,100,23,https://www.mercadolibre.com.ve/pagina/globalpay,Mun. Libertador (,"Electrónica, Audio y Video",Componentes Electrónicos > Conectores,"Electrónica, Audio y Video > Componentes Electrónicos > Conectores",PPC,RG6 EX6XLWSPLUS,Marca: PPC | Modelo: RG6 EX6XLWSPLUS | Unidades por pack: 50 | Tipo de conector: RG6 | Género del conector: Macho,https://http2.mlstatic.com/D_NQ_NP_2X_993821-MLV110691733581_042026-F.webp,https://articulo.mercadolibre.com.ve/MLV-713326300-conector-conectores-ppc-cable-coaxial-rg6-compresion-_JM,https://www.google.com/search?q=%22GLOBALPAY%22%20Venezuela%20(whatsapp%20OR%20instagram%20OR%20rif%20OR%20telefono%20OR%20tienda),Sí,2026-08-15T08:33:26.287Z
MLV751050865,Set Surtido Electronica Varios,80,5,4,500,0,Sí,TODOHOGAR EXPRESS,MercadoLíder Platinum,3400,1000,10000,99,6,https://www.mercadolibre.com.ve/pagina/todohogarexpress.,"Valencia (Valencia), Carabobo","Electrónica, Audio y Video",Otros,"Electrónica, Audio y Video > Otros",N/A,N/A,Marca del producto electrónico: Genérica,https://http2.mlstatic.com/D_NQ_NP_2X_994493-MLV72860454034_112023-F.webp,https://articulo.mercadolibre.com.ve/MLV-751050865-set-surtido-electronica-varios-_JM,https://www.google.com/search?q=%22TODOHOGAR%20EXPRESS%22%20Venezuela%20(whatsapp%20OR%20instagram%20OR%20rif%20OR%20telefono%20OR%20tienda),Sí,2026-08-15T08:33:26.717Z
MLV567395261,Peso Balanza Digital Charcutería 40kg Recargable - Tienda Negro,41.46,4.8,109,500,0,Sí,FIMA9431673,MercadoLíder Gold,190,100,1000,99,6,https://www.mercadolibre.com.ve/pagina/fima9431673,"Mun. Libertador (Suroeste), Distrito Capital",Industrias,Equipamiento para Comercios > Balanzas > Comerciales,Industrias > Equipamiento para Comercios > Balanzas > Comerciales,American Boss,N/A,Marca: American Boss | Línea: Electrónico | Voltaje: 110V | Color: Negro | Tipo de producto: Comercial | Tipo de pantalla de la balanza digital: LCD | Con teclado: Sí | Con tecla tara: Sí | Con impresora: No | Con tecla tara: Sí | Con impresora: No,https://http2.mlstatic.com/D_NQ_NP_2X_600186-MLV48742363525_012022-F.webp,https://articulo.mercadolibre.com.ve/MLV-567395261-peso-balanza-digital-charcuteria-40kg-recargable-tienda-negro-_JM,https://www.google.com/search?q=%22FIMA9431673%22%20Venezuela%20(whatsapp%20OR%20instagram%20OR%20rif%20OR%20telefono%20OR%20tienda),Sí,2026-08-15T08:33:27.155Z
MLV734042255,Audifonos In Ears Qkz Ak6 Monitor Originales,6.13,4.9,1348,1000,0,Sí,JIKZI,MercadoLíder Platinum,2500,50,10000,100,22,https://www.mercadolibre.com.ve/tienda/jikzi,"Cabudare, Lara","Electrónica, Audio y Video",Audio > Audífonos,"Electrónica, Audio y Video > Audio > Audífonos",QKZ,Inears,"Marca: QKZ | Línea: AK6 | Modelo: Inears | Modelo alfanumérico: AK6 | Con micrófono: Sí | Con micrófono flexible: No | Largo del cable: 1,2 m | Con cable desmontable: No | Usos aptos: Audio, Deporte, Manos libres, Música, manoslibre | Duración de la batería del audífono: 0 h | Capacidad de la batería del audífono: 0 mAh | Incluye estuche de carga: No | Con carga inalámbrica: No | Formato del audífono: In-ear | Es monoaural: No | Es inalámbrico: No | Con Bluetooth: No | Con tecnología TWS: No | Tipos de conectores: Jack 3.5 mm | Versión de Bluetooth: 0 | Respuesta en frecuencia: 20 Hz - 40000 Hz | Sensibilidad: 105 dB | Es a prueba de agua: Sí | Es inalámbrico: No | Duración de la batería: 0 h | Con micrófono: Sí",https://http2.mlstatic.com/D_NQ_NP_2X_936746-MLV71259868662_082023-F.webp,https://articulo.mercadolibre.com.ve/MLV-734042255-audifonos-in-ears-qkz-ak6-monitor-originales-_JM,https://www.google.com/search?q=%22JIKZI%22%20Venezuela%20(whatsapp%20OR%20instagram%20OR%20rif%20OR%20telefono%20OR%20tienda),Sí,2026-08-15T08:33:27.595Z
MLV821417282,Microfono Balita K9 Inalámbrico Lavalier Tipo C/iPhone Negro,7.36,4.8,320,500,0,Sí,FERMOCAAUTOPARTES,MercadoLíder Platinum,530,50,5000,100,9,https://www.mercadolibre.com.ve/pagina/fermocastore,"Maracaibo, Zulia","Electrónica, Audio y Video",Audio > Micrófonos y Preamplificadores > Micrófonos,"Electrónica, Audio y Video > Audio > Micrófonos y Preamplificadores > Micrófonos",Pix link,K9,"Marca: Pix link | Modelo: K9 | Color: Negro | Tipos de conexiones: Inalámbrica | Con Bluetooth: No | Tipos de micrófono: balita | Cantidad de micrófonos: 2 | Usos recomendados del micrófono: Actuación en escena, Conferencia, Entrevista, MICRÓFONO de teléfono, Micrófono de karaoke, Para computadora | Con parlantes incorporados: No | Frecuencia mínima - Frecuencia máxima: 20 Hz - 20 MHz | Tipos de micrófono: balita | Con parlante incorporado: No | Es inalámbrico: Inalámbrica",https://http2.mlstatic.com/D_NQ_NP_2X_917123-MLV108572963036_032026-F.webp,https://articulo.mercadolibre.com.ve/MLV-821417282-microfono-balita-k9-inalambrico-lavalier-tipo-ciphone-negro-_JM,https://www.google.com/search?q=%22FERMOCAAUTOPARTES%22%20Venezuela%20(whatsapp%20OR%20instagram%20OR%20rif%20OR%20telefono%20OR%20tienda),Sí,2026-08-15T08:33:28.041Z
MLV809959194,Audífonos Auricular In Ear Kz Edx Pro Con Micrófono,15.99,4.8,34,500,0,Sí,VARGAS IMPORTACIONES,MercadoLíder Platinum,220,25,1000,99,19,https://www.mercadolibre.com.ve/pagina/vargasimportaciones,"Mun. Sucre (este), Distrito Capital","Electrónica, Audio y Video",Audio > Audífonos,"Electrónica, Audio y Video > Audio > Audífonos",KZ,EDX,Marca: KZ | Modelo: EDX | Con micrófono: Sí | Es inalámbrico: No | Con Bluetooth: No | Es inalámbrico: No | Con micrófono: Sí,https://http2.mlstatic.com/D_NQ_NP_2X_651667-MLV79034142960_092024-F.webp,https://articulo.mercadolibre.com.ve/MLV-809959194-audifonos-auricular-in-ear-kz-edx-pro-con-microfono-_JM,https://www.google.com/search?q=%22VARGAS%20IMPORTACIONES%22%20Venezuela%20(whatsapp%20OR%20instagram%20OR%20rif%20OR%20telefono%20OR%20tienda),Sí,2026-08-15T08:33:28.569Z
MLV761009985,Cornetas Pioneer 6 Pulgadas Coaxial 4 Vías 500w 2 Pzs Carro Negro,18.99,4.8,402,1000,0,Sí,MAIGLEEGARCIA,MercadoLíder Platinum,490,100,5000,99,7,https://www.mercadolibre.com.ve/pagina/maigleegarcia,"Falcón, Falcón",Accesorios para Vehículos,Audio para Vehículos > Cornetas,Accesorios para Vehículos > Audio para Vehículos > Cornetas,Pioneer,4 Vias,"Marca: Pioneer | Línea: Coaxial | Modelo: 4 Vias | Color: Negro | Impedancia: 4 Ω | Cantidad de cornetas: 2 | Ancho del parlante: 6 "" | Largo del parlante: 6 "" | Diámetro del parlante: 6 "" | Profundidad: 16 cm | Tipo de vehículo: Carro/Camioneta | Tipo de parlante: Bocina | Cantidad de vías: 4 | Cantidad de bobinas: 1 | Potencia RMS: 500 W | Rango de frecuencia: 35 - 22000 Hz",https://http2.mlstatic.com/D_NQ_NP_2X_685443-MLV115577023507_082026-F.webp,https://articulo.mercadolibre.com.ve/MLV-761009985-cornetas-pioneer-6-pulgadas-coaxial-4-vias-500w-2-pzs-carro-negro-_JM,https://www.google.com/search?q=%22MAIGLEEGARCIA%22%20Venezuela%20(whatsapp%20OR%20instagram%20OR%20rif%20OR%20telefono%20OR%20tienda),Sí,2026-08-15T08:33:28.997Z
MLV733122753,Reproductor Pioneer Bluetooth De Carro Mp3 Usb Radio Control,20.98,4.7,730,1000,0,Sí,Kaizer Home,MercadoLíder Platinum,3000,100,10000,100,12,https://www.mercadolibre.com.ve/pagina/tecnostorepf,"Punto Fijo, Falcón",Accesorios para Vehículos,Audio para Vehículos > Equipos de Audio > Reproductores > Sin Pantalla,Accesorios para Vehículos > Audio para Vehículos > Equipos de Audio > Reproductores > Sin Pantalla,Pioneer,50W x 4,Marca: Pioneer | Línea: Radio Bluetooth | Modelo: 50W x 4 | Color: Negro | Incluye control remoto: Sí | Con Bluetooth: Sí | Con USB: Sí | Con lector de tarjeta SD: Sí | Con salida RCA: Sí | Con ecualizador: Sí | Con Bluetooth: Sí | Con USB: Sí | Con lector de tarjeta SD: Sí,https://http2.mlstatic.com/D_NQ_NP_2X_910206-MLV115401005529_072026-F.webp,https://articulo.mercadolibre.com.ve/MLV-733122753-reproductor-pioneer-bluetooth-de-carro-mp3-usb-radio-control-_JM,https://www.google.com/search?q=%22Kaizer%20Home%22%20Venezuela%20Punto%20Fijo%20(whatsapp%20OR%20instagram%20OR%20rif%20OR%20telefono%20OR%20tienda),Sí,2026-08-16T23:30:26.396Z
MLV710207619,Antena De Techo Mazda 3 Corsa Lancer Corolla Chery Con Base Negro,6.5,4.8,302,500,0,Sí,SAVACARS C A,MercadoLíder Platinum,420,100,5000,100,16,https://www.mercadolibre.com.ve/pagina/savacarsc.a,"Barquisimeto, Lara",Accesorios para Vehículos,Repuestos Carros y Camionetas > Repuestos de Exterior > Antenas,Accesorios para Vehículos > Repuestos Carros y Camionetas > Repuestos de Exterior > Antenas,SV,Varios,Marca: SV | Línea: Antena techo | Modelo: Varios | Número de pieza: SV1 | Color: Negro | Largo máximo: 40 cm | Tipo de vehículo: Carro/Camioneta | Origen: Importado,https://http2.mlstatic.com/D_NQ_NP_2X_752145-MLV49054562123_022022-F.webp,https://articulo.mercadolibre.com.ve/MLV-710207619-antena-de-techo-mazda-3-corsa-lancer-corolla-chery-con-base-negro-_JM,https://www.google.com/search?q=%22SAVACARS%20C%20A%22%20Venezuela%20(whatsapp%20OR%20instagram%20OR%20rif%20OR%20telefono%20OR%20tienda),Sí,2026-08-15T08:33:29.964Z
MLV813393610,Antenas Midland Tipo Latigo Negro,30,4.9,299,1000,0,Sí,RS STORE,MercadoLíder Platinum,7500,100,50000,99,12,https://www.mercadolibre.com.ve/tienda/rs-store,"Barquisimeto, Lara",Accesorios para Vehículos,Repuestos Carros y Camionetas > Repuestos de Exterior > Antenas,Accesorios para Vehículos > Repuestos Carros y Camionetas > Repuestos de Exterior > Antenas,Midland,XX,Marca: Midland | Modelo: XX | Número de pieza: XX | Color: Negro | Tipo de vehículo: Carro/Camioneta,https://http2.mlstatic.com/D_NQ_NP_2X_663681-MLV79721142222_102024-F.webp,https://articulo.mercadolibre.com.ve/MLV-813393610-antenas-midland-tipo-latigo-negro-_JM,https://www.google.com/search?q=%22RS%20STORE%22%20Venezuela%20Barquisimeto%20(whatsapp%20OR%20instagram%20OR%20rif%20OR%20telefono%20OR%20tienda),Sí,2026-08-16T23:30:37.729Z
MLV564623997,Reproductor Pantalla 7 Bluetooth Aux Usb Doble Din Mp5 Mp3,44.99,4.8,1066,1000,0,Sí,JUANFERREIRA713,MercadoLíder Platinum,910,500,10000,100,12,https://www.mercadolibre.com.ve/pagina/juanferreira7135753,"Mun. Chacao (sur), Distrito Capital",Accesorios para Vehículos,Audio para Vehículos > Equipos de Audio > Reproductores > Con Pantalla,Accesorios para Vehículos > Audio para Vehículos > Equipos de Audio > Reproductores > Con Pantalla,MP5,7018B,"Marca: MP5 | Línea: 7000 | Modelo: 7018B | Tamaño de la pantalla: 7 "" | Con GPS: No | Con puerto USB: Sí | Con Bluetooth: Sí | Con función de TV: No | Con pantalla táctil: Sí | Con control remoto: Sí | Altura: 10 cm | Largo: 17,8 cm | Ancho: 5 cm",https://http2.mlstatic.com/D_NQ_NP_2X_639940-MLV69707100192_052023-F.webp,https://articulo.mercadolibre.com.ve/MLV-564623997-reproductor-pantalla-7-bluetooth-aux-usb-doble-din-mp5-mp3-_JM,https://www.google.com/search?q=%22JUANFERREIRA713%22%20Venezuela%20(whatsapp%20OR%20instagram%20OR%20rif%20OR%20telefono%20OR%20tienda),Sí,2026-08-15T08:33:31.930Z
MLV828528534,Modulo Decodificador Bluetooth Mp3 Usb Card Fm Negro,5,4.8,167,500,0,Sí,rabihrichani2615,N/A,470,100,10000,98,3,https://www.mercadolibre.com.ve/pagina/rabihrichani2615,"Valencia (Valencia), Carabobo","Electrónica, Audio y Video",Accesorios para Audio y Video > Convertidores de TV,"Electrónica, Audio y Video > Accesorios para Audio y Video > Convertidores de TV",Bluetooth speker,Bluetooth,Marca: Bluetooth speker | Modelo: Bluetooth | Color: Negro | Voltaje: 12 | Cantidad de puertos: 3 | Voltaje de la batería: 12V,https://http2.mlstatic.com/D_NQ_NP_2X_770566-MLV82296378734_022025-F.webp,https://articulo.mercadolibre.com.ve/MLV-828528534-modulo-decodificador-bluetooth-mp3-usb-card-fm-negro-_JM,https://www.google.com/search?q=%22rabihrichani2615%22%20Venezuela%20Valencia%20(Valencia)%20(whatsapp%20OR%20instagram%20OR%20rif%20OR%20telefono%20OR%20tienda),Sí,2026-08-15T08:33:32.403Z
MLV768183881,Receptor Transmisor Auxiliar A Bluetooth Para Reproductor,2.5,4.7,102,500,0,Sí,RS STORE,MercadoLíder Platinum,7400,100,50000,99,12,https://www.mercadolibre.com.ve/tienda/rs-store,"Barquisimeto, Lara","Electrónica, Audio y Video",Accesorios para Audio y Video > Adaptadores,"Electrónica, Audio y Video > Accesorios para Audio y Video > Adaptadores",RS,N/A,Marca: RS | Tipo de cable y adaptador: AUX | Tipo de producto: Adaptador,https://http2.mlstatic.com/D_NQ_NP_2X_674928-MLV81034193881_112024-F.webp,https://articulo.mercadolibre.com.ve/MLV-768183881-receptor-transmisor-auxiliar-a-bluetooth-para-reproductor-_JM,https://www.google.com/search?q=%22RS%20STORE%22%20Venezuela%20(whatsapp%20OR%20instagram%20OR%20rif%20OR%20telefono%20OR%20tienda),Sí,2026-08-15T08:33:33.440Z
MLV828421722,Reproductor Bluetooth De Carro Mp3 Usb Radio Aux Sd,13.49,4.9,0,1000,0,Sí,Pendiente,Pendiente,N/A,N/A,N/A,N/A,N/A,,Pendiente,N/A,N/A,N/A,N/A,N/A,N/A,https://http2.mlstatic.com/D_Q_NP_2X_629163-MLV113040452933_062026-E.webp,https://articulo.mercadolibre.com.ve/MLV-828421722-reproductor-bluetooth-de-carro-mp3-usb-radio-aux-sd-_JM,,No,2026-08-16T23:30:44.983Z
MLV708971682,Convertidor Hdmi A Rca A Usar Roku Fire Stick A Tv Viejo.,6,4.8,122,500,0,Sí,EMETECHNOLOGYS,MercadoLíder Platinum,1600,500,10000,99,4,https://www.mercadolibre.com.ve/pagina/emetechnologys,"Valencia (Valencia), Carabobo","Electrónica, Audio y Video",Accesorios para Audio y Video > Convertidores de Audio y Video,"Electrónica, Audio y Video > Accesorios para Audio y Video > Convertidores de Audio y Video",N/A,N/A,N/A,https://http2.mlstatic.com/D_NQ_NP_2X_771287-MLV48891299024_012022-F.webp,https://articulo.mercadolibre.com.ve/MLV-708971682-convertidor-hdmi-a-rca-a-usar-roku-fire-stick-a-tv-viejo-_JM,https://www.google.com/search?q=%22EMETECHNOLOGYS%22%20Venezuela%20(whatsapp%20OR%20instagram%20OR%20rif%20OR%20telefono%20OR%20tienda),Sí,2026-08-15T08:33:34.345Z
MLV578701434,Reproductor De Carro Usb Auxiliar Bluetooth Mp3 Radio Sd,13.59,4.8,530,1000,0,Sí,JUANFERREIRA713,MercadoLíder Platinum,910,500,10000,100,12,https://www.mercadolibre.com.ve/pagina/juanferreira7135753,"Mun. Chacao (sur), Distrito Capital",Accesorios para Vehículos,Audio para Vehículos > Equipos de Audio > Reproductores > Sin Pantalla,Accesorios para Vehículos > Audio para Vehículos > Equipos de Audio > Reproductores > Sin Pantalla,MP3,JSD-520,Marca: MP3 | Modelo: JSD-520 | Color: Negro | Incluye control remoto: Sí | Con Bluetooth: Sí | Con USB: Sí | Con lector de tarjeta SD: Sí | Con salida RCA: Sí | Con Bluetooth: Sí | Con USB: Sí | Con lector de tarjeta SD: Sí,https://http2.mlstatic.com/D_NQ_NP_2X_708335-MLV91208517877_082025-F.webp,https://articulo.mercadolibre.com.ve/MLV-578701434-reproductor-de-carro-usb-auxiliar-bluetooth-mp3-radio-sd-_JM,https://www.google.com/search?q=%22JUANFERREIRA713%22%20Venezuela%20(whatsapp%20OR%20instagram%20OR%20rif%20OR%20telefono%20OR%20tienda),Sí,2026-08-15T08:33:34.866Z
MLV733940388,Audifonos In Ears Qkz Monitor Manos Libres,10.77,4.8,350,500,0,Sí,JIKZI,MercadoLíder Platinum,2500,50,10000,100,22,https://www.mercadolibre.com.ve/tienda/jikzi,"Cabudare, Lara","Electrónica, Audio y Video",Audio > Audífonos,"Electrónica, Audio y Video > Audio > Audífonos",QKZ,Inears,"Marca: QKZ | Línea: AK6 PRO | Modelo: Inears | Modelo alfanumérico: AK6 PRO | Cantidad de pares: 1 | Con micrófono: Sí | Con modo manos libres: Sí | Unidad de diafragma: 1 cm | Impedancia: 16 Ω | Respuesta en frecuencia: 20-23000hz | Sensibilidad: 98 dB | Con cancelación de ruido: Sí | Formato del audífono: In-ear | Es monoaural: No | Es inalámbrico: No | Con Bluetooth: No | Tipos de conectores: Jack 3.5 mm | Largo del cable: 1,2 m | Con cable desmontable: Sí | Usos aptos: Deporte, Manos libre, Manos libres, Monitor, Muisca, QKZ | Accesorios incluidos: Adaptador | Cantidad de micrófonos: 1 | Funciones de control: Control de volumen | Es inalámbrico: No | Con micrófono: Sí | Con cancelación de ruido: Sí",https://http2.mlstatic.com/D_NQ_NP_2X_724840-MLV76357441646_052024-F.webp,https://articulo.mercadolibre.com.ve/MLV-733940388-audifonos-in-ears-qkz-monitor-manos-libres-_JM,https://www.google.com/search?q=%22JIKZI%22%20Venezuela%20(whatsapp%20OR%20instagram%20OR%20rif%20OR%20telefono%20OR%20tienda),Sí,2026-08-15T08:33:36.039Z
MLV763554239,Convertidor Adaptador De Hdmi A Rca 1080p Hd Tv Roku Fire Blanco,5.99,4.9,231,500,0,Sí,COMPUMAYORVE,MercadoLíder Platinum,310,50,5000,100,12,https://www.mercadolibre.com.ve/pagina/compumayorve,"Mun. Libertador (Sur), Distrito Capital","Electrónica, Audio y Video",Accesorios para Audio y Video > Convertidores de Audio y Video,"Electrónica, Audio y Video > Accesorios para Audio y Video > Convertidores de Audio y Video",hdmi,HDMI A RCA,Marca: hdmi | Modelo: HDMI A RCA | Color: Blanco | Voltaje: 12V | Cantidad de puertos: 2 | Peso: 42 g | Tipos de alimentación: USB | Conectores de entrada: HDMI | Conectores de salida: RCA | Resolución máxima de salida: 1080p | Accesorios incluidos: cablealimentacion,https://http2.mlstatic.com/D_NQ_NP_2X_817806-MLV101093144124_122025-F.webp,https://articulo.mercadolibre.com.ve/MLV-763554239-convertidor-adaptador-de-hdmi-a-rca-1080p-hd-tv-roku-fire-blanco-_JM,https://www.google.com/search?q=%22COMPUMAYORVE%22%20Venezuela%20(whatsapp%20OR%20instagram%20OR%20rif%20OR%20telefono%20OR%20tienda),Sí,2026-08-15T08:33:36.480Z
MLV813285904,Modulo Decodificador Bluetooth Mp3 Usb Card Fm,5.54,4.8,240,500,0,Sí,77 Innovación,MercadoLíder Platinum,10100,100,100000,98,14,https://www.mercadolibre.com.ve/tienda/77-innovacion,"Mun. Sucre (norte), Distrito Capital","Electrónica, Audio y Video",Accesorios para Audio y Video > Convertidores de Audio y Video,"Electrónica, Audio y Video > Accesorios para Audio y Video > Convertidores de Audio y Video",Genérica,MP3,"Marca: Genérica | Modelo: MP3 | Voltaje: 5V | Cantidad de puertos: 4 | Version: 5V | Altura: 21 cm | Ancho: 323 cm | Profundidad: 43.534 cm | Peso: 34,53 kg | Tipos de alimentación: Corriente eléctrica | Voltaje de la batería: 5V | Formatos compatibles de entrada: SECAM | Conectores de entrada: D | Conectores de salida: USB",https://http2.mlstatic.com/D_NQ_NP_2X_664808-MLV101061839668_122025-F.webp,https://articulo.mercadolibre.com.ve/MLV-813285904-modulo-decodificador-bluetooth-mp3-usb-card-fm-_JM,https://www.google.com/search?q=%2277%20Innovaci%C3%B3n%22%20Venezuela%20(whatsapp%20OR%20instagram%20OR%20rif%20OR%20telefono%20OR%20tienda),Sí,2026-08-15T08:33:36.905Z
MLV785561164,Lenovo Audífonos Inalámbricos Bluetooth 5.3 Gaming Pro Dual,22.48,4.9,522,1000,0,Sí,BIT404 MARKET,MercadoLíder Platinum,2400,500,10000,99,11,https://www.mercadolibre.com.ve/pagina/bit404market,Mun. Libertador (,"Electrónica, Audio y Video",Audio > Audífonos,"Electrónica, Audio y Video > Audio > Audífonos",Lenovo,GM2 PRO,Fabricante: Lenovo | Marca: Lenovo | Línea: ThinkPlus | Modelo: GM2 PRO | Cantidad de pares: 1 | Con micrófono: Sí | Capacidad de la batería del estuche de carga: 350 mAh | Formato del audífono: In-ear | Es monoaural: Sí | Con luz LED: Sí | Es inalámbrico: Sí | Con Bluetooth: Sí | Versión de Bluetooth: 10 | Es inalámbrico: Sí | Con luz LED: Sí | Con micrófono: Sí,https://http2.mlstatic.com/D_NQ_NP_2X_893014-MLV74429426500_022024-F.webp,https://articulo.mercadolibre.com.ve/MLV-785561164-lenovo-audifonos-inalambricos-bluetooth-53-gaming-pro-dual-_JM,https://www.google.com/search?q=%22BIT404%20MARKET%22%20Venezuela%20(whatsapp%20OR%20instagram%20OR%20rif%20OR%20telefono%20OR%20tienda),Sí,2026-08-15T08:33:37.330Z
MLV751061800,Audifono Bluetooth Cobra P36 Gamer + Bass Inalambrico 5.3v,14.25,4.9,274,500,0,Sí,N3 TECHNOLOGY,MercadoLíder Platinum,1400,50,10000,99,10,https://www.mercadolibre.com.ve/pagina/n3technology7872,"Valencia (Valencia), Carabobo","Electrónica, Audio y Video",Audio > Audífonos,"Electrónica, Audio y Video > Audio > Audífonos",TWS,TWS,Marca: TWS | Línea: Bluetooth | Modelo: TWS | Con micrófono: Sí | Con carga inalámbrica: Sí | Es infantil: Sí | Con luz LED: Sí | Es inalámbrico: Sí | Con Bluetooth: Sí | Con cancelación de ruido: Sí | Es resistente al agua: Sí | Es a prueba de agua: Sí | Es inalámbrico: Sí | Es resistente al agua: Sí | Con luz LED: Sí | Con cancelación de ruido: Sí | Con micrófono: Sí,https://http2.mlstatic.com/D_NQ_NP_2X_665446-MLV70044791941_062023-F.webp,https://articulo.mercadolibre.com.ve/MLV-751061800-audifono-bluetooth-cobra-p36-gamer-bass-inalambrico-53v-_JM,https://www.google.com/search?q=%22N3%20TECHNOLOGY%22%20Venezuela%20(whatsapp%20OR%20instagram%20OR%20rif%20OR%20telefono%20OR%20tienda),Sí,2026-08-15T08:33:38.121Z
MLV713412286,Adaptador Hdmi A Rca O Convertidor Hdmi A Rca 1080p Hdmi2av,5.69,4.8,258,1000,0,Sí,EMETECHNOLOGYS,MercadoLíder Platinum,1600,500,10000,99,4,https://www.mercadolibre.com.ve/pagina/emetechnologys,"Valencia (Valencia), Carabobo","Electrónica, Audio y Video",Accesorios para Audio y Video > Convertidores de Audio y Video,"Electrónica, Audio y Video > Accesorios para Audio y Video > Convertidores de Audio y Video",N/A,N/A,N/A,https://http2.mlstatic.com/D_NQ_NP_2X_996074-MLV52599785257_112022-F.webp,https://articulo.mercadolibre.com.ve/MLV-713412286-adaptador-hdmi-a-rca-o-convertidor-hdmi-a-rca-1080p-hdmi2av-_JM,https://www.google.com/search?q=%22EMETECHNOLOGYS%22%20Venezuela%20(whatsapp%20OR%20instagram%20OR%20rif%20OR%20telefono%20OR%20tienda),Sí,2026-08-15T08:33:38.587Z
MLV769171163,Control Remoto Universal Para Smart Tv Lcd Plasma Led 3d 4k,5.94,4.8,176,500,0,Sí,QUINGEL QUINTERO,MercadoLíder Platinum,1300,100,10000,99,14,https://www.mercadolibre.com.ve/pagina/quingelquintero9908,"Mun. Libertador (Sur), Distrito Capital","Electrónica, Audio y Video",Controles Remoto > Para TV,"Electrónica, Audio y Video > Controles Remoto > Para TV",NVTC,Universal,Marca: NVTC | Modelo: Universal | Incluye pilas: No | Con botón de Netflix: Sí | Con botón de YouTube: Sí | Es universal: Sí | Con teclado: Sí | Con botón de Google Play: Sí | Con botón de Prime Video: Sí | Con botón de Disney+: Sí,https://http2.mlstatic.com/D_NQ_NP_2X_907152-MLV81930963646_022025-F.webp,https://articulo.mercadolibre.com.ve/MLV-769171163-control-remoto-universal-para-smart-tv-lcd-plasma-led-3d-4k-_JM,https://www.google.com/search?q=%22QUINGEL%20QUINTERO%22%20Venezuela%20(whatsapp%20OR%20instagram%20OR%20rif%20OR%20telefono%20OR%20tienda),Sí,2026-08-15T08:33:39.079Z
MLV727893289,Control Para Tv Smart Aiwa Síragon Sankey,6.3,4.7,240,500,0,Sí,MUNDO CONTROL,MercadoLíder Platinum,300,100,1000,97,8,https://www.mercadolibre.com.ve/pagina/alexandermanuellinaresleiva,"Maracaibo, Zulia","Electrónica, Audio y Video",Controles Remoto > Para TV,"Electrónica, Audio y Video > Controles Remoto > Para TV",Genérica,Hund-27,Marca: Genérica | Modelo: Hund-27 | Incluye pilas: Sí | Con botón de Netflix: Sí | Con botón de YouTube: Sí | Es universal: No | Con comando de voz: No | Con teclado: No | Con botón de Google Play: No | Con botón de Prime Video: Sí | Con botón de Disney+: No | Con botón de Hulu: No | Con botón de Vudu: No,https://http2.mlstatic.com/D_NQ_NP_2X_877661-MLV78974549345_092024-F.webp,https://articulo.mercadolibre.com.ve/MLV-727893289-control-para-tv-smart-aiwa-siragon-sankey-_JM,https://www.google.com/search?q=%22MUNDO%20CONTROL%22%20Venezuela%20(whatsapp%20OR%20instagram%20OR%20rif%20OR%20telefono%20OR%20tienda),Sí,2026-08-15T08:33:39.647Z
MLV797382684,Control Universal Para Tv Smart Aiwa Y Siragon Aw32n4sm,6.99,4.8,321,500,0,Sí,Lion Tech,MercadoLíder Platinum,7300,500,10000,99,21,https://www.mercadolibre.com.ve/tienda/lion-tech,"Mun. Libertador (Centro), Distrito Capital","Electrónica, Audio y Video",Controles Remoto > Para TV,"Electrónica, Audio y Video > Controles Remoto > Para TV",Universal,Aiwa,Marca: Universal | Modelo: Aiwa | Incluye pilas: No | Con botón de Netflix: Sí | Con botón de YouTube: Sí | Es universal: Sí | Con comando de voz: No | Con teclado: Sí | Con botón de Google Play: Sí | Con botón de Prime Video: Sí | Con botón de Disney+: No | Con botón de Hulu: No,https://http2.mlstatic.com/D_NQ_NP_2X_877591-MLV88189010717_072025-F.webp,https://articulo.mercadolibre.com.ve/MLV-797382684-control-universal-para-tv-smart-aiwa-y-siragon-aw32n4sm-_JM,https://www.google.com/search?q=%22Lion%20Tech%22%20Venezuela%20(whatsapp%20OR%20instagram%20OR%20rif%20OR%20telefono%20OR%20tienda),Sí,2026-08-15T08:33:40.140Z
MLV561439342,Mini Convertidor De Hdmi A Rca,4.99,4.8,646,1000,0,Sí,LOPITRONICS,MercadoLíder Platinum,1400,100,10000,99,11,https://www.mercadolibre.com.ve/pagina/lopitronics,"Valencia (Valencia), Carabobo","Electrónica, Audio y Video",Accesorios para Audio y Video > Convertidores de Audio y Video,"Electrónica, Audio y Video > Accesorios para Audio y Video > Convertidores de Audio y Video",HD VIDEO CONVERTER,Full HD,Marca: HD VIDEO CONVERTER | Modelo: Full HD,https://http2.mlstatic.com/D_NQ_NP_2X_600063-MLV49139953411_022022-F.webp,https://articulo.mercadolibre.com.ve/MLV-561439342-mini-convertidor-de-hdmi-a-rca-_JM,https://www.google.com/search?q=%22LOPITRONICS%22%20Venezuela%20(whatsapp%20OR%20instagram%20OR%20rif%20OR%20telefono%20OR%20tienda),Sí,2026-08-15T08:33:40.581Z
MLV754426951,Super Tweeter Tipo Cebollita El Par Negro,4.49,4.8,83,500,0,Sí,RS STORE,MercadoLíder Platinum,7400,100,50000,99,12,https://www.mercadolibre.com.ve/tienda/rs-store,"Barquisimeto, Lara",Accesorios para Vehículos,Audio para Vehículos > Cornetas,Accesorios para Vehículos > Audio para Vehículos > Cornetas,RS AUTO PARTS,Tweeter,"Marca: RS AUTO PARTS | Modelo: Tweeter | Color: Negro | Cantidad de cornetas: 2 | Ancho del parlante: 1,45 "" | Diámetro del parlante: 1,45 "" | Tipo de vehículo: Carro/Camioneta | Cantidad de bobinas: 1 | Potencia RMS: 10 W",https://http2.mlstatic.com/D_NQ_NP_2X_712804-MLV74497602411_022024-F.webp,https://articulo.mercadolibre.com.ve/MLV-754426951-super-tweeter-tipo-cebollita-el-par-negro-_JM,https://www.google.com/search?q=%22RS%20STORE%22%20Venezuela%20(whatsapp%20OR%20instagram%20OR%20rif%20OR%20telefono%20OR%20tienda),Sí,2026-08-15T08:33:41.023Z
MLV745283603,Cornetas Pioneer 6 Pulgadas 750w 4 Ohms 4 Vias (2 Cornetas),21.98,4.8,305,500,0,Sí,Kaizer Home,MercadoLíder Platinum,2900,100,10000,100,12,https://www.mercadolibre.com.ve/pagina/tecnostorepf,"Punto Fijo, Falcón",Accesorios para Vehículos,Audio para Vehículos > Difusores,Accesorios para Vehículos > Audio para Vehículos > Difusores,Cornetas Pioneer,6 Pulgada 750w 4 Ohms,"Marca: Cornetas Pioneer | Modelo: 6 Pulgada 750w 4 Ohms | Largo x Altura: 16 cm x 5 cm | Material: Metal | Diámetro de la garganta: 6 """,https://http2.mlstatic.com/D_NQ_NP_2X_812496-MLV108419868364_032026-F.webp,https://articulo.mercadolibre.com.ve/MLV-745283603-cornetas-pioneer-6-pulgadas-750w-4-ohms-4-vias-2-cornetas-_JM,https://www.google.com/search?q=%22Kaizer%20Home%22%20Venezuela%20(whatsapp%20OR%20instagram%20OR%20rif%20OR%20telefono%20OR%20tienda),Sí,2026-08-15T08:33:41.492Z
MLV748539480,Adaptador O Convertidor Hdmi A Rca 1080p Full Hd,5.5,4.8,184,500,0,Sí,DGX ONLINE,MercadoLíder Platinum,940,50,10000,100,16,https://www.mercadolibre.com.ve/pagina/dgx,"Girardot (Maracay), Aragua","Electrónica, Audio y Video",Accesorios para Audio y Video > Convertidores de Audio y Video,"Electrónica, Audio y Video > Accesorios para Audio y Video > Convertidores de Audio y Video",N/A,HDMI A RCA,Modelo: HDMI A RCA,https://http2.mlstatic.com/D_NQ_NP_2X_636983-MLV54981728962_042023-F.webp,https://articulo.mercadolibre.com.ve/MLV-748539480-adaptador-o-convertidor-hdmi-a-rca-1080p-full-hd-_JM,https://www.google.com/search?q=%22DGX%20ONLINE%22%20Venezuela%20(whatsapp%20OR%20instagram%20OR%20rif%20OR%20telefono%20OR%20tienda),Sí,2026-08-15T08:33:42.193Z
MLV787285992,Adaptador Vga A Hdmi Convertidor Audio Macho Hembra Puerto,6.99,4.7,250,500,0,Sí,SCAROLA IMPORT,N/A,4100,500,50000,98,6,https://www.mercadolibre.com.ve/pagina/scarolaimport,"Mun. Sucre (este), Distrito Capital","Electrónica, Audio y Video",Accesorios para Audio y Video > Convertidores de Audio y Video,"Electrónica, Audio y Video > Accesorios para Audio y Video > Convertidores de Audio y Video",HD Vision,vga-hdmi,"Marca: HD Vision | Modelo: vga-hdmi | Voltaje: 5V | Cantidad de puertos: 2 | Tipos de alimentación: alimentacion por bus | Voltaje de la batería: 5V | Formatos compatibles de entrada: hdmi | Conectores de entrada: HDMI | Conectores de salida: VGA | Resolución máxima de salida: 1080p | Incluye accesorios: Sí | Accesorios incluidos: Cable de alimentación, Cable plug",https://http2.mlstatic.com/D_NQ_NP_2X_860709-MLV74854388343_032024-F.webp,https://articulo.mercadolibre.com.ve/MLV-787285992-adaptador-vga-a-hdmi-convertidor-audio-macho-hembra-puerto-_JM,https://www.google.com/search?q=%22SCAROLA%20IMPORT%22%20Venezuela%20(whatsapp%20OR%20instagram%20OR%20rif%20OR%20telefono%20OR%20tienda),Sí,2026-08-15T08:33:43.232Z
MLV768257924,Audifonos Auricular In Ear Kz Edx Pro Con Microfono,16,4.9,490,1000,0,Sí,ELECTRONICAIP,MercadoLíder Platinum,1600,1000,10000,99,11,https://www.mercadolibre.com.ve/pagina/electronicaip,"Mun. Libertador (Sureste), Distrito Capital","Electrónica, Audio y Video",Audio > Audífonos,"Electrónica, Audio y Video > Audio > Audífonos",KZ,EDX Pro,"Fabricante: ShenZhen YuanZe Electronics | Marca: KZ | Línea: Gamer | Modelo: EDX Pro | Modelo alfanumérico: KZ EDX Pro | Con micrófono: Sí | Con cancelación de ruido: No | Es infantil: No | Formato del audífono: In-ear | Es monoaural: No | Con luz LED: No | Es inalámbrico: No | Con Bluetooth: No | Largo del cable: 0,1 cm | Con cable desmontable: Sí | Es inalámbrico: No | Con micrófono: Sí | Con cancelación de ruido: No | Con luz LED: No",https://http2.mlstatic.com/D_NQ_NP_2X_884098-MLV71455904952_092023-F.webp,https://articulo.mercadolibre.com.ve/MLV-768257924-audifonos-auricular-in-ear-kz-edx-pro-con-microfono-_JM,https://www.google.com/search?q=%22ELECTRONICAIP%22%20Venezuela%20(whatsapp%20OR%20instagram%20OR%20rif%20OR%20telefono%20OR%20tienda),Sí,2026-08-15T08:33:43.668Z
MLV734893875,Disco Duro Solido Ceamer Ssd 120 Gb 2.5 Sata 3 Negro,39,4.9,264,500,0,Sí,AVENTURA GAMES7,MercadoLíder,100,25,5000,99,5,https://www.mercadolibre.com.ve/pagina/aventuragames7,"Mun. Sucre (este), Distrito Capital",Computación,Almacenamiento > Discos y Accesorios > Discos Duros y Externos,Computación > Almacenamiento > Discos y Accesorios > Discos Duros y Externos,Ceamer,120gb,Marca: Ceamer | Línea: Video 2.5 HDD | Modelo: 120gb | Color: Negro | Capacidad: 120 GB | Tipo de almacenamiento del disco: SSD | Capacidad: 120 GB,https://http2.mlstatic.com/D_NQ_NP_2X_620954-MLV71951347937_092023-F.webp,https://articulo.mercadolibre.com.ve/MLV-734893875-disco-duro-solido-ceamer-ssd-120-gb-25-sata-3-negro-_JM,https://www.google.com/search?q=%22AVENTURA%20GAMES7%22%20Venezuela%20(whatsapp%20OR%20instagram%20OR%20rif%20OR%20telefono%20OR%20tienda),Sí,2026-08-15T08:33:44.110Z
MLV736012037,Cable Av Rca Ps1 Ps2 Ps3 Audio Y Video Play,2.99,4.8,79,500,0,Sí,EAGLE TECHNOLOGIC,MercadoLíder Platinum,1200,100,10000,99,13,https://www.mercadolibre.com.ve/pagina/eagletechnologic,"Valencia (Valencia), Carabobo",Consolas y Videojuegos,Accesorios para Consolas > PlayStation 2 - PS2 > Cables y Adaptadores,Consolas y Videojuegos > Accesorios para Consolas > PlayStation 2 - PS2 > Cables y Adaptadores,PS2,RCA,Marca: PS2 | Modelo: RCA | Tipo de cable y adaptador: RCA,https://http2.mlstatic.com/D_NQ_NP_2X_628850-MLV53533825320_012023-F.webp,https://articulo.mercadolibre.com.ve/MLV-736012037-cable-av-rca-ps1-ps2-ps3-audio-y-video-play-_JM,https://www.google.com/search?q=%22EAGLE%20TECHNOLOGIC%22%20Venezuela%20(whatsapp%20OR%20instagram%20OR%20rif%20OR%20telefono%20OR%20tienda),Sí,2026-08-15T08:33:44.563Z
MLV726496679,Placa Tarjeta Bluetooth 5.0 Decodificadora Modulo Stereo 5v,8,4.9,166,500,0,Sí,SPAL,MercadoLíder Platinum,790,100,10000,97,21,https://www.mercadolibre.com.ve/pagina/enveca,"Valencia (Valencia), Carabobo","Electrónica, Audio y Video",Accesorios para Audio y Video > Convertidores de Audio y Video,"Electrónica, Audio y Video > Accesorios para Audio y Video > Convertidores de Audio y Video",Genérica,Bluetooth,Marca: Genérica | Modelo: Bluetooth,https://http2.mlstatic.com/D_NQ_NP_2X_785985-MLV53328145973_012023-F.webp,https://articulo.mercadolibre.com.ve/MLV-726496679-placa-tarjeta-bluetooth-50-decodificadora-modulo-stereo-5v-_JM,https://www.google.com/search?q=%22SPAL%22%20Venezuela%20(whatsapp%20OR%20instagram%20OR%20rif%20OR%20telefono%20OR%20tienda),Sí,2026-08-15T08:33:45.013Z
MLV766901257,Antena De Techo Tipo Aleta Tiburón Funcional Am/fm Universal,5,4.8,242,500,0,Sí,invjohsnecarsca,MercadoLíder Platinum,390,500,5000,100,12,https://www.mercadolibre.com.ve/pagina/inv.johsnecarsc.a.,"Girardot (Maracay), Aragua",Accesorios para Vehículos,Repuestos Carros y Camionetas > Repuestos de Exterior > Antenas,Accesorios para Vehículos > Repuestos Carros y Camionetas > Repuestos de Exterior > Antenas,original manufacture,aleta tiburon,Marca: original manufacture | Modelo: aleta tiburon | Número de pieza: ant-tib | Largo máximo: 17 cm | Tipo de vehículo: Carro/Camioneta,https://http2.mlstatic.com/D_NQ_NP_2X_805135-MLV92382714981_092025-F.webp,https://articulo.mercadolibre.com.ve/MLV-766901257-antena-de-techo-tipo-aleta-tiburon-funcional-amfm-universal-_JM,https://www.google.com/search?q=%22invjohsnecarsca%22%20Venezuela%20(whatsapp%20OR%20instagram%20OR%20rif%20OR%20telefono%20OR%20tienda),Sí,2026-08-15T08:33:45.477Z
MLV579304884,Reproductor Naxa Mp3/cd Portatil Con Radio Am/fm Stereo,40,4.8,178,500,0,Sí,peda169869,N/A,9,25,500,99,10,https://www.mercadolibre.com.ve/pagina/peda169869,"Mun. Libertador (Oeste), Distrito Capital","Electrónica, Audio y Video",Audio > Reproductores de CDs,"Electrónica, Audio y Video > Audio > Reproductores de CDs",Naxa,NPB-252,Marca: Naxa | Modelo: NPB-252 | Tipo de alimentación: Batería/Corriente doméstica | Voltaje: 110V | Con HDMI: No | Con USB: No | Con karaoke: No | Con Wi-Fi: No | Con Bluetooth: No | Con lector de tarjetas de memoria: No | Incluye control remoto: No,https://http2.mlstatic.com/D_NQ_NP_2X_905704-MLV91227641921_082025-F.webp,https://articulo.mercadolibre.com.ve/MLV-579304884-reproductor-naxa-mp3cd-portatil-con-radio-amfm-stereo-_JM,https://www.google.com/search?q=%22peda169869%22%20Venezuela%20(whatsapp%20OR%20instagram%20OR%20rif%20OR%20telefono%20OR%20tienda),Sí,2026-08-15T08:33:45.914Z
MLV753085286,Convertidor Hdmi A Vga 1080p Hd Macho Hembra Video,3.99,4.8,128,500,0,Sí,SCAROLA IMPORT,N/A,4100,500,50000,98,6,https://www.mercadolibre.com.ve/pagina/scarolaimport,"Mun. Sucre (este), Distrito Capital","Electrónica, Audio y Video",Cables > Cables de Audio y Video,"Electrónica, Audio y Video > Cables > Cables de Audio y Video",Adapter,HDMI - VGA,Marca: Adapter | Modelo: HDMI - VGA | Tipo de cable y adaptador: Adaptador | Color: Negro | Largo del cable: 15 cm | Formato de venta: Unidad | Tipo de producto: Cable adaptador | Diámetro del cable: 10 mm | Cantidad de conectores de entrada: 1 | Cantidad de conectores de salida: 1 | Conector de entrada: HDMI | Conector de salida: VGA | Género del conector de entrada: Macho | Género del conector de salida: Hembra,https://http2.mlstatic.com/D_NQ_NP_2X_762528-MLV69509722900_052023-F.webp,https://articulo.mercadolibre.com.ve/MLV-753085286-convertidor-hdmi-a-vga-1080p-hd-macho-hembra-video-_JM,https://www.google.com/search?q=%22SCAROLA%20IMPORT%22%20Venezuela%20(whatsapp%20OR%20instagram%20OR%20rif%20OR%20telefono%20OR%20tienda),Sí,2026-08-15T08:33:47.509Z
MLV748460666,Panel De Luz Led Para Fotografía Y Video 10 Pulgadas Negro Blanco Frío,37.99,4.9,181,500,0,Sí,ESLAY21,MercadoLíder Platinum,680,100,10000,100,10,https://www.mercadolibre.com.ve/pagina/eslay21,"Barquisimeto, Lara",Cámaras y Accesorios,Accesorios para Cámaras > Estudio e Iluminación > Iluminadores,Cámaras y Accesorios > Accesorios para Cámaras > Estudio e Iluminación > Iluminadores,Led,N/A,Marca: Led | Voltaje: 120/220V | Color de la estructura: Negro | Color de la luz: Blanco frío | Tipos de alimentación: Corriente eléctrica | Potencia: 50 W | Formatos de la luz: Panel | Es LED: Sí,https://http2.mlstatic.com/D_NQ_NP_2X_816240-MLV69782750451_062023-F.webp,https://articulo.mercadolibre.com.ve/MLV-748460666-panel-de-luz-led-para-fotografia-y-video-10-pulgadas-negro-blanco-frio-_JM,https://www.google.com/search?q=%22ESLAY21%22%20Venezuela%20(whatsapp%20OR%20instagram%20OR%20rif%20OR%20telefono%20OR%20tienda),Sí,2026-08-15T08:33:47.951Z
MLV722934167,Monos De Caballero Deportivos Estilo Jogger.,15,4.9,598,1000,0,Sí,Vendido por JORYELIS.,MercadoLíder Platinum,N/A,1,1000,99,11,https://listado.mercadolibre.com.ve/_CustId_182896644,"Mun. Libertador (Centro), Distrito Capital","Ropa, Zapatos y Accesorios",Ropa Deportiva > Pantalones y Joggings,"Ropa, Zapatos y Accesorios > Ropa Deportiva > Pantalones y Joggings",Nacional,Jogger,Marca: Nacional | Modelo: Jogger | Edad: Adultos | Género: Hombre | Material principal: Poliéster | Tiro del pantalón: Alto | Con materiales reciclados: No | Tiro del pantalón: Alto | Marca: Nacional | Material principal: Poliéster | Diseño De La Tela: Tela de Mono,https://http2.mlstatic.com/D_NQ_NP_2X_804628-MLV69893955773_062023-F.webp,https://articulo.mercadolibre.com.ve/MLV-722934167-monos-de-caballero-deportivos-estilo-jogger-_JM,https://www.google.com/search?q=%22Vendido%20por%20JORYELIS.%22%20Venezuela%20(whatsapp%20OR%20instagram%20OR%20rif%20OR%20telefono%20OR%20tienda),Sí,2026-08-15T08:33:48.383Z
MLV707009138,Pijama Para Dama 3 Piezas Franela Pantalón Short Algodón,8.99,4.8,328,500,0,Sí,Inversiones Hyperion,MercadoLíder Platinum,2700,100,10000,99,15,https://www.mercadolibre.com.ve/pagina/inversioneshyperion,"Mun. Chacao (sur), Distrito Capital","Ropa, Zapatos y Accesorios",Ropa Interior y de Dormir > Pijamas y Ropa de Dormir > Pijamas,"Ropa, Zapatos y Accesorios > Ropa Interior y de Dormir > Pijamas y Ropa de Dormir > Pijamas",Pijama Para Dama 3 Piezas Franela Pantalón Short Algodón,Pijama Para Dama 3 Piezas Franela Pantalón Short Algodón,Marca: Pijama Para Dama 3 Piezas Franela Pantalón Short Algodón | Modelo: Pijama Para Dama 3 Piezas Franela Pantalón Short Algodón | Género: Mujer | Edad: Adultos | Personaje: Varios | Cantidad de piezas: 3 | Temporada: Otoño/Invierno | Tipo de cierre: Sin Cierre o Botones | Material principal: Poliéster | Tipos de parte superior: Camisa | Tipos de manga: Corta | Tipos de parte inferior: Pantalón | Es apto para embarazo: Sí | Es apto para personas en período de lactancia: No | Con materiales reciclados: No | Material principal: Poliéster | Temporada de lanzamiento: Otoño/Invierno | Marca: Pijama Para Dama 3 Piezas Franela Pantalón Short Algodón,https://http2.mlstatic.com/D_NQ_NP_2X_934244-MLV114599077032_082026-F.webp,https://articulo.mercadolibre.com.ve/MLV-707009138-pijama-para-dama-3-piezas-franela-pantalon-short-algodon-_JM,https://www.google.com/search?q=%22Inversiones%20Hyperion%22%20Venezuela%20(whatsapp%20OR%20instagram%20OR%20rif%20OR%20telefono%20OR%20tienda),Sí,2026-08-15T08:33:48.840Z
MLV708632360,Conjuntos Deportivos Caballeros Al Mayor Y Al Detal,9.9,4.8,245,500,0,Sí,DAVM1014,MercadoLíder Platinum,330,50,1000,100,17,https://www.mercadolibre.com.ve/pagina/davm1014,"Barinas (Barinas), Barinas","Ropa, Zapatos y Accesorios",Ropa Deportiva > Conjuntos Deportivos,"Ropa, Zapatos y Accesorios > Ropa Deportiva > Conjuntos Deportivos",Nike,Deportivo,Marca: Nike | Modelo: Deportivo | Edad: Adultos | Género: Hombre | Cantidad de piezas: 2 | Material principal: atletica | Con materiales reciclados: No | Material principal: atletica | Diseño De La Tela: atletica | Marca: Nike,https://http2.mlstatic.com/D_NQ_NP_2X_948013-MLV113111242346_072026-F.webp,https://articulo.mercadolibre.com.ve/MLV-708632360-conjuntos-deportivos-caballeros-al-mayor-y-al-detal-_JM,https://www.google.com/search?q=%22DAVM1014%22%20Venezuela%20(whatsapp%20OR%20instagram%20OR%20rif%20OR%20telefono%20OR%20tienda),Sí,2026-08-15T08:33:49.309Z
MLV812539598,Franela Basica De Caballero Unicolor Al Mayor,6.36,4.8,113,500,0,Sí,Inked,MercadoLíder Platinum,1400,100,5000,99,9,https://www.mercadolibre.com.ve/tienda/inked,"Girardot (Maracay), Aragua","Ropa, Zapatos y Accesorios",Franelas y Chemises,"Ropa, Zapatos y Accesorios > Franelas y Chemises",INKED,UNICOLOR,"Marca: INKED | Modelo: UNICOLOR | Género: Sin género | Edad: Adultos | Tipo de prenda: Remera | Formato de venta: Unidad | Usos recomendados: Casual Y Fresca para toda ocasion para marca y emprendimiento. | Tipo de tela: Algodón | Composición: Algodón, Franela, Gramaje230grs, Ropa, Tela | Tipo de manga: Corta | Tipo de cuello: Redondo | Forma del calce: Slim | Es apta para embarazo: No | Material principal: Algodón | Marca: INKED | Diseño De La Tela: Lisa | Material principal: Algodón",https://http2.mlstatic.com/D_NQ_NP_2X_849577-MLV104020504248_012026-F.webp,https://articulo.mercadolibre.com.ve/MLV-812539598-franela-basica-de-caballero-unicolor-al-mayor-_JM,https://www.google.com/search?q=%22Inked%22%20Venezuela%20(whatsapp%20OR%20instagram%20OR%20rif%20OR%20telefono%20OR%20tienda),Sí,2026-08-15T08:33:49.765Z
MLV821625568,"Guantes Tacticos Medio Dedos, Motorizado, Senderismo, Gym Negro M, L, Xl",8,4.8,127,500,0,Sí,MAKROCLICK,MercadoLíder Platinum,1000,100,10000,100,12,https://www.mercadolibre.com.ve/pagina/makroclick,"Barquisimeto, Lara","Ropa, Zapatos y Accesorios",Indumentaria Laboral y Escolar > Indumentaria Táctica > Guantes Tácticos,"Ropa, Zapatos y Accesorios > Indumentaria Laboral y Escolar > Indumentaria Táctica > Guantes Tácticos",Tacticos,Tacticos,"Marca: Tacticos | Modelo: Tacticos | Color: Negro | Talla: M, L, XL | Material principal: Cuero | Es de medio dedo: Sí | Es antideslizante: Sí | Género: Sin género | Color: Negro | Talla: M, L, XL | Material principal: Cuero | Marca: Tacticos",https://http2.mlstatic.com/D_NQ_NP_2X_946361-MLV81553519321_122024-F.webp,https://articulo.mercadolibre.com.ve/MLV-821625568-guantes-tacticos-medio-dedos-motorizado-senderismo-gym-negro-m-l-xl-_JM,https://www.google.com/search?q=%22MAKROCLICK%22%20Venezuela%20(whatsapp%20OR%20instagram%20OR%20rif%20OR%20telefono%20OR%20tienda),Sí,2026-08-15T08:33:50.248Z
MLV573289715,Capturadora De Video Hdmi A Usb 2.0 Streaming Nueva Caja,8.99,4.9,215,500,0,Sí,COMPUMAYORVE,MercadoLíder Platinum,310,50,5000,100,12,https://www.mercadolibre.com.ve/pagina/compumayorve,"Mun. Libertador (Sur), Distrito Capital",Computación,Componentes de PC > Tarjetas > Capturadoras de Video,Computación > Componentes de PC > Tarjetas > Capturadoras de Video,Streaming,2025,Marca: Streaming | Modelo: 2025 | Tipo de capturadora de video: Externa | Puertos de entrada: HDMI | Puertos de salida: USB | Interfaz: USB 2.0,https://http2.mlstatic.com/D_NQ_NP_2X_808903-MLV53133947594_012023-F.webp,https://articulo.mercadolibre.com.ve/MLV-573289715-capturadora-de-video-hdmi-a-usb-20-streaming-nueva-caja-_JM,https://www.google.com/search?q=%22COMPUMAYORVE%22%20Venezuela%20(whatsapp%20OR%20instagram%20OR%20rif%20OR%20telefono%20OR%20tienda),Sí,2026-08-15T08:33:50.678Z
MLV739677899,"3 Docenas De Medias Tobillera De Niños, Dama O Caballeros",10.43,4.8,502,1000,0,Sí,Vendedores Certificados Salud,N/A,4300,1000,10000,98,10,https://www.mercadolibre.com.ve/pagina/offershop,"Mun. Libertador (Sur), Distrito Capital","Ropa, Zapatos y Accesorios",Ropa Interior y de Dormir > Ropa Interior > Medias y Panties > Medias,"Ropa, Zapatos y Accesorios > Ropa Interior y de Dormir > Ropa Interior > Medias y Panties > Medias",36 Pares,medias tobilleras,Marca: 36 Pares | Modelo: medias tobilleras | Edad: Adultos | Género: Sin género | Tipo de medias: Soquete | Tipo de largo: Cortas | Tipo de puntera: normal | Material principal: Algodón | Composición: 95% Algodón 5% Elástico | Personaje: Variado | Con materiales reciclados: No | Cantidad de pares: 36 | Material principal: Algodón | Marca: 36 Pares,https://http2.mlstatic.com/D_NQ_NP_2X_999338-MLV99919402434_122025-F.webp,https://articulo.mercadolibre.com.ve/MLV-739677899-3-docenas-de-medias-tobillera-de-ninos-dama-o-caballeros-_JM,https://www.google.com/search?q=%22Vendedores%20Certificados%20Salud%22%20Venezuela%20(whatsapp%20OR%20instagram%20OR%20rif%20OR%20telefono%20OR%20tienda),Sí,2026-08-15T08:33:51.126Z
MLV799068946,Licras Kirios Colombianas Leggins Fit Deportivas Negro Lisa Unica,9.99,4.9,248,500,0,Sí,MARCO E-MALL,MercadoLíder,100,25,1000,100,21,https://www.mercadolibre.com.ve/pagina/marcoe-mall2462,"Girardot (Maracay), Aragua","Ropa, Zapatos y Accesorios",Ropa Deportiva > Leggings Deportivos,"Ropa, Zapatos y Accesorios > Ropa Deportiva > Leggings Deportivos",KIRIOS ORIGINALES,UNICOLOR,Marca: KIRIOS ORIGINALES | Modelo: UNICOLOR | Género: Mujer | Edad: Adultos | Color: Negro | Diseño de la tela: Lisa | Talla: UNICA | Tipo de calza: Deportivo | Con bolsillos: No | Es térmico: No | Tipo de largo: Largo | Tiro de la calza: Alto | Material principal: Suplex | Es apta para embarazadas: No | Con materiales reciclados: No | Material principal: Suplex | Marca: KIRIOS ORIGINALES | Talla: UNICA,https://http2.mlstatic.com/D_NQ_NP_2X_767282-MLV84241488803_042025-F.webp,https://articulo.mercadolibre.com.ve/MLV-799068946-licras-kirios-colombianas-leggins-fit-deportivas-negro-lisa-unica-_JM,https://www.google.com/search?q=%22MARCO%20E-MALL%22%20Venezuela%20(whatsapp%20OR%20instagram%20OR%20rif%20OR%20telefono%20OR%20tienda),Sí,2026-08-15T08:33:51.560Z
MLV824798832,"Boxer Volbong Originales, Ropa Intima Caballeros",3.99,4.9,121,500,0,Sí,un58freemarket,MercadoLíder Gold,100,5,500,100,11,https://www.mercadolibre.com.ve/pagina/un58freemarket,"Mun. Chacao (norte), Distrito Capital","Ropa, Zapatos y Accesorios",Ropa Interior y de Dormir > Ropa Interior > Boxers y Slips,"Ropa, Zapatos y Accesorios > Ropa Interior y de Dormir > Ropa Interior > Boxers y Slips",VOLBONG,BOXER,Marca: VOLBONG | Modelo: BOXER | Edad: Adultos | Género: Hombre | Formato de venta: Unidad | Tipo de calzoncillo: Boxer | Composición: 97% algodon y 3% elastina | Material principal: Algodón | Tiro del calzoncillo: Alto | Marca: VOLBONG | Material principal: Algodón,https://http2.mlstatic.com/D_NQ_NP_2X_608147-MLV82606954390_032025-F.webp,https://articulo.mercadolibre.com.ve/MLV-824798832-boxer-volbong-originales-ropa-intima-caballeros-_JM,https://www.google.com/search?q=%22un58freemarket%22%20Venezuela%20(whatsapp%20OR%20instagram%20OR%20rif%20OR%20telefono%20OR%20tienda),Sí,2026-08-15T08:33:52.796Z
MLV741984170,Docena De Media De Paño Larga,11.29,4.8,347,500,0,Sí,Vendedores Certificados Salud,N/A,4300,1000,10000,98,10,https://www.mercadolibre.com.ve/pagina/offershop,"Mun. Libertador (Sur), Distrito Capital","Ropa, Zapatos y Accesorios",Ropa Interior y de Dormir > Ropa Interior > Medias y Panties > Medias,"Ropa, Zapatos y Accesorios > Ropa Interior y de Dormir > Ropa Interior > Medias y Panties > Medias",bunny,HI-N15,Marca: bunny | Modelo: HI-N15 | Edad: Adultos | Género: Hombre | Tipo de medias: Deportivas | Tipo de largo: Largas | Tipo de puntera: normal | Material principal: Poliéster | Composición: 95% poliéster/5% elastano | Personaje: UniColor | Con materiales reciclados: No | Cantidad de pares: 12 | Material principal: Poliéster | Marca: bunny,https://http2.mlstatic.com/D_NQ_NP_2X_953690-MLV89890070058_082025-F.webp,https://articulo.mercadolibre.com.ve/MLV-741984170-docena-de-media-de-pano-larga-_JM,https://www.google.com/search?q=%22Vendedores%20Certificados%20Salud%22%20Venezuela%20(whatsapp%20OR%20instagram%20OR%20rif%20OR%20telefono%20OR%20tienda),Sí,2026-08-15T08:33:53.282Z
MLV721302127,Sudaderas Caballeros Y Niños Dri-fit Al Mayor Y Al Detal,5.9,4.8,164,500,0,Sí,DAVM1014,MercadoLíder Platinum,330,50,1000,100,17,https://www.mercadolibre.com.ve/pagina/davm1014,"Barinas (Barinas), Barinas","Ropa, Zapatos y Accesorios",Ropa Deportiva > Sweaters,"Ropa, Zapatos y Accesorios > Ropa Deportiva > Sweaters",Nike,Sudaderas,Marca: Nike | Modelo: Sudaderas | Género: Hombre | Edad: Adultos | Tipo de prenda: Sweater | Es deportiva: Sí | Composición: atletica | Material principal: Poliéster | Es oversize: No | Con capucha: No | Con materiales reciclados: No | Usos recomendados: Deportivo | Marca: Nike | Material principal: Poliéster | Capucha: No,https://http2.mlstatic.com/D_NQ_NP_2X_956765-MLA106285027003_012026-F.webp,https://articulo.mercadolibre.com.ve/MLV-721302127-sudaderas-caballeros-y-ninos-dri-fit-al-mayor-y-al-detal-_JM,https://www.google.com/search?q=%22DAVM1014%22%20Venezuela%20(whatsapp%20OR%20instagram%20OR%20rif%20OR%20telefono%20OR%20tienda),Sí,2026-08-15T08:33:53.773Z
MLV730085112,Franelas Fresca Unisex Microdurazno Manga Corta Son 3 Und,7.98,4.8,22,1000,0,Sí,VENTRONIC NIFRELDI CA,MercadoLíder Platinum,1300,100,10000,99,10,https://www.mercadolibre.com.ve/pagina/ventroniconline,"San Joaquín (San Joaquín), Carabobo","Ropa, Zapatos y Accesorios",Ropa Deportiva > Otros,"Ropa, Zapatos y Accesorios > Ropa Deportiva > Otros",x3,Franelas unisex MICRODURAZNO suave y fresca,Marca: x3 | Modelo: Franelas unisex MICRODURAZNO suave y fresca | Edad: Adultos | Género: Sin género | Marca: x3,https://http2.mlstatic.com/D_NQ_NP_2X_662508-MLV105969425212_022026-F.webp,https://articulo.mercadolibre.com.ve/MLV-730085112-franelas-fresca-unisex-microdurazno-manga-corta-son-3-und-_JM,https://www.google.com/search?q=%22VENTRONIC%20NIFRELDI%20CA%22%20Venezuela%20(whatsapp%20OR%20instagram%20OR%20rif%20OR%20telefono%20OR%20tienda),Sí,2026-08-15T08:33:54.233Z
MLV725562763,Cono De Entrenamiento Tipo Mina Coordinación Pack De 10 Set,5.65,4.6,12,500,0,Sí,EKNIAS,MercadoLíder Platinum,5500,1000,50000,100,17,https://www.mercadolibre.com.ve/pagina/eknias,"Mun. Sucre (este), Distrito Capital",Deportes y Fitness,Fútbol > Equipamiento y Entrenamiento > Conos,Deportes y Fitness > Fútbol > Equipamiento y Entrenamiento > Conos,Jogger,Mina,Marca: Jogger | Modelo: Mina | Altura: 5 cm | Material: Polipropileno | Es flexible: Sí | Altura: 5 cm | Marca: Jogger,https://http2.mlstatic.com/D_NQ_NP_2X_634123-MLV114426500046_082026-F.webp,https://articulo.mercadolibre.com.ve/MLV-725562763-cono-de-entrenamiento-tipo-mina-coordinacion-pack-de-10-set-_JM,https://www.google.com/search?q=%22EKNIAS%22%20Venezuela%20(whatsapp%20OR%20instagram%20OR%20rif%20OR%20telefono%20OR%20tienda),Sí,2026-08-15T08:33:55.150Z
MLV759470408,Rodillera Acolchada Para Vóleibol. Deportes Negro Unica,6,4.9,330,1000,0,Sí,MAKROCLICK,MercadoLíder Platinum,1000,100,10000,100,12,https://www.mercadolibre.com.ve/pagina/makroclick,"Barquisimeto, Lara",Deportes y Fitness,Voley > Rodilleras,Deportes y Fitness > Voley > Rodilleras,Genérica,Protectora,"Marca: Genérica | Modelo: Protectora | Tipo de rodillera: Deportiva | Color: Negro | Talla: UNICA | Formato de venta: Unidad | Espesor: 2 cm | Materiales: Algodón, Spandex | Composición: algodon/ espandex | Es articulada: Sí | Es respirable: Sí | Con correas ajustables: No | Con protección rígida externa: Sí | Es apto para lavadora: Sí",https://http2.mlstatic.com/D_NQ_NP_2X_838537-MLV75720435706_042024-F.webp,https://articulo.mercadolibre.com.ve/MLV-759470408-rodillera-acolchada-para-voleibol-deportes-negro-unica-_JM,https://www.google.com/search?q=%22MAKROCLICK%22%20Venezuela%20(whatsapp%20OR%20instagram%20OR%20rif%20OR%20telefono%20OR%20tienda),Sí,2026-08-15T08:33:55.633Z
MLV803076686,Nutrex Creatina Monohidratada 60 Servicios 300gr Sin Sabor,20.89,4.9,937,1000,0,Sí,ACTIVE ZONE,MercadoLíder Platinum,540,100,5000,98,17,https://www.mercadolibre.com.ve/tienda/active-zone,"Mun. Chacao (norte), Distrito Capital",Estética y Belleza,Salud > Suplementos Alimenticios,Estética y Belleza > Salud > Suplementos Alimenticios,Nutrex Research,N/A,Marca: Nutrex Research | Suplemento principal: Creatina | Nombre comercial: Creatine Drive | Peso neto: 300 g | Clase de suplemento: Creatina | Formato del suplemento: Polvo | Tipo de envase: Pote | Formato de venta: Unidad | Sabor: Sin sabor | Formato de venta: Unidad | Marca: Nutrex Research,https://http2.mlstatic.com/D_NQ_NP_2X_877968-MLV77605746807_072024-F.webp,https://articulo.mercadolibre.com.ve/MLV-803076686-nutrex-creatina-monohidratada-60-servicios-300gr-sin-sabor-_JM,https://www.google.com/search?q=%22ACTIVE%20ZONE%22%20Venezuela%20(whatsapp%20OR%20instagram%20OR%20rif%20OR%20telefono%20OR%20tienda),Sí,2026-08-15T08:33:56.089Z
MLV707600314,Rodillera Ajustable Deportiva Para Entrenamiento Ejercicios,4.99,4.9,770,1000,0,Sí,JUST SPORT,MercadoLíder Platinum,1100,100,10000,100,9,https://www.mercadolibre.com.ve/pagina/justsport.3043,"Barquisimeto, Lara",Deportes y Fitness,Otros,Deportes y Fitness > Otros,JUSTSPORT,Rodillera Protección,Marca: JUSTSPORT | Modelo: Rodillera Protección,https://http2.mlstatic.com/D_NQ_NP_2X_643766-MLV53053046280_122022-F.webp,https://articulo.mercadolibre.com.ve/MLV-707600314-rodillera-ajustable-deportiva-para-entrenamiento-ejercicios-_JM,https://www.google.com/search?q=%22JUST%20SPORT%22%20Venezuela%20(whatsapp%20OR%20instagram%20OR%20rif%20OR%20telefono%20OR%20tienda),Sí,2026-08-15T08:33:56.554Z
MLV802956062,Rodillera Acolchada Deportiva Para Voleibol O Basket,6.99,4.9,221,500,0,Sí,4K-STORE-VZLA,MercadoLíder Platinum,650,50,5000,100,24,https://www.mercadolibre.com.ve/pagina/4k-store-vzla,"Mun. Libertador (Centro), Distrito Capital",Deportes y Fitness,Voley > Rodilleras,Deportes y Fitness > Voley > Rodilleras,Importado,Acolchado,Marca: Importado | Modelo: Acolchado | Tipo de rodillera: Deportiva | Formato de venta: Unidad | Materiales: Nylon | Composición: Acolchado | Es respirable: Sí,https://http2.mlstatic.com/D_NQ_NP_2X_933657-MLV77387103618_072024-F.webp,https://articulo.mercadolibre.com.ve/MLV-802956062-rodillera-acolchada-deportiva-para-voleibol-o-basket-_JM,https://www.google.com/search?q=%224K-STORE-VZLA%22%20Venezuela%20(whatsapp%20OR%20instagram%20OR%20rif%20OR%20telefono%20OR%20tienda),Sí,2026-08-15T08:33:57.028Z
MLV766602746,"Zapatos Para Playa, Piscina, Surf, Camping, Rio, Montaña",33,4.9,241,500,0,Sí,Vendido por AQUARENA,MercadoLíder,N/A,1,500,99,16,https://listado.mercadolibre.com.ve/_CustId_30732604,"Mun. Libertador (Centro), Distrito Capital","Ropa, Zapatos y Accesorios",Calzado > Zapatos Deportivos,"Ropa, Zapatos y Accesorios > Calzado > Zapatos Deportivos",Aquarena.ve,Playeros Acuáticos Damas Caballeros,"Marca: Aquarena.ve | Modelo: Playeros Acuáticos Damas Caballeros | Género: Sin género | Edad: Adultos | Tipos de ajuste: A medida, Ajustable | Usos recomendados: Caminar, Ciclismo, Exteriores, Fitness, Gimnasio, Montaña, Natación, Pesca, Playa, Running, Senderismo, Surf, nadar | Materiales del exterior: Anfibio, Flexible, Fresco, NEOPRENO, Secado rápido | Materiales del interior: Plantilla Transpirable | Materiales de la suela: Acuáticos, Antideslizante, Duradera, Goma, Siete orificios para flujo | Marca: Aquarena.ve | Materiales de la suela: Acuáticos, Antideslizante, Duradera, Goma, Siete orificios para flujo | Diseño De La Tela: Geométrico | Materiales del exterior: Anfibio, Flexible, Fresco, NEOPRENO, Secado rápido | Deportes recomendados: Caminar, Ciclismo, Exteriores, Fitness, Gimnasio, Montaña, Natación, Pesca, Playa, Running, Senderismo, Surf, nadar",https://http2.mlstatic.com/D_NQ_NP_2X_603768-MLV71267201268_082023-F.webp,https://articulo.mercadolibre.com.ve/MLV-766602746-zapatos-para-playa-piscina-surf-camping-rio-montana-_JM,https://www.google.com/search?q=%22Vendido%20por%20AQUARENA%22%20Venezuela%20(whatsapp%20OR%20instagram%20OR%20rif%20OR%20telefono%20OR%20tienda),Sí,2026-08-15T08:33:57.493Z
MLV876822252,"Cuerda Para Saltar. Fitness, Ejercicios, Salto, Deporte. Rojo",4.99,4.9,217,1000,0,Sí,BYCARIIHERZ,N/A,440,25,5000,99,5,https://www.mercadolibre.com.ve/pagina/bycariiherz_8143,"Mun. Libertador (Noreste), Distrito Capital",Deportes y Fitness,"Fitness y Aerobics > Funcional, Pilates y Yoga > Sogas para Saltar","Deportes y Fitness > Fitness y Aerobics > Funcional, Pilates y Yoga > Sogas para Saltar",Genérica,Genérico buen calidad,Marca: Genérica | Modelo: Genérico buen calidad | Color: Rojo | Formato de venta: Unidad | Tipo: Cuerda para saltar básica | Materiales: Plástico | Con mango ergonómico: Sí | Con peso: No | Con contador de saltos: No | Incluye estuche: No | Color: Rojo | Marca: Genérica | Formato de venta: Unidad,https://http2.mlstatic.com/D_NQ_NP_2X_819620-MLV86977946292_072025-F.webp,https://articulo.mercadolibre.com.ve/MLV-876822252-cuerda-para-saltar-fitness-ejercicios-salto-deporte-rojo-_JM,https://www.google.com/search?q=%22BYCARIIHERZ%22%20Venezuela%20(whatsapp%20OR%20instagram%20OR%20rif%20OR%20telefono%20OR%20tienda),Sí,2026-08-15T08:33:57.958Z
MLV724298054,Cuerda De Saltar Acero Resistente Para Ejercicio Gym Fitness,6.99,4.9,321,500,0,Sí,Dspro,MercadoLíder Platinum,810,50,10000,100,4,https://www.mercadolibre.com.ve/tienda/dspro,"Naguanagua (Naguanagua), Carabobo",Deportes y Fitness,"Fitness y Aerobics > Funcional, Pilates y Yoga > Sogas para Saltar","Deportes y Fitness > Fitness y Aerobics > Funcional, Pilates y Yoga > Sogas para Saltar",Dspro,Deportiva Gimnasio Profesional,Marca: Dspro | Modelo: Deportiva Gimnasio Profesional | Tipo: Ajustable | Materiales: Acero/PVC | Con mango ergonómico: Sí | Con peso: Sí | Con contador de saltos: No | Incluye estuche: Sí | Formato de venta: Unidad | Largo: 3 m | Formato de venta: Unidad | Marca: Dspro,https://http2.mlstatic.com/D_NQ_NP_2X_820032-MLV51545137966_092022-F.webp,https://articulo.mercadolibre.com.ve/MLV-724298054-cuerda-de-saltar-acero-resistente-para-ejercicio-gym-fitness-_JM,https://www.google.com/search?q=%22Dspro%22%20Venezuela%20(whatsapp%20OR%20instagram%20OR%20rif%20OR%20telefono%20OR%20tienda),Sí,2026-08-15T08:33:58.499Z
MLV747491008,Zapatos Deportivos Futbol Sala Microtacos Y Guayo 100% Cuero Negro 35-44,27.9,4.9,171,500,0,Sí,JAVIERX68,MercadoLíder Platinum,490,100,10000,100,22,https://www.mercadolibre.com.ve/pagina/javierx68,"San Cristóbal,",Deportes y Fitness,Fútbol > Ropa y Calzado > Tacos,Deportes y Fitness > Fútbol > Ropa y Calzado > Tacos,Adds,clasico,Marca: Adds | Modelo: clasico | Tipo de superficie: Futsal grama concreto | Género: Sin género | Edad: Adultos | Color: Negro | Talla: 35-44 | Marca: Adds | Talla: 35-44,https://http2.mlstatic.com/D_NQ_NP_2X_662324-MLV54967388853_042023-F.webp,https://articulo.mercadolibre.com.ve/MLV-747491008-zapatos-deportivos-futbol-sala-microtacos-y-guayo-100-cuero-negro-35-44-_JM,https://www.google.com/search?q=%22JAVIERX68%22%20Venezuela%20(whatsapp%20OR%20instagram%20OR%20rif%20OR%20telefono%20OR%20tienda),Sí,2026-08-15T08:33:58.946Z
MLV578279165,Cronometro Digital Deportivo Zsd-009 Fitness Crossfit,4.99,5,6,500,0,Sí,Masshopping,MercadoLíder Platinum,3300,500,100000,99,17,https://www.mercadolibre.com.ve/tienda/masshopping,"Barquisimeto, Lara",Deportes y Fitness,Otros,Deportes y Fitness > Otros,Yuehyourt,XL-009B,Marca: Yuehyourt | Modelo: XL-009B,https://http2.mlstatic.com/D_NQ_NP_2X_943557-MLV80918705265_112024-F.webp,https://articulo.mercadolibre.com.ve/MLV-578279165-cronometro-digital-deportivo-zsd-009-fitness-crossfit-_JM,https://www.google.com/search?q=%22Masshopping%22%20Venezuela%20(whatsapp%20OR%20instagram%20OR%20rif%20OR%20telefono%20OR%20tienda),Sí,2026-08-15T08:33:59.391Z
MLV736252227,Zapato Oxford 100% Cuero Dama Plantilla Confort,58,5,16,500,0,Sí,Vendedores Certificados Salud,MercadoLíder Platinum,1200,500,10000,100,20,https://www.mercadolibre.com.ve/pagina/woowstore,San Antonio Del,"Ropa, Zapatos y Accesorios",Calzado > Zapatos Deportivos,"Ropa, Zapatos y Accesorios > Calzado > Zapatos Deportivos",Genérica,100% Cuero,Marca: Genérica | Modelo: 100% Cuero | Género: Mujer | Edad: Adultos | Materiales de la suela: Goma | Con materiales reciclados: No | Marca: Genérica | Diseño De La Tela: Cuero | Materiales de la suela: Goma,https://http2.mlstatic.com/D_NQ_NP_2X_999529-MLV82670118012_032025-F.webp,https://articulo.mercadolibre.com.ve/MLV-736252227-zapato-oxford-100-cuero-dama-plantilla-confort-_JM,https://www.google.com/search?q=%22Vendedores%20Certificados%20Salud%22%20Venezuela%20(whatsapp%20OR%20instagram%20OR%20rif%20OR%20telefono%20OR%20tienda),Sí,2026-08-15T08:33:59.850Z
MLV744794423,Rodillera Deportiva De Compresión Ajustable (2 Piezas),9.99,4.9,244,500,0,Sí,Seynmed,MercadoLíder Platinum,2700,100,10000,100,4,https://www.mercadolibre.com.ve/tienda/seynmed,"Cagua, Aragua",Deportes y Fitness,Fitness y Aerobics > Protección y Rehabilitación > Rodilleras,Deportes y Fitness > Fitness y Aerobics > Protección y Rehabilitación > Rodilleras,Seynmed,Rodillera Bandas Laterales,"Marca: Seynmed | Modelo: Rodillera Bandas Laterales | Tipo de rodillera: Deportiva | Materiales: Elastano, Nailon | Composición: Elastano32%, Nailon68% | Es articulada: No | Es respirable: Sí | Con correas ajustables: Sí | Con protección rígida externa: No | Es apto para lavadora: Sí | Formato de venta: Pack | Unidades por pack: 2 | Espesor: 3 mm",https://http2.mlstatic.com/D_NQ_NP_2X_617968-MLV105900497614_022026-F.webp,https://articulo.mercadolibre.com.ve/MLV-744794423-rodillera-deportiva-de-compresion-ajustable-2-piezas-_JM,https://www.google.com/search?q=%22Seynmed%22%20Venezuela%20(whatsapp%20OR%20instagram%20OR%20rif%20OR%20telefono%20OR%20tienda),Sí,2026-08-15T08:34:00.318Z
MLV822438834,Rodillera Deportiva Compresión Ajustable Elástica Entrenamie,4.99,4.8,214,500,0,Sí,RORAIMASPORT,MercadoLíder,110,25,5000,99,15,https://www.mercadolibre.com.ve/pagina/roraimasport,"Mun. Libertador (Noreste), Distrito Capital",Deportes y Fitness,Fitness y Aerobics > Protección y Rehabilitación > Rodilleras,Deportes y Fitness > Fitness y Aerobics > Protección y Rehabilitación > Rodilleras,Roraima Sport,Rodillera Elástica Ajustable,Marca: Roraima Sport | Modelo: Rodillera Elástica Ajustable | Tipo de rodillera: Deportiva | Formato de venta: Unidad | Materiales: Elastano | Composición: Expandex | Es articulada: Sí | Es respirable: Sí | Con correas ajustables: Sí | Con protección rígida externa: No | Es apto para lavadora: Sí,https://http2.mlstatic.com/D_NQ_NP_2X_642531-MLV81907331361_012025-F.webp,https://articulo.mercadolibre.com.ve/MLV-822438834-rodillera-deportiva-compresion-ajustable-elastica-entrenamie-_JM,https://www.google.com/search?q=%22RORAIMASPORT%22%20Venezuela%20(whatsapp%20OR%20instagram%20OR%20rif%20OR%20telefono%20OR%20tienda),Sí,2026-08-15T08:34:01.634Z
MLV560263432,Medias Deportiva Por Docena Escolar Niño Adultos Ado Gruesa,12.76,5,17,1000,0,Sí,ADRIVER,MercadoLíder Platinum,180,100,1000,100,13,https://www.mercadolibre.com.ve/pagina/adriverac,"Mun. Sucre (este), Distrito Capital","Ropa, Zapatos y Accesorios",Ropa Deportiva > Medias,"Ropa, Zapatos y Accesorios > Ropa Deportiva > Medias",Tomalvvy,N/A,"Marca: Tomalvvy | Edad: Adultos | Género: Hombre | Tipo de medias: Deportivas | Tipo de largo: 3/4 | Material principal: Algodón | Composición: 75% de algodon, 20% de polietser, 5% elasticher | Con materiales reciclados: No | Material principal: Algodón | Marca: Tomalvvy",https://http2.mlstatic.com/D_NQ_NP_2X_637325-MLV110892721342_052026-F.webp,https://articulo.mercadolibre.com.ve/MLV-560263432-medias-deportiva-por-docena-escolar-nino-adultos-ado-gruesa-_JM,https://www.google.com/search?q=%22ADRIVER%22%20Venezuela%20(whatsapp%20OR%20instagram%20OR%20rif%20OR%20telefono%20OR%20tienda),Sí,2026-08-15T08:34:02.073Z
MLV915021828,Bateria Lifepo4 32140 Litio+fosfato Hierro 48w 3.2v 15000mah,8.9,4.9,35,500,0,Sí,CHIMENEAS PLUS,MercadoLíder Platinum,2900,100,10000,98,14,https://www.mercadolibre.com.ve/pagina/chimeneasplus7765,"Valencia (Valencia), Carabobo","Electrónica, Audio y Video",Pilas y Cargadores > Pilas,"Electrónica, Audio y Video > Pilas y Cargadores > Pilas",LifePO4 lfp,lfp lifepo4,Marca: LifePO4 lfp | Modelo: lfp lifepo4 | Tamaño de la pila: 14 cm | Forma: Cilíndrica | Cantidad de packs: 1 | Formato de venta: Unidad | Voltaje nominal: 3.2V | Es recargable: Sí | Composición: LITIO LIFEPO4 | Capacidad de la pila: 15.000 mAh,https://http2.mlstatic.com/D_NQ_NP_2X_817529-MLV104136522324_012026-F.webp,https://articulo.mercadolibre.com.ve/MLV-915021828-bateria-lifepo4-32140-litiofosfato-hierro-48w-32v-15000mah-_JM,https://www.google.com/search?q=%22CHIMENEAS%20PLUS%22%20Venezuela%20(whatsapp%20OR%20instagram%20OR%20rif%20OR%20telefono%20OR%20tienda),Sí,2026-08-15T08:34:02.533Z
MLV759243787,Bateria Li-ion Dmegc 29e 18650 - 2900mah Original Y Testeada,4.5,5,71,500,0,Sí,Vendido por TECNOPEPIN,MercadoLíder Platinum,N/A,100,10000,100,15,https://listado.mercadolibre.com.ve/_CustId_35442627,"Mun. Libertador (Sureste), Distrito Capital","Electrónica, Audio y Video",Pilas y Cargadores > Pilas,"Electrónica, Audio y Video > Pilas y Cargadores > Pilas",DMEGC,INR18650 29E Li-ion,Marca: DMEGC | Modelo: INR18650 29E Li-ion | Tamaño de la pila: 18650 | Forma: Cilíndrica | Formato de venta: Unidad | Voltaje nominal: 3.7V | Es recargable: Sí | Composición: Li-ion | Capacidad de la pila: 2.900 mAh,https://http2.mlstatic.com/D_NQ_NP_2X_792797-MLV107566974706_032026-F.webp,https://articulo.mercadolibre.com.ve/MLV-759243787-bateria-li-ion-dmegc-29e-18650-2900mah-original-y-testeada-_JM,https://www.google.com/search?q=%22Vendido%20por%20TECNOPEPIN%22%20Venezuela%20(whatsapp%20OR%20instagram%20OR%20rif%20OR%20telefono%20OR%20tienda),Sí,2026-08-15T08:34:03.184Z
MLV911108728,Nebulizador Portátil Recargable,6.99,4.8,210,500,0,Sí,Vendido por SUJO1876451,MercadoLíder Platinum,N/A,5,1000,100,12,https://listado.mercadolibre.com.ve/_CustId_163000422,"Mun. Sucre (este), Distrito Capital",Otras Categorías,Otros,Otras Categorías > Otros,Mesh,Recargable,Marca: Mesh | Modelo: Recargable,https://http2.mlstatic.com/D_NQ_NP_2X_890488-MLV90956364620_082025-F.webp,https://articulo.mercadolibre.com.ve/MLV-911108728-nebulizador-portatil-recargable-_JM,https://www.google.com/search?q=%22Vendido%20por%20SUJO1876451%22%20Venezuela%20(whatsapp%20OR%20instagram%20OR%20rif%20OR%20telefono%20OR%20tienda),Sí,2026-08-15T08:34:03.659Z
MLV744695043,Perfume En Aceite Con Feromonas Al Mayor 10 Unidades,38,4.9,181,1000,0,Sí,OLENTIA,MercadoLíder Platinum,460,50,5000,100,7,https://www.mercadolibre.com.ve/pagina/olentiaoficial,"San Antonio, Miranda",Estética y Belleza,Perfumes,Estética y Belleza > Perfumes,Genérica,N/A,"Marca: Genérica | Línea: Perfume en Aceite | Nombre del perfume: Generico | Versión: Extrait De Parfum | Género: Sin género | Tipo de perfume: Parfum | Es recargable: Sí | Volumen de la unidad: 30 mL | Familias olfativas: Amaderado, Cítrico, Dulce, Floral | Tipo: Parfum | Género: Sin género | Tipo de aroma: Amaderado, Cítrico, Dulce, Floral | Volumen de la unidad: 30 mL | Marca: Genérica",https://http2.mlstatic.com/D_NQ_NP_2X_862306-MLV70390175523_072023-F.webp,https://articulo.mercadolibre.com.ve/MLV-744695043-perfume-en-aceite-con-feromonas-al-mayor-10-unidades-_JM,https://www.google.com/search?q=%22OLENTIA%22%20Venezuela%20(whatsapp%20OR%20instagram%20OR%20rif%20OR%20telefono%20OR%20tienda),Sí,2026-08-15T08:34:04.173Z
MLV704902036,Cartucho Hp 664xl Color Y Negro Compatible,24.7,4.8,133,500,0,Sí,ENMA7042614,MercadoLíder Platinum,260,100,10000,100,12,https://www.mercadolibre.com.ve/pagina/enma7042614,"Mun. Chacao (norte), Distrito Capital",Computación,Impresión > Insumos de Impresión > Cartuchos de Tinta,Computación > Impresión > Insumos de Impresión > Cartuchos de Tinta,HP,664XL,"Marca: HP | Línea: Advantage | Modelo: 664XL | Tipo de cartucho: Original | Contenido total en volumen: 15,4 mL | Color de la tinta: Negro | Formato de venta: 1 | Rendimiento de páginas: 100 | Es recargable: Sí",https://http2.mlstatic.com/D_NQ_NP_2X_710536-MLV49607943780_042022-F.webp,https://articulo.mercadolibre.com.ve/MLV-704902036-cartucho-hp-664xl-color-y-negro-compatible-_JM,https://www.google.com/search?q=%22ENMA7042614%22%20Venezuela%20(whatsapp%20OR%20instagram%20OR%20rif%20OR%20telefono%20OR%20tienda),Sí,2026-08-15T08:34:04.986Z
MLV565289794,Cartucho De Tinta Compatible Hp 122xl Negro Y Color Garantiz,23.75,4.8,232,500,0,Sí,ENMA7042614,MercadoLíder Platinum,260,100,10000,100,12,https://www.mercadolibre.com.ve/pagina/enma7042614,"Mun. Chacao (norte), Distrito Capital",Computación,Impresión > Insumos de Impresión > Cartuchos de Tinta,Computación > Impresión > Insumos de Impresión > Cartuchos de Tinta,HP,122XL,"Marca: HP | Modelo: 122XL | Tipo de cartucho: Original | Contenido total en volumen: 0,7 mL | Color de la tinta: Negro | Formato de venta: Nuevo | Rendimiento de páginas: 150 | Es recargable: Sí",https://http2.mlstatic.com/D_NQ_NP_2X_921116-MLV49608483033_042022-F.webp,https://articulo.mercadolibre.com.ve/MLV-565289794-cartucho-de-tinta-compatible-hp-122xl-negro-y-color-garantiz-_JM,https://www.google.com/search?q=%22ENMA7042614%22%20Venezuela%20(whatsapp%20OR%20instagram%20OR%20rif%20OR%20telefono%20OR%20tienda),Sí,2026-08-15T08:34:05.793Z
MLV701989459,Baterías Pilas Recargables Aaa Ebl 1.2v 1100mah,8,4.9,288,1000,0,Sí,Vendido por TECNOPEPIN,MercadoLíder Platinum,N/A,100,10000,100,15,https://listado.mercadolibre.com.ve/_CustId_35442627,"Mun. Libertador (Sureste), Distrito Capital","Electrónica, Audio y Video",Pilas y Cargadores > Pilas,"Electrónica, Audio y Video > Pilas y Cargadores > Pilas",EBL,LN-8122,Marca: EBL | Modelo: LN-8122 | Tamaño de la pila: AAA | Forma: Cilíndrica | Formato de venta: Pack | Unidades por pack: 4 | Voltaje nominal: 1.2V | Es recargable: Sí | Composición: Ni-MH | Capacidad de la pila: 1.100 mAh,https://http2.mlstatic.com/D_NQ_NP_2X_676779-MLV112366057860_062026-F.webp,https://articulo.mercadolibre.com.ve/MLV-701989459-baterias-pilas-recargables-aaa-ebl-12v-1100mah-_JM,https://www.google.com/search?q=%22Vendido%20por%20TECNOPEPIN%22%20Venezuela%20(whatsapp%20OR%20instagram%20OR%20rif%20OR%20telefono%20OR%20tienda),Sí,2026-08-15T08:34:06.361Z
MLV702008919,Baterías Pilas Recargables Aa Ebl 1.2v 2800mah Nimh,11,4.9,328,1000,0,Sí,Vendido por TECNOPEPIN,MercadoLíder Platinum,N/A,100,10000,100,15,https://listado.mercadolibre.com.ve/_CustId_35442627,"Mun. Libertador (Sureste), Distrito Capital","Electrónica, Audio y Video",Pilas y Cargadores > Pilas,"Electrónica, Audio y Video > Pilas y Cargadores > Pilas",EBL,LN-8112,Marca: EBL | Modelo: LN-8112 | Tamaño de la pila: AA | Forma: Cilíndrica | Formato de venta: Pack | Unidades por pack: 4 | Voltaje nominal: 1.2V | Es recargable: Sí | Composición: Ni-MH | Capacidad de la pila: 2.800 mAh,https://http2.mlstatic.com/D_NQ_NP_2X_811332-MLV106105655089_012026-F.webp,https://articulo.mercadolibre.com.ve/MLV-702008919-baterias-pilas-recargables-aa-ebl-12v-2800mah-nimh-_JM,https://www.google.com/search?q=%22Vendido%20por%20TECNOPEPIN%22%20Venezuela%20(whatsapp%20OR%20instagram%20OR%20rif%20OR%20telefono%20OR%20tienda),Sí,2026-08-15T08:34:08.037Z
MLV737668858,Pistola Percusion Masaje Recargable Dolores Musculos 2000mah,9.98,4.8,240,500,0,Sí,IMSUBEROVA,MercadoLíder Platinum,430,100,1000,100,6,https://www.mercadolibre.com.ve/pagina/berovaml,"Girardot (Maracay), Aragua",Estética y Belleza,Salud > Masajes > Masajeadores > Otros,Estética y Belleza > Salud > Masajes > Masajeadores > Otros,Imsuberova,Masajeador,Marca: Imsuberova | Modelo: Masajeador,https://http2.mlstatic.com/D_NQ_NP_2X_686138-MLV53754559776_022023-F.webp,https://articulo.mercadolibre.com.ve/MLV-737668858-pistola-percusion-masaje-recargable-dolores-musculos-2000mah-_JM,https://www.google.com/search?q=%22IMSUBEROVA%22%20Venezuela%20(whatsapp%20OR%20instagram%20OR%20rif%20OR%20telefono%20OR%20tienda),Sí,2026-08-15T08:34:08.489Z
MLV768467330,"Perfume En Aceite Larga Duracion, Feromonas 60ml Caballero",11,4.9,9,500,0,Sí,OLENTIA,MercadoLíder Platinum,460,50,5000,100,7,https://www.mercadolibre.com.ve/pagina/olentiaoficial,"San Antonio, Miranda",Estética y Belleza,Perfumes,Estética y Belleza > Perfumes,Genérica,N/A,"Marca: Genérica | Línea: Elixir de Perfume | Nombre del perfume: Pefume en Aceite | Versión: Spray | Género: Hombre | Tipo de perfume: Parfum | Es recargable: Sí | Volumen de la unidad: 60 mL | Familias olfativas: Amaderado, Cítrico, Dulce | Tipo: Parfum | Género: Hombre | Tipo de aroma: Amaderado, Cítrico, Dulce | Volumen de la unidad: 60 mL | Marca: Genérica",https://http2.mlstatic.com/D_NQ_NP_2X_648407-MLV71544339271_092023-F.webp,https://articulo.mercadolibre.com.ve/MLV-768467330-perfume-en-aceite-larga-duracion-feromonas-60ml-caballero-_JM,https://www.google.com/search?q=%22OLENTIA%22%20Venezuela%20(whatsapp%20OR%20instagram%20OR%20rif%20OR%20telefono%20OR%20tienda),Sí,2026-08-15T08:34:09.213Z
MLV547484189,Bombillo Led 60w Emergencia Recargable. Blanco,2.94,4.4,512,1000,0,Sí,SAMU DIGITAL,N/A,2900,100,50000,97,10,https://www.mercadolibre.com.ve/pagina/samudigital,"Barquisimeto, Lara",Hogar y Muebles,Iluminación para el Hogar > Bombillos,Hogar y Muebles > Iluminación para el Hogar > Bombillos,N/A,Recargable USB,Temperatura de color: 6.500 K | Forma: Bulbo | Es dimeable: No | Con Wi-Fi: No | Modelo: Recargable USB | Tecnología de iluminación: LED | Potencia: 60 W | Voltaje: 5V | Color de la luz: Blanco | Tecnología de iluminación: LED | Color de la luz: Blanco | Forma: Bulbo,https://http2.mlstatic.com/D_NQ_NP_2X_839243-MLV43042387125_082020-F.webp,https://articulo.mercadolibre.com.ve/MLV-547484189-bombillo-led-60w-emergencia-recargable-blanco-_JM,https://www.google.com/search?q=%22SAMU%20DIGITAL%22%20Venezuela%20Barquisimeto%20(whatsapp%20OR%20instagram%20OR%20rif%20OR%20telefono%20OR%20tienda),Sí,2026-08-16T23:31:04.763Z
MLV714094194,Maquina De Afeitar Cabello Shaver Kemei Km-2024 Inalambrica Negro,15.99,4.5,237,500,0,Sí,RENNYJO,MercadoLíder Platinum,1700,500,10000,100,16,https://www.mercadolibre.com.ve/pagina/rennyjo6019,"Pto. Ordaz, Bolívar",Estética y Belleza,Artefactos para el Cabello > Cortadoras de Cabello,Estética y Belleza > Artefactos para el Cabello > Cortadoras de Cabello,Kemei,2024,"Marca: Kemei | Línea: Inalámbrica | Modelo: 2024 | Modelo alfanumérico: KM-2024 | Color: Negro | Voltaje: 110V | Incluye batería recargable: Sí | Funciones: Rasuradora | Tipo de alimentación: Batería | Con cabezales lavables: Sí | Es apta para viaje: Sí | Es apta para bebés: Sí | Es inalámbrica: Sí | Accesorios incluidos: Aceite lubricante, Cable USB, Cepillo | Es inalámbrica: Sí | Marca: Kemei | Color: Negro | Tipo de alimentación: Batería",https://http2.mlstatic.com/D_NQ_NP_2X_935522-MLV49666676666_042022-F.webp,https://articulo.mercadolibre.com.ve/MLV-714094194-maquina-de-afeitar-cabello-shaver-kemei-km-2024-inalambrica-negro-_JM,https://www.google.com/search?q=%22RENNYJO%22%20Venezuela%20(whatsapp%20OR%20instagram%20OR%20rif%20OR%20telefono%20OR%20tienda),Sí,2026-08-15T08:34:10.220Z
MLV763531497,Linterna Yani Yn 1688 De Mano Original Solo Al Mayor Blanco Rojo Marrón Naranja,4.83,5,28,500,0,Sí,INVERSIONES UNITECH,MercadoLíder Platinum,3500,1000,10000,99,13,https://www.mercadolibre.com.ve/pagina/americasonido2323,"Guanare, Portuguesa",Deportes y Fitness,"Camping, Caza y Pesca > Linternas y Faroles > Linternas","Deportes y Fitness > Camping, Caza y Pesca > Linternas y Faroles > Linternas",Yani,YN-1688,Marca: Yani | Modelo: YN-1688 | Color de la luz: Blanco | Color de la linterna: Rojo Marrón Naranja | Peso: 130 g | Tipo de linterna: De mano | Tipo de alimentación: Baterialitio | Tipo de luz: LED | Cantidad de modos de cambio de luz: 2 | Duración máxima: 10 h | Incluye pilas: Sí | Es recargable: Sí | Con carga USB: No | Es resistente al polvo: Sí | Es a prueba de agua: No | Con zoom: No | Con láser: No | Marca: Yani | Es a prueba de agua: No | Tipo de alimentación: Baterialitio,https://http2.mlstatic.com/D_NQ_NP_2X_668381-MLV87431895807_072025-F.webp,https://articulo.mercadolibre.com.ve/MLV-763531497-linterna-yani-yn-1688-de-mano-original-solo-al-mayor-blanco-rojo-marron-naranja-_JM,https://www.google.com/search?q=%22INVERSIONES%20UNITECH%22%20Venezuela%20(whatsapp%20OR%20instagram%20OR%20rif%20OR%20telefono%20OR%20tienda),Sí,2026-08-15T08:34:10.799Z
MLV764596166,Maquina De Afeitar Trimmer Patillera T9 Profesional Tienda,5,4.7,615,1000,0,Sí,Cactus,MercadoLíder Platinum,1800,100,10000,98,10,https://www.mercadolibre.com.ve/tienda/cactus,"Mun. Libertador (Noreste), Distrito Capital",Estética y Belleza,Artefactos para el Cabello > Cortadoras de Cabello,Estética y Belleza > Artefactos para el Cabello > Cortadoras de Cabello,Vintage,T9,"Marca: Vintage | Línea: Profissional | Modelo: T9 | Modelo alfanumérico: T9 | Voltaje: 9V | Con cabezales lavables: Sí | Es apta para viaje: Sí | Es apta para bebés: No | Es inalámbrica: Sí | Funciones: Rasurar, afeitar | Cantidad de posiciones: 4 | Tipo de alimentación: Batería | Potencia: 5 W | Tipos de cabezales: Planos | Incluye batería recargable: Sí | Accesorios incluidos: 1 cable de carga 1 cepillo limpiador 1 manual | Cantidad de peines: 4 | Es inalámbrica: Sí | Tipo de alimentación: Batería | Cantidad de peines: 4 | Marca: Vintage | Potencia: 5 W",https://http2.mlstatic.com/D_NQ_NP_2X_629134-MLV85411211874_062025-F.webp,https://articulo.mercadolibre.com.ve/MLV-764596166-maquina-de-afeitar-trimmer-patillera-t9-profesional-tienda-_JM,https://www.google.com/search?q=%22Cactus%22%20Venezuela%20(whatsapp%20OR%20instagram%20OR%20rif%20OR%20telefono%20OR%20tienda),Sí,2026-08-15T08:34:11.240Z
MLV804744390,Bombillo Led 20w Recargable Para Socate E27 Marca Reik Blanco Frío,3.52,4.4,175,1000,0,Sí,INVERSIONES UNITECH,MercadoLíder Platinum,3500,1000,10000,99,13,https://www.mercadolibre.com.ve/pagina/americasonido2323,"Guanare, Portuguesa",Hogar y Muebles,Iluminación para el Hogar > Bombillos,Hogar y Muebles > Iluminación para el Hogar > Bombillos,Reikpro,20W led,Temperatura de color: 6.500 K | Formato de venta: Unidad | Tipos de rosca: E27 | Forma: Bulbo | Es dimeable: No | Con Wi-Fi: No | Marca: Reikpro | Modelo: 20W led | Tecnología de iluminación: LED | Potencia: 20 W | Voltaje: 120/220V | Color de la luz: Blanco frío | Tecnología de iluminación: LED | Color de la luz: Blanco frío | Forma: Bulbo,https://http2.mlstatic.com/D_NQ_NP_2X_889669-MLV88903071447_072025-F.webp,https://articulo.mercadolibre.com.ve/MLV-804744390-bombillo-led-20w-recargable-para-socate-e27-marca-reik-blanco-frio-_JM,https://www.google.com/search?q=%22INVERSIONES%20UNITECH%22%20Venezuela%20(whatsapp%20OR%20instagram%20OR%20rif%20OR%20telefono%20OR%20tienda),Sí,2026-08-15T08:34:11.723Z
MLV733527592,Baterías Recargables Aa Sony 4 Pilas/ 4.600 Mah 1.2 V,6,4.4,583,1000,0,Sí,Tienda Virtual Multionline,MercadoLíder Platinum,400,100,10000,99,6,https://www.mercadolibre.com.ve/pagina/tiendavirtualmultionline,"Valencia (Valencia), Carabobo","Electrónica, Audio y Video",Pilas y Cargadores > Pilas,"Electrónica, Audio y Video > Pilas y Cargadores > Pilas",Sony,AA,Marca: Sony | Modelo: AA | Tamaño de la pila: AA | Forma: Cilíndrica | Formato de venta: Pack | Unidades por pack: 2 | Voltaje nominal: 110V | Es recargable: Sí | Capacidad de la pila: 4.600 mAh,https://http2.mlstatic.com/D_NQ_NP_2X_925045-MLV71479922802_092023-F.webp,https://articulo.mercadolibre.com.ve/MLV-733527592-baterias-recargables-aa-sony-4-pilas-4600-mah-12-v-_JM,https://www.google.com/search?q=%22Tienda%20Virtual%20Multionline%22%20Venezuela%20(whatsapp%20OR%20instagram%20OR%20rif%20OR%20telefono%20OR%20tienda),Sí,2026-08-15T08:34:12.236Z
MLV768101701,Linterna Led De Mano Recargable Usb Táctica Zoom Alta Lumino Blanco Negro,3.9,4.7,82,500,0,Sí,DISTRIBUIDORA EDMIDIMAR CA,MercadoLíder Platinum,1500,100,10000,100,16,https://www.mercadolibre.com.ve/pagina/distribuidoraedmidimar_c.a,"Girardot (Maracay), Aragua",Deportes y Fitness,"Camping, Caza y Pesca > Linternas y Faroles > Linternas","Deportes y Fitness > Camping, Caza y Pesca > Linternas y Faroles > Linternas",Linterna,Recargable Led Lupa 9cm,"Marca: Linterna | Modelo: Recargable Led Lupa 9cm | Color de la luz: Blanco | Color de la linterna: Negro | Largo: 9,4 cm | Diámetro: 2,5 cm | Tipo de linterna: De mano | Usos recomendados: Camping, Noche, Playa | Tipo de alimentación: USB | Tipo de luz: LED | Cantidad de modos de cambio de luz: 3 | Es recargable: Sí | Con carga USB: Sí | Es resistente al polvo: Sí | Es a prueba de agua: Sí | Con zoom: Sí | Marca: Linterna | Es a prueba de agua: Sí | Tipo de alimentación: USB",https://http2.mlstatic.com/D_NQ_NP_2X_657858-MLV80492154280_112024-F.webp,https://articulo.mercadolibre.com.ve/MLV-768101701-linterna-led-de-mano-recargable-usb-tactica-zoom-alta-lumino-blanco-negro-_JM,https://www.google.com/search?q=%22DISTRIBUIDORA%20EDMIDIMAR%20CA%22%20Venezuela%20(whatsapp%20OR%20instagram%20OR%20rif%20OR%20telefono%20OR%20tienda),Sí,2026-08-15T08:34:12.700Z
MLV806611380,Lampara T5 Led Recargable Emergencia 60w Usb Portatil 52 Cm Azul,6.78,4.6,133,500,0,Sí,TITANIUM LED,MercadoLíder Platinum,240,25,1000,99,21,https://www.mercadolibre.com.ve/pagina/titaniumled,"Mun. Sucre (este), Distrito Capital",Hogar y Muebles,Iluminación para el Hogar > Lámparas de Emergencia,Hogar y Muebles > Iluminación para el Hogar > Lámparas de Emergencia,Genérica,BL345,"Marca: Genérica | Modelo: BL345 | Tipo de producto: Luz de emergencia | Color: Azul | Voltaje: 5V | Formato de venta: Unidad | Tipo de luz: LED | Autonomía mínima de horas: 1 h | Autonomía máxima de horas: 2 h | Tiempo de carga de la batería: 8 h | Incluye batería recargable: Sí | Tipos de alimentación: 5V | Tipo de batería: Li-ion | Capacidad de la batería: 1,8 Ah | Voltaje de la batería: 6V",https://http2.mlstatic.com/D_NQ_NP_2X_738913-MLV78318401425_082024-F.webp,https://articulo.mercadolibre.com.ve/MLV-806611380-lampara-t5-led-recargable-emergencia-60w-usb-portatil-52-cm-azul-_JM,https://www.google.com/search?q=%22TITANIUM%20LED%22%20Venezuela%20(whatsapp%20OR%20instagram%20OR%20rif%20OR%20telefono%20OR%20tienda),Sí,2026-08-15T08:34:13.147Z
MLV920687014,LG Pila Recargable 18650 Inr18650m29 2850mah 3.7v,4.5,4.7,27,500,0,Sí,Vendido por TECNOPEPIN,MercadoLíder Platinum,N/A,100,10000,100,15,https://listado.mercadolibre.com.ve/_CustId_35442627,"Mun. Libertador (Sureste), Distrito Capital","Electrónica, Audio y Video",Pilas y Cargadores > Pilas,"Electrónica, Audio y Video > Pilas y Cargadores > Pilas",LG,INR18650M29,Marca: LG | Modelo: INR18650M29 | Tamaño de la pila: 18650 | Forma: Cilíndrica | Formato de venta: Unidad | Voltaje nominal: 3.7V | Es recargable: Sí | Composición: Li-ion | Capacidad de la pila: 2.850 mAh,https://http2.mlstatic.com/D_NQ_NP_2X_896648-MLA108301019687_032026-F.webp,https://articulo.mercadolibre.com.ve/MLV-920687014-lg-pila-recargable-18650-inr18650m29-2850mah-37v-_JM,https://www.google.com/search?q=%22Vendido%20por%20TECNOPEPIN%22%20Venezuela%20(whatsapp%20OR%20instagram%20OR%20rif%20OR%20telefono%20OR%20tienda),Sí,2026-08-15T08:34:13.585Z
MLV804744396,Bombillo Led 50w Recargable Para Socate E27 Marca Reik Blanco Frío,5.31,0,0,500,0,Sí,INVERSIONES UNITECH,MercadoLíder Platinum,3500,1000,10000,99,13,https://www.mercadolibre.com.ve/pagina/americasonido2323,"Guanare, Portuguesa",Hogar y Muebles,Iluminación para el Hogar > Bombillos,Hogar y Muebles > Iluminación para el Hogar > Bombillos,Reikpro,50W LED,Temperatura de color: 6.500 K | Formato de venta: Unidad | Tipos de rosca: E27 | Forma: Bulbo | Es dimeable: No | Con Wi-Fi: No | Marca: Reikpro | Modelo: 50W LED | Tecnología de iluminación: LED | Potencia: 50 W | Voltaje: 120/220V | Color de la luz: Blanco frío | Tecnología de iluminación: LED | Color de la luz: Blanco frío | Forma: Bulbo,https://http2.mlstatic.com/D_NQ_NP_2X_676590-MLV88906370875_072025-F.webp,https://articulo.mercadolibre.com.ve/MLV-804744396-bombillo-led-50w-recargable-para-socate-e27-marca-reik-blanco-frio-_JM,https://www.google.com/search?q=%22INVERSIONES%20UNITECH%22%20Venezuela%20(whatsapp%20OR%20instagram%20OR%20rif%20OR%20telefono%20OR%20tienda),Sí,2026-08-15T08:34:14.062Z
MLV527262671,Dispensador De Agua Electrico Para Botellones,4.99,4.7,820,1000,0,Sí,QUINGEL QUINTERO,MercadoLíder Platinum,1300,100,10000,99,14,https://www.mercadolibre.com.ve/pagina/quingelquintero9908,"Mun. Libertador (Sur), Distrito Capital",Electrodomésticos,Dispensadores y Filtros > Dispensadores de Agua,Electrodomésticos > Dispensadores y Filtros > Dispensadores de Agua,Dispensador,Eléctrico,Tipo de alimentación: Recargable | Es industrial: No | Incluye filtro: No | Marca: Dispensador | Modelo: Eléctrico | Color: Chocolate | Voltaje: Recargable | Es industrial: No,https://http2.mlstatic.com/D_NQ_NP_2X_687114-MLV85824056056_062025-F.webp,https://articulo.mercadolibre.com.ve/MLV-527262671-dispensador-de-agua-electrico-para-botellones-_JM,https://www.google.com/search?q=%22QUINGEL%20QUINTERO%22%20Venezuela%20(whatsapp%20OR%20instagram%20OR%20rif%20OR%20telefono%20OR%20tienda),Sí,2026-08-15T08:34:14.521Z
MLV845594680,Mini Masajeador Cervical Cuello Y Espalda Tens Recargable Negro,2.45,4.6,417,1000,0,Sí,LIBERFULLVE,MercadoLíder Platinum,3200,100,10000,99,10,https://www.mercadolibre.com.ve/pagina/liberfullve,"Barquisimeto, Lara",Estética y Belleza,Salud > Masajes > Masajeadores > Masajeadores Portátiles > Eléctricos,Estética y Belleza > Salud > Masajes > Masajeadores > Masajeadores Portátiles > Eléctricos,Genérica,MINI MASAJEADOR,"Marca: Genérica | Modelo: MINI MASAJEADOR | Voltaje: 5V | Color: Negro | Es una pistola masajeadora: No | Con regulador de velocidad: Sí | Zonas de aplicación: Brazos, Cervical, Cuello, Espalda, Muslos, Pies | Color: Negro | Zonas de aplicación: Brazos, Cervical, Cuello, Espalda, Muslos, Pies | Marca: Genérica",https://http2.mlstatic.com/D_NQ_NP_2X_737847-MLV110176225595_042026-F.webp,https://articulo.mercadolibre.com.ve/MLV-845594680-mini-masajeador-cervical-cuello-y-espalda-tens-recargable-negro-_JM,https://www.google.com/search?q=%22LIBERFULLVE%22%20Venezuela%20Barquisimeto%20(whatsapp%20OR%20instagram%20OR%20rif%20OR%20telefono%20OR%20tienda),Sí,2026-08-16T23:31:31.472Z
MLV826342772,Hidrojet Recargable Inalámbrico Portátil De Alta Presión Negro 50,29.99,4.7,942,1000,0,Sí,CooPack,MercadoLíder Platinum,1400,50,10000,99,5,https://www.mercadolibre.com.ve/pagina/gaev7126450,"San Cristóbal,",Herramientas,Herramientas Eléctricas > Limpieza > Hidrolavadoras,Herramientas > Herramientas Eléctricas > Limpieza > Hidrolavadoras,IMPORT US,inalámbrica,"Marca: IMPORT US | Modelo: inalámbrica | Color: Negro | Voltaje: 21V | Frecuencia: 50 | Potencia: 600 W | Tipo de alimentación: Batería | Tipo de batería: Li-ion | Es portátil: Sí | Presión máxima: 33,09 bar | Caudal de agua: 50 l/min | Usos recomendados: Esta hidrojet portátil es ideal para trabajos de limpieza más pesados pero rutinarios; como el lavado de coches, la | Temperatura máxima de agua: 60 °C | Nivel de presión sonora: 1 dBA | Incluye cargador: Sí | Accesorios incluidos: 2 Boquillas de salida de agua., 2 Cargador CC 21V 260 W., 2 Conectores de entrada de agua., 2 baterías, Manguera de agua | Presión máxima: 33.095 bar | Caudal de agua: 50 l/min",https://http2.mlstatic.com/D_NQ_NP_2X_873159-MLV112019993274_062026-F.webp,https://articulo.mercadolibre.com.ve/MLV-826342772-hidrojet-recargable-inalambrico-portatil-de-alta-presion-negro-50-_JM,https://www.google.com/search?q=%22CooPack%22%20Venezuela%20(whatsapp%20OR%20instagram%20OR%20rif%20OR%20telefono%20OR%20tienda),Sí,2026-08-15T08:34:15.507Z
MLV862801970,Audifonos Inalambricos Ows-t2 Recargables Ergonomico,11.99,4.7,246,500,0,Sí,TRENDY TECHNOLOGI,MercadoLíder Platinum,220,100,10000,100,11,https://www.mercadolibre.com.ve/pagina/trendy_technologi3518,"Barquisimeto, Lara","Electrónica, Audio y Video",Audio > Audífonos,"Electrónica, Audio y Video > Audio > Audífonos",TDDS,OWS-T2,Marca: TDDS | Línea: Manos libres | Modelo: OWS-T2 | Modelo alfanumérico: OWS-T2 | Con micrófono: Sí | Es infantil: No | Formato del audífono: Abierto-oído | Es monoaural: Sí | Con luz LED: Sí | Es inalámbrico: Sí | Con Bluetooth: Sí | Es inalámbrico: Sí | Con luz LED: Sí | Con micrófono: Sí,https://http2.mlstatic.com/D_NQ_NP_2X_783352-MLV86102947972_062025-F.webp,https://articulo.mercadolibre.com.ve/MLV-862801970-audifonos-inalambricos-ows-t2-recargables-ergonomico-_JM,https://www.google.com/search?q=%22TRENDY%20TECHNOLOGI%22%20Venezuela%20(whatsapp%20OR%20instagram%20OR%20rif%20OR%20telefono%20OR%20tienda),Sí,2026-08-15T08:34:15.978Z
MLV729108875,Mouse Raton Inalambrico Bluetooth Recargable Negro,5,4.7,205,500,0,Sí,technodigitaljn,MercadoLíder Platinum,2900,500,100000,97,8,https://www.mercadolibre.com.ve/pagina/technodigital_jn,"Valencia (Valencia), Carabobo",Computación,Periféricos de PC > Mouses y Teclados > Mouses,Computación > Periféricos de PC > Mouses y Teclados > Mouses,N/A,N/A,Color: Negro | Resolución del sensor: 1.200 dpi | Con Bluetooth: Sí | Con cable: No | Tipo de mouse: Inalámbrico | Es inalámbrico: Sí | Cantidad de botones: 5 | Tipo de mouse: Inalámbrico | Es inalámbrico: Sí | Resolución del sensor: 1200 dpi,https://http2.mlstatic.com/D_NQ_NP_2X_970685-MLV72454654963_102023-F.webp,https://articulo.mercadolibre.com.ve/MLV-729108875-mouse-raton-inalambrico-bluetooth-recargable-negro-_JM,https://www.google.com/search?q=%22technodigitaljn%22%20Venezuela%20(whatsapp%20OR%20instagram%20OR%20rif%20OR%20telefono%20OR%20tienda),Sí,2026-08-15T08:34:16.461Z
MLV726886715,Linterna Mini Lampara Led Mecanico Emergencia Tiktok Taller Negro,2.5,4.7,95,500,0,Sí,JOC STORE,MercadoLíder Platinum,1900,100,10000,100,15,https://www.mercadolibre.com.ve/pagina/jocstore,"Barquisimeto, Lara",Hogar y Muebles,Iluminación para el Hogar > Lámparas de Emergencia,Hogar y Muebles > Iluminación para el Hogar > Lámparas de Emergencia,Worklight,MINI LINTERNA MECANICO,Marca: Worklight | Modelo: MINI LINTERNA MECANICO | Color: Negro | Altura: 19 cm | Tipo de luz: LED | Incluye batería recargable: Sí | Tipos de alimentación: USB,https://http2.mlstatic.com/D_NQ_NP_2X_810581-MLV71898724206_092023-F.webp,https://articulo.mercadolibre.com.ve/MLV-726886715-linterna-mini-lampara-led-mecanico-emergencia-tiktok-taller-negro-_JM,https://www.google.com/search?q=%22JOC%20STORE%22%20Venezuela%20(whatsapp%20OR%20instagram%20OR%20rif%20OR%20telefono%20OR%20tienda),Sí,2026-08-15T08:34:16.951Z
MLV716546446,Cartuchos 21 22 60 901 74 75 122 92 94 95 96 98 664 662 667,11.9,4.3,63,1000,0,Sí,importadorawilka2014,MercadoLíder Platinum,750,100,5000,97,13,https://www.mercadolibre.com.ve/pagina/importadorawilka2014,"Mun. Libertador (Centro), Distrito Capital",Computación,Impresión > Insumos de Impresión > Cartuchos de Tinta,Computación > Impresión > Insumos de Impresión > Cartuchos de Tinta,HP,21,Marca: HP | Modelo: 21 | Tipo de cartucho: Original | Contenido total en volumen: 5 mL | Color de la tinta: Negro | Formato de venta: Rapido | Rendimiento de páginas: 100 | Es recargable: Sí,https://http2.mlstatic.com/D_NQ_NP_2X_678228-MLV95338448277_102025-F.webp,https://articulo.mercadolibre.com.ve/MLV-716546446-cartuchos-21-22-60-901-74-75-122-92-94-95-96-98-664-662-667-_JM,https://www.google.com/search?q=%22importadorawilka2014%22%20Venezuela%20Mun.%20Libertador%20(Centro)%20(whatsapp%20OR%20instagram%20OR%20rif%20OR%20telefono%20OR%20tienda),Sí,2026-08-16T23:31:08.014Z
MLV712991815,Mini Linterna Zoom Led Xpe+cob Recargable 3 Modos Camufladas,2,4.7,215,1000,0,Sí,SAMU DIGITAL,N/A,2900,100,50000,97,10,https://www.mercadolibre.com.ve/pagina/samudigital,"Barquisimeto, Lara",Deportes y Fitness,Otros,Deportes y Fitness > Otros,SamuDigital,Camuflaje,Marca: SamuDigital | Modelo: Camuflaje,https://http2.mlstatic.com/D_NQ_NP_2X_784772-MLV49498009031_032022-F.webp,https://articulo.mercadolibre.com.ve/MLV-712991815-mini-linterna-zoom-led-xpecob-recargable-3-modos-camufladas-_JM,https://www.google.com/search?q=%22SAMU%20DIGITAL%22%20Venezuela%20(whatsapp%20OR%20instagram%20OR%20rif%20OR%20telefono%20OR%20tienda),Sí,2026-08-15T08:34:18.015Z
MLV792138724,Audífonos Bluetooth Inalámbricos AirPods Pro Recargable Blanco,6.99,4.6,497,1000,0,Sí,SCAROLA IMPORT,N/A,4200,500,50000,98,6,https://www.mercadolibre.com.ve/pagina/scarolaimport,"Mun. Sucre (este), Distrito Capital",Celulares y Teléfonos,Accesorios para Celulares > Auriculares,Celulares y Teléfonos > Accesorios para Celulares > Auriculares,Genérica,P3,Fabricante: Genérica | Marca: Genérica | Línea: AirPods | Modelo: P3 | Modelo alfanumérico: P3 | Color: Blanco | Cantidad de pares: 1 | Es infantil: No | Color de la luz: Blanco | Formato del audífono: In-ear | Es monoaural: Sí | Con luz LED: No | Es inalámbrico: Sí | Con Bluetooth: Sí | Con micrófono: Sí | Es inalámbrico: Sí | Con luz LED: No | Con micrófono: Sí,https://http2.mlstatic.com/D_NQ_NP_2X_619136-MLV112150450441_052026-F.webp,https://articulo.mercadolibre.com.ve/MLV-792138724-audifonos-bluetooth-inalambricos-airpods-pro-recargable-blanco-_JM,https://www.google.com/search?q=%22SCAROLA%20IMPORT%22%20Venezuela%20Mun.%20Sucre%20(este)%20(whatsapp%20OR%20instagram%20OR%20rif%20OR%20telefono%20OR%20tienda),Sí,2026-08-16T23:31:07.453Z
MLV765482168,Dispensador De Agua Electrico Usb Recargable,7.87,4.6,405,1000,0,Sí,77 Innovación,MercadoLíder Platinum,10100,100,100000,98,14,https://www.mercadolibre.com.ve/tienda/77-innovacion,"Mun. Sucre (norte), Distrito Capital",Electrodomésticos,Dispensadores y Filtros > Dispensadores de Agua,Electrodomésticos > Dispensadores y Filtros > Dispensadores de Agua,Genérica,12,Marca: Genérica | Modelo: 012 | Modelo alfanumérico: Dispensador De Agua Eléctrico | Voltaje: 5V | Material del tanque: Plástico | Temperaturas del agua: 25 | Temperatura mínima - Temperatura máxima: 25 °C - 35 °C | Capacidad de refrigeración: 2 l/h | Capacidad máxima de agua: 90 L | Lugar de colocación: BOTELLON | Tipos de carga: Recargable | Es industrial: Sí | Incluye filtro: No | Tipos de carga: Recargable | Temperaturas del agua: 25 | Capacidad máxima de agua: 90 L | Es industrial: Sí,https://http2.mlstatic.com/D_NQ_NP_2X_687944-MLV77404078702_072024-F.webp,https://articulo.mercadolibre.com.ve/MLV-765482168-dispensador-de-agua-electrico-usb-recargable-_JM,https://www.google.com/search?q=%2277%20Innovaci%C3%B3n%22%20Venezuela%20(whatsapp%20OR%20instagram%20OR%20rif%20OR%20telefono%20OR%20tienda),Sí,2026-08-15T08:34:18.937Z
MLV717811140,Maquina Afeitar Patillera T9 Vintage Profesional Recargable,5.06,4.5,827,1000,0,Sí,Masshopping,MercadoLíder Platinum,3300,500,100000,99,17,https://www.mercadolibre.com.ve/tienda/masshopping,"Barquisimeto, Lara",Estética y Belleza,Artefactos para el Cabello > Cortadoras de Cabello,Estética y Belleza > Artefactos para el Cabello > Cortadoras de Cabello,Genérica,Vintage T9,"Marca: Genérica | Línea: Profesional | Modelo: Vintage T9 | Modelo alfanumérico: T-9 | Voltaje: 3.7V 5W | Incluye batería recargable: Sí | Accesorios incluidos: 5 | Cantidad de peines: 4 | Voltaje de la batería: 5V | Funciones: Afeitar, Cortar, Degradar, Delinear, marcar | Cantidad de posiciones: 1 | Tipo de alimentación: Batería | Tipos de cabezales: Planos | Con cabezales lavables: Sí | Es apta para viaje: Sí | Es apta para bebés: No | Es inalámbrica: Sí | Es inalámbrica: Sí | Tipo de alimentación: Batería | Marca: Genérica | Cantidad de peines: 4",https://http2.mlstatic.com/D_NQ_NP_2X_716706-MLV108363694669_032026-F.webp,https://articulo.mercadolibre.com.ve/MLV-717811140-maquina-afeitar-patillera-t9-vintage-profesional-recargable-_JM,https://www.google.com/search?q=%22Masshopping%22%20Venezuela%20(whatsapp%20OR%20instagram%20OR%20rif%20OR%20telefono%20OR%20tienda),Sí,2026-08-15T08:34:19.822Z
MLV768088657,Pilas Baterías Recargables Gp Aaa Y Aa. Mayor Y Detal,3.51,4.7,230,1000,0,Sí,DISTRIBUIDORA EDMIDIMAR CA,MercadoLíder Platinum,1500,100,10000,100,16,https://www.mercadolibre.com.ve/pagina/distribuidoraedmidimar_c.a,"Girardot (Maracay), Aragua","Electrónica, Audio y Video",Pilas y Cargadores > Pilas,"Electrónica, Audio y Video > Pilas y Cargadores > Pilas",GP,"Triple AAA, Doble AA","Marca: GP | Modelo: Triple AAA, Doble AA | Tamaño de la pila: AAA Y AA | Forma: Cilíndrica | Cantidad de packs: 1 | Formato de venta: Pack | Unidades por pack: 2 | Voltaje nominal: 1.2V | Es recargable: Sí | Composición: Ni-MH, Se recomiendan para aparatos que no consuman mucho, como por ejemplo controles remotos de televisores, relojes despertadores etc. | Capacidad de la pila: 1,1 mAh",https://http2.mlstatic.com/D_NQ_NP_2X_776168-MLV80751658301_112024-F.webp,https://articulo.mercadolibre.com.ve/MLV-768088657-pilas-baterias-recargables-gp-aaa-y-aa-mayor-y-detal-_JM,https://www.google.com/search?q=%22DISTRIBUIDORA%20EDMIDIMAR%20CA%22%20Venezuela%20Girardot%20(Maracay)%20(whatsapp%20OR%20instagram%20OR%20rif%20OR%20telefono%20OR%20tienda),Sí,2026-08-16T23:31:12.290Z
MLV746817767,Maquina De Afeitar Nariz Oido Barba Kemei 6630 Portatil 4en1 Plateado,12.99,4.5,660,1000,0,Sí,TECNOFANATICOS,N/A,510,25,10000,99,12,https://www.mercadolibre.com.ve/pagina/tecnofanaticos_,"Mun. Libertador (Sureste), Distrito Capital",Estética y Belleza,Artefactos para el Cabello > Cortadoras de Cabello,Estética y Belleza > Artefactos para el Cabello > Cortadoras de Cabello,Kemei,6630,Marca: Kemei | Línea: Portátil | Modelo: 6630 | Modelo alfanumérico: KEMEI | Color: Plateado | Voltaje: 120/220V | Incluye batería recargable: Sí | Cantidad de peines: 4 | Funciones: Recargable | Cantidad de posiciones: 4 | Tipo de alimentación: Corriente eléctrica | Con cabezales lavables: Sí | Es apta para viaje: Sí | Es inalámbrica: Sí | Accesorios incluidos: Cargador | Es inalámbrica: Sí | Marca: Kemei | Cantidad de peines: 4 | Color: Plateado | Tipo de alimentación: Corriente eléctrica,https://http2.mlstatic.com/D_NQ_NP_2X_919291-MLA71070438398_082023-F.webp,https://articulo.mercadolibre.com.ve/MLV-746817767-maquina-de-afeitar-nariz-oido-barba-kemei-6630-portatil-4en1-plateado-_JM,https://www.google.com/search?q=%22TECNOFANATICOS%22%20Venezuela%20(whatsapp%20OR%20instagram%20OR%20rif%20OR%20telefono%20OR%20tienda),Sí,2026-08-15T08:34:20.692Z
MLV785262712,Batería De Litio Recargable 18650 3.7v X6 Unds,12.92,4.7,161,500,0,Sí,Vendido por ELEXTRIC,MercadoLíder Platinum,N/A,25,5000,100,19,https://listado.mercadolibre.com.ve/_CustId_98118307,"Barquisimeto, Lara","Electrónica, Audio y Video",Pilas y Cargadores > Pilas,"Electrónica, Audio y Video > Pilas y Cargadores > Pilas",Genérica,18650,Marca: Genérica | Línea: Recargable | Modelo: 18650 | Formato de venta: Pack | Unidades por pack: 6 | Voltaje nominal: 3.7V | Es recargable: Sí | Composición: Litio,https://http2.mlstatic.com/D_NQ_NP_2X_790514-MLV113264673334_072026-F.webp,https://articulo.mercadolibre.com.ve/MLV-785262712-bateria-de-litio-recargable-18650-37v-x6-unds-_JM,https://www.google.com/search?q=%22Vendido%20por%20ELEXTRIC%22%20Venezuela%20(whatsapp%20OR%20instagram%20OR%20rif%20OR%20telefono%20OR%20tienda),Sí,2026-08-15T08:34:21.144Z
MLV713079027,Mini Teclado Inalambrico Bluetooth Recargable Negro,6.4,4.7,520,500,0,Sí,77 Innovación,MercadoLíder Platinum,10100,100,100000,98,14,https://www.mercadolibre.com.ve/tienda/77-innovacion,"Mun. Sucre (norte), Distrito Capital",Computación,Periféricos de PC > Mouses y Teclados > Teclados > Físicos,Computación > Periféricos de PC > Mouses y Teclados > Teclados > Físicos,After Market,L8,Marca: After Market | Modelo: L8 | Color del teclado: Negro | Color de la retroiluminación: Rojo/Azul/Verde | Es resistente a salpicaduras: No | Con cable removible: No | Altura del teclado: 10 cm | Ancho del teclado: 15 cm | Profundidad del teclado: 1 cm | Arquitectura: Membrana | Con retroiluminación: Sí | Con pantalla: No | Color de la retroiluminación: Rojo/Azul/Verde,https://http2.mlstatic.com/D_NQ_NP_2X_668118-MLV49500246676_032022-F.webp,https://articulo.mercadolibre.com.ve/MLV-713079027-mini-teclado-inalambrico-bluetooth-recargable-negro-_JM,https://www.google.com/search?q=%2277%20Innovaci%C3%B3n%22%20Venezuela%20(whatsapp%20OR%20instagram%20OR%20rif%20OR%20telefono%20OR%20tienda),Sí,2026-08-15T08:34:21.589Z
MLV768831292,Baterías Recargables Aa Sony 6 Pilas/ 4.600 Mah 1.2 V,8.49,4.5,871,1000,0,Sí,Tienda Virtual Multionline,MercadoLíder Platinum,400,100,10000,99,6,https://www.mercadolibre.com.ve/pagina/tiendavirtualmultionline,"Valencia (Valencia), Carabobo","Electrónica, Audio y Video",Pilas y Cargadores > Pilas,"Electrónica, Audio y Video > Pilas y Cargadores > Pilas",Sony,AA,Marca: Sony | Modelo: AA | Tamaño de la pila: AA | Forma: Cilíndrica | Cantidad de packs: 3 | Formato de venta: Pack | Unidades por pack: 2 | Voltaje nominal: 110V | Es recargable: Sí | Capacidad de la pila: 4.600 mAh,https://http2.mlstatic.com/D_NQ_NP_2X_607094-MLV82552542310_032025-F.webp,https://articulo.mercadolibre.com.ve/MLV-768831292-baterias-recargables-aa-sony-6-pilas-4600-mah-12-v-_JM,https://www.google.com/search?q=%22Tienda%20Virtual%20Multionline%22%20Venezuela%20(whatsapp%20OR%20instagram%20OR%20rif%20OR%20telefono%20OR%20tienda),Sí,2026-08-15T08:34:23.012Z
MLV823181094,Tensometr.o Digital Brazo Recargable Mayor Y Detal Blanco,9.7,4.7,258,500,0,Sí,movilccs,N/A,560,50,5000,97,9,https://www.mercadolibre.com.ve/pagina/movilshop2018ca,"Mun. Chacao (norte), Distrito Capital",Estética y Belleza,Salud > Cuidado de la Salud > Tensiómetros > Digitales,Estética y Belleza > Salud > Cuidado de la Salud > Tensiómetros > Digitales,Arm Style,Arm Style,Marca: Arm Style | Modelo: Arm Style | Color: Blanco | Con Bluetooth: No | Incluye pilas: No | Tipo de tensiómetro digital: De brazo | Con indicador de error de movimiento: Sí | Incluye estuche: Sí | Incluye brazalete: Sí | Tipo de tensiómetro digital: De brazo | Con indicador de error de movimiento: Sí,https://http2.mlstatic.com/D_NQ_NP_2X_667069-MLV81746736878_012025-F.webp,https://articulo.mercadolibre.com.ve/MLV-823181094-tensometro-digital-brazo-recargable-mayor-y-detal-blanco-_JM,https://www.google.com/search?q=%22movilccs%22%20Venezuela%20(whatsapp%20OR%20instagram%20OR%20rif%20OR%20telefono%20OR%20tienda),Sí,2026-08-15T08:34:23.433Z
MLV752620713,Cartuchos Hp 21 22 27 56 28 74 75 57 92 93 96 98 97 94 54 95,8,4.5,399,1000,0,Sí,Vendido por DISTRIBUIDORAVZLA1,MercadoLíder Platinum,N/A,50,5000,99,6,https://listado.mercadolibre.com.ve/_CustId_465292514,"Mun. Libertador (Sur), Distrito Capital",Computación,Impresión > Insumos de Impresión > Cartuchos de Tinta,Computación > Impresión > Insumos de Impresión > Cartuchos de Tinta,HP,21 22 92 93 96 54 97 95 98 56 27 28 57 74 75,Marca: HP | Modelo: 21 22 92 93 96 54 97 95 98 56 27 28 57 74 75 | Tipo de cartucho: Original | Contenido total en volumen: 5 mL | Formato de venta: Unidad | Rendimiento de páginas: 150 | Es recargable: Sí,https://http2.mlstatic.com/D_NQ_NP_2X_983432-MLV80141048594_112024-F.webp,https://articulo.mercadolibre.com.ve/MLV-752620713-cartuchos-hp-21-22-27-56-28-74-75-57-92-93-96-98-97-94-54-95-_JM,https://www.google.com/search?q=%22Vendido%20por%20DISTRIBUIDORAVZLA1%22%20Venezuela%20(whatsapp%20OR%20instagram%20OR%20rif%20OR%20telefono%20OR%20tienda),Sí,2026-08-15T08:34:23.874Z
MLV740984930,Corneta Inalambrica Bluetooth Radio Led Rgb Portatil Horizon Negro,6.17,4.7,257,500,0,Sí,JOC STORE,MercadoLíder Platinum,1900,100,10000,100,15,https://www.mercadolibre.com.ve/pagina/jocstore,"Barquisimeto, Lara","Electrónica, Audio y Video",Audio > Audio Portátil y Accesorios > Accesorios > Cornetas Portátiles,"Electrónica, Audio y Video > Audio > Audio Portátil y Accesorios > Accesorios > Cornetas Portátiles",JOC SMART ENERGY,LED MULTICOLOR SPEAKER,Marca: JOC SMART ENERGY | Modelo: LED MULTICOLOR SPEAKER | Color: Negro | Voltaje: 5V | Con luces LED: Sí | Con radio: Sí | Es portátil: Sí | Es inalámbrico: Sí | Potencia de salida (RMS): 5 W | Tipos de cornetas: Recargable | Autonomía máxima de la batería: 8 h | Incluye batería recargable: Sí | Incluye cargador: Sí | Con base: Sí | Con Bluetooth: Sí | Tipos de alimentación: USB | Tipos de parlante: Recargable | Incluye batería recargable: Sí | Con Bluetooth: Sí | Con luces LED: Sí,https://http2.mlstatic.com/D_NQ_NP_2X_614677-MLV75952815761_042024-F.webp,https://articulo.mercadolibre.com.ve/MLV-740984930-corneta-inalambrica-bluetooth-radio-led-rgb-portatil-horizon-negro-_JM,https://www.google.com/search?q=%22JOC%20STORE%22%20Venezuela%20(whatsapp%20OR%20instagram%20OR%20rif%20OR%20telefono%20OR%20tienda),Sí,2026-08-15T08:34:24.305Z
MLV724411491,Baterías Recargables Aa Sony 2 Pilas/ 4.600 Mah 1.2 V,2.99,4.5,183,1000,0,Sí,Tienda Virtual Multionline,MercadoLíder Platinum,400,100,10000,99,6,https://www.mercadolibre.com.ve/pagina/tiendavirtualmultionline,"Valencia (Valencia), Carabobo","Electrónica, Audio y Video",Pilas y Cargadores > Pilas,"Electrónica, Audio y Video > Pilas y Cargadores > Pilas",Sony,AA,Marca: Sony | Modelo: AA | Tamaño de la pila: AA | Forma: Cilíndrica | Formato de venta: Pack | Unidades por pack: 2 | Voltaje nominal: 110V | Es recargable: Sí | Capacidad de la pila: 4.600 mAh,https://http2.mlstatic.com/D_NQ_NP_2X_748194-MLV51594118190_092022-F.webp,https://articulo.mercadolibre.com.ve/MLV-724411491-baterias-recargables-aa-sony-2-pilas-4600-mah-12-v-_JM,https://www.google.com/search?q=%22Tienda%20Virtual%20Multionline%22%20Venezuela%20(whatsapp%20OR%20instagram%20OR%20rif%20OR%20telefono%20OR%20tienda),Sí,2026-08-15T08:34:25.218Z
MLV545381990,Bombillo Led 150w Recargable 6500k Bulbo Blanco,7.5,4.6,137,500,0,Sí,SAMU DIGITAL,N/A,2900,100,50000,97,10,https://www.mercadolibre.com.ve/pagina/samudigital,"Barquisimeto, Lara",Hogar y Muebles,Iluminación para el Hogar > Bombillos,Hogar y Muebles > Iluminación para el Hogar > Bombillos,N/A,Recargable,Modelo: Recargable | Tecnología de iluminación: LED | Potencia: 150 W | Voltaje: 5V | Color de la luz: Blanco | Es dimeable: No | Con Wi-Fi: No | Tecnología de iluminación: LED | Color de la luz: Blanco,https://http2.mlstatic.com/D_NQ_NP_2X_806967-MLV78696031068_092024-F.webp,https://articulo.mercadolibre.com.ve/MLV-545381990-bombillo-led-150w-recargable-6500k-bulbo-blanco-_JM,https://www.google.com/search?q=%22SAMU%20DIGITAL%22%20Venezuela%20(whatsapp%20OR%20instagram%20OR%20rif%20OR%20telefono%20OR%20tienda),Sí,2026-08-15T08:34:25.890Z
MLV781856812,Cartuchos Hp 60 21 662 664 667 74 22 75 901 92 96 27 56 61,10,4.5,41,1000,0,Sí,Vendido por DISTRIBUIDORAVZLA1,MercadoLíder Platinum,N/A,50,5000,99,6,https://listado.mercadolibre.com.ve/_CustId_465292514,"Mun. Libertador (Sur), Distrito Capital",Computación,Impresión > Insumos de Impresión > Cartuchos de Tinta,Computación > Impresión > Insumos de Impresión > Cartuchos de Tinta,HP,60,Marca: HP | Modelo: 60 | Tipo de cartucho: Original | Formato de venta: Unidad | Es recargable: Sí,https://http2.mlstatic.com/D_NQ_NP_2X_980220-MLV73665311209_122023-F.webp,https://articulo.mercadolibre.com.ve/MLV-781856812-cartuchos-hp-60-21-662-664-667-74-22-75-901-92-96-27-56-61-_JM,https://www.google.com/search?q=%22Vendido%20por%20DISTRIBUIDORAVZLA1%22%20Venezuela%20(whatsapp%20OR%20instagram%20OR%20rif%20OR%20telefono%20OR%20tienda),Sí,2026-08-15T08:34:26.950Z
MLV782476368,Maquina Afeitar Patillera T9 Vintage Profesional Recargable,5,4.1,52,500,0,Sí,251 IMPORT,MercadoLíder Platinum,1600,100,10000,99,7,https://www.mercadolibre.com.ve/pagina/251import,"Barquisimeto, Lara",Estética y Belleza,Artefactos para el Cabello > Cortadoras de Cabello,Estética y Belleza > Artefactos para el Cabello > Cortadoras de Cabello,Genérica,Vintage T9,"Marca: Genérica | Línea: Profissional | Modelo: Vintage T9 | Tipos de cabezales: Planos | Cantidad de cabezales: 4 | Con cabezal inclinable: No | Con cabezales lavables: Sí | Es apta para viaje: Sí | Es apta para bebés: No | Es inalámbrica: Sí | Con pantalla digital: No | Es resistente al agua: Sí | Es silenciosa: Sí | Peso: 10 g | Altura mínima de corte: 1,5 mm | Altura máxima de corte: 4 mm | Función principal: Trimmer | Funciones: Afeitadora, Cortadora de pelo, Recortadora de barba, Recortadora de bigote, Recortadora de pelo | Cantidad de posiciones: 4 | Tipo de alimentación: Batería | Sistema de afeitado: Rotativo | Materiales de las cuchillas: Acero al carbono | Potencia: 5 W | Incluye batería recargable: Sí | Tiempo de funcionamiento: 120 m | Tiempo de carga: 3 h | Accesorios incluidos: 1 cable de carga, 1 cepillo limpiador, 1 manual | Tipos de motor: Rotativo | Largo del cable: 30 cm | Con conversión de voltaje automática: Sí | Cantidad de peines: 4 | Incluye accesorios: Sí | Con cuchilla autoafilables: No | Función principal: Trimmer | Es inalámbrica: Sí | Marca: Genérica | Potencia: 5 W | Sistema de afeitado: Rotativo | Es resistente al agua: Sí | Tipo de alimentación: Batería | Cantidad de peines: 4",https://http2.mlstatic.com/D_NQ_NP_2X_761192-MLV73924943855_012024-F.webp,https://articulo.mercadolibre.com.ve/MLV-782476368-maquina-afeitar-patillera-t9-vintage-profesional-recargable-_JM,https://www.google.com/search?q=%22251%20IMPORT%22%20Venezuela%20(whatsapp%20OR%20instagram%20OR%20rif%20OR%20telefono%20OR%20tienda),Sí,2026-08-15T08:34:27.659Z
MLV733684123,Baterías Recargables Aaa Sony 4 Pilas/ 4.300 Mah 1.2 V,8.49,4.7,714,1000,0,Sí,Tienda Virtual Multionline,MercadoLíder Platinum,400,100,10000,99,6,https://www.mercadolibre.com.ve/pagina/tiendavirtualmultionline,"Valencia (Valencia), Carabobo","Electrónica, Audio y Video",Pilas y Cargadores > Pilas,"Electrónica, Audio y Video > Pilas y Cargadores > Pilas",Sony,AAA,Marca: Sony | Línea: Stamina Plus | Modelo: AAA | Tamaño de la pila: AAA | Forma: Cilíndrica | Cantidad de packs: 3 | Formato de venta: Pack | Unidades por pack: 2 | Voltaje nominal: 110V | Es recargable: Sí | Capacidad de la pila: 4.300 mAh,https://http2.mlstatic.com/D_NQ_NP_2X_798054-MLV82552976014_032025-F.webp,https://articulo.mercadolibre.com.ve/MLV-733684123-baterias-recargables-aaa-sony-4-pilas-4300-mah-12-v-_JM,https://www.google.com/search?q=%22Tienda%20Virtual%20Multionline%22%20Venezuela%20(whatsapp%20OR%20instagram%20OR%20rif%20OR%20telefono%20OR%20tienda),Sí,2026-08-15T08:34:28.098Z
MLV924740082,Destornillador Inalámbrico Recargable Portátil Set Negro,12.75,4.6,196,500,0,Sí,77 Innovación,MercadoLíder Platinum,10100,100,100000,98,14,https://www.mercadolibre.com.ve/tienda/77-innovacion,"Mun. Sucre (norte), Distrito Capital",Herramientas,Herramientas Eléctricas > Destornilladores,Herramientas > Herramientas Eléctricas > Destornilladores,Chino,Chino,"Marca: Chino | Modelo: Chino | Tipo de alimentación: Batería | Color: Negro | Tipo de producto: Destornillador | Tipo de destornillador eléctrico: Compacto | Es inalámbrico: Sí | Tipo de cabezal: Hex | Tipo de batería: Li-ion | Accesorios incluidos: Puntas de destornillador, Cargador de batería | Incluye accesorios: Sí",https://http2.mlstatic.com/D_NQ_NP_2X_872248-MLV96058121078_102025-F.webp,https://articulo.mercadolibre.com.ve/MLV-924740082-destornillador-inalambrico-recargable-portatil-set-negro-_JM,https://www.google.com/search?q=%2277%20Innovaci%C3%B3n%22%20Venezuela%20(whatsapp%20OR%20instagram%20OR%20rif%20OR%20telefono%20OR%20tienda),Sí,2026-08-15T08:34:28.818Z
MLV721489807,Linterna Led Recargable De Cabeza Frente Minera Dual Blanco Negro,5,4.7,164,500,0,Sí,AUTO ACCESORIOS DEL CENTRO,MercadoLíder Platinum,3100,100,10000,100,10,https://www.mercadolibre.com.ve/pagina/auto_accesorios_del_centro6506,"Barquisimeto, Lara",Deportes y Fitness,"Camping, Caza y Pesca > Linternas y Faroles > Linternas","Deportes y Fitness > Camping, Caza y Pesca > Linternas y Faroles > Linternas",High,Dual,Marca: High | Modelo: Dual | Color de la luz: Blanco | Color de la linterna: Negro | Largo: 2 cm | Diámetro: 4 cm | Peso: 100 kg | Tipo de linterna: Frontal | Usos recomendados: Caza | Tipo de alimentación: Batería | Tipo de batería: Recargable | Tipo de luz: LED | Cantidad de modos de cambio de luz: 2 | Potencia: 1.000 lm | Alcance de proyección: 3 m | Duración máxima: 3 h | Incluye pilas: Sí | Es recargable: Sí | Con carga USB: Sí | Es resistente al polvo: Sí | Es a prueba de agua: Sí | Con zoom: No | Con láser: No | Marca: High | Es a prueba de agua: Sí | Tipo de alimentación: Batería,https://http2.mlstatic.com/D_NQ_NP_2X_971386-MLV76542098701_052024-F.webp,https://articulo.mercadolibre.com.ve/MLV-721489807-linterna-led-recargable-de-cabeza-frente-minera-dual-blanco-negro-_JM,https://www.google.com/search?q=%22AUTO%20ACCESORIOS%20DEL%20CENTRO%22%20Venezuela%20(whatsapp%20OR%20instagram%20OR%20rif%20OR%20telefono%20OR%20tienda),Sí,2026-08-15T08:34:29.274Z
MLV726599217,Mouse Bluetooth Inalámbrico 2.4ghz Recargable Nuevo Diseño Negro,4.99,4.8,763,1000,0,Sí,CHIMENEAS PLUS,MercadoLíder Platinum,2900,100,10000,98,14,https://www.mercadolibre.com.ve/pagina/chimeneasplus7765,"Valencia (Valencia), Carabobo",Computación,Periféricos de PC > Mouses y Teclados > Mouses,Computación > Periféricos de PC > Mouses y Teclados > Mouses,Mouse Bluetooth,Mouse Inalámbrico,Marca: Mouse Bluetooth | Línea: mouse Bluetooth | Modelo: Mouse Inalámbrico | Color: Negro | Tipo de sensor: Óptico | Tecnología del sensor: Blue Wave | Resolución del sensor: 1.200 dpi | Con cable: Sí | Tipo de mouse: Bluetooth 2.4gnz | Sistemas operativos compatibles: MOUSE RECARGABLE INALAMBRICO | Es inalámbrico: Sí | Velocidad máxima: 1.200 ips | Cantidad de botones: 3 | Orientación de la mano: Ambidiestro | Con Bluetooth: No | Tipo de mouse: Bluetooth 2.4gnz | Resolución del sensor: 1200 dpi | Tipo de sensor: Óptico | Es inalámbrico: Sí,https://http2.mlstatic.com/D_NQ_NP_2X_753328-MLV92914485739_092025-F.webp,https://articulo.mercadolibre.com.ve/MLV-726599217-mouse-bluetooth-inalambrico-24ghz-recargable-nuevo-diseno-negro-_JM,https://www.google.com/search?q=%22CHIMENEAS%20PLUS%22%20Venezuela%20(whatsapp%20OR%20instagram%20OR%20rif%20OR%20telefono%20OR%20tienda),Sí,2026-08-15T08:34:29.730Z
MLV716278888,Cartuchos Hp 662 664 667 Originales Vigentes,19.44,4.7,0,1000,0,Sí,Pendiente,Pendiente,N/A,N/A,N/A,N/A,N/A,,Pendiente,N/A,N/A,N/A,N/A,N/A,N/A,https://http2.mlstatic.com/D_Q_NP_2X_996602-MLV88290402062_072025-E.webp,https://articulo.mercadolibre.com.ve/MLV-716278888-cartuchos-hp-662-664-667-originales-vigentes-_JM,,No,2026-08-16T23:31:27.832Z
MLV560474244,Cartuchos Hp 664 662 667 122 74 75 61 901 60 21 22 98 61 92,11.04,4.4,35,1000,0,Sí,Vendido por DISTRIBUIDORAVZLA1,MercadoLíder Platinum,N/A,50,5000,99,6,https://listado.mercadolibre.com.ve/_CustId_465292514,"Mun. Libertador (Sur), Distrito Capital",Computación,Impresión > Insumos de Impresión > Cartuchos de Tinta,Computación > Impresión > Insumos de Impresión > Cartuchos de Tinta,HP,N/A,Marca: HP | Tipo de cartucho: Original | Contenido total en volumen: 4 mL | Rendimiento de páginas: 110 | Es recargable: Sí,https://http2.mlstatic.com/D_NQ_NP_2X_847845-MLV48860817557_012022-F.webp,https://articulo.mercadolibre.com.ve/MLV-560474244-cartuchos-hp-664-662-667-122-74-75-61-901-60-21-22-98-61-92-_JM,https://www.google.com/search?q=%22Vendido%20por%20DISTRIBUIDORAVZLA1%22%20Venezuela%20(whatsapp%20OR%20instagram%20OR%20rif%20OR%20telefono%20OR%20tienda),Sí,2026-08-15T08:34:30.621Z
MLV716560077,Cartuchos Hp 667 65 62 662 664 122 60 21 22 901 74 75 98 97,11.9,3.9,33,500,0,Sí,importadorawilka2014,MercadoLíder Platinum,740,100,5000,97,13,https://www.mercadolibre.com.ve/pagina/importadorawilka2014,"Mun. Libertador (Centro), Distrito Capital",Computación,Impresión > Insumos de Impresión > Cartuchos de Tinta,Computación > Impresión > Insumos de Impresión > Cartuchos de Tinta,HP,667,Marca: HP | Modelo: 667 | Tipo de cartucho: Original | Contenido total en volumen: 2 mL | Color de la tinta: Negro | Formato de venta: Rapido | Rendimiento de páginas: 110 | Es recargable: Sí,https://http2.mlstatic.com/D_NQ_NP_2X_857934-MLV95340648629_102025-F.webp,https://articulo.mercadolibre.com.ve/MLV-716560077-cartuchos-hp-667-65-62-662-664-122-60-21-22-901-74-75-98-97-_JM,https://www.google.com/search?q=%22importadorawilka2014%22%20Venezuela%20(whatsapp%20OR%20instagram%20OR%20rif%20OR%20telefono%20OR%20tienda),Sí,2026-08-15T08:34:31.540Z
MLV721369260,Máquina De Afeitar Patillera T9 Vintage Recargable Dorado,4.99,4.7,408,500,0,Sí,QUINGEL QUINTERO,MercadoLíder Platinum,1300,100,10000,99,14,https://www.mercadolibre.com.ve/pagina/quingelquintero9908,"Mun. Libertador (Sur), Distrito Capital",Estética y Belleza,Artefactos para el Cabello > Cortadoras de Cabello,Estética y Belleza > Artefactos para el Cabello > Cortadoras de Cabello,T9,Vintage,Marca: T9 | Modelo: Vintage | Color: Dorado | Voltaje: 110V | Tipos de cabezales: Planos | Color: Dorado | Marca: T9,https://http2.mlstatic.com/D_NQ_NP_2X_897373-MLV74494911586_022024-F.webp,https://articulo.mercadolibre.com.ve/MLV-721369260-maquina-de-afeitar-patillera-t9-vintage-recargable-dorado-_JM,https://www.google.com/search?q=%22QUINGEL%20QUINTERO%22%20Venezuela%20(whatsapp%20OR%20instagram%20OR%20rif%20OR%20telefono%20OR%20tienda),Sí,2026-08-15T08:34:32.013Z
MLV808424530,Micrófono Inalámbrico Dual Balita Tipo C iPhone Recargable Negro,11.99,4.7,588,1000,0,Sí,SCAROLA IMPORT,N/A,4100,500,50000,98,6,https://www.mercadolibre.com.ve/pagina/scarolaimport,"Mun. Sucre (este), Distrito Capital","Electrónica, Audio y Video",Audio > Micrófonos y Preamplificadores > Micrófonos,"Electrónica, Audio y Video > Audio > Micrófonos y Preamplificadores > Micrófonos",Lavalier,K9 plus,"Marca: Lavalier | Modelo: K9 plus | Color: Negro | Es gamer: Sí | Usos recomendados del micrófono: Creación de contenido, Podcast, Streaming | Con parlantes incorporados: No | Frecuencia mínima - Frecuencia máxima: 20 Hz - 20 kHz | Tipo de alimentación: Batería | Tipo de batería: Ion de litio | Tipo de pila: Alcalina | Formatos de micrófono: Corbatero | Tipos de micrófono: Lavalier | Patrones polares: Omnidireccional. | Cantidad de micrófonos: 2 | Tipos de conexiones: Inalámbrica | Con Bluetooth: No | Conectores de salida: USB-C | Tipos de micrófono: Lavalier | Es inalámbrico: Inalámbrica | Patrones polares: Omnidireccional. | Con parlante incorporado: No",https://http2.mlstatic.com/D_NQ_NP_2X_737800-MLV78732741175_082024-F.webp,https://articulo.mercadolibre.com.ve/MLV-808424530-microfono-inalambrico-dual-balita-tipo-c-iphone-recargable-negro-_JM,https://www.google.com/search?q=%22SCAROLA%20IMPORT%22%20Venezuela%20(whatsapp%20OR%20instagram%20OR%20rif%20OR%20telefono%20OR%20tienda),Sí,2026-08-15T08:34:33.078Z
MLV830204358,Cargador iPhone Lightning / Tipo C + Taco 17/16/15/14/13/12,6.99,4.6,295,1000,0,Sí,MABSHOPP,N/A,980,50,10000,98,7,https://www.mercadolibre.com.ve/pagina/mabshopp,"Mun. Libertador (Centro), Distrito Capital",Celulares y Teléfonos,Accesorios para Celulares > Cargadores y Accesorios > Cargadores,Celulares y Teléfonos > Accesorios para Celulares > Cargadores y Accesorios > Cargadores,N/A,N/A,Marca del cargador: Apple genérico | Modelo del cargador: Lightning | Modelo alfanumérico: 25W | Tipos de conectores del cable: USB-C/Lightning | Tipo de cargador: Lightning | Tipo de velocidad de carga: 25W | Tipo de uso: Celular | Marcas de dispositivos móviles compatibles: IPHONE | Modelos de dispositivos móviles compatibles: 14 pro max | Voltaje de entrada: 110V | Voltaje de salida: 25e | Tipo de batería: Recargable | Incluye cable: Sí,https://http2.mlstatic.com/D_NQ_NP_2X_882806-MLV112679630022_062026-F.webp,https://articulo.mercadolibre.com.ve/MLV-830204358-cargador-iphone-lightning-tipo-c-taco-171615141312-_JM,https://www.google.com/search?q=%22MABSHOPP%22%20Venezuela%20(whatsapp%20OR%20instagram%20OR%20rif%20OR%20telefono%20OR%20tienda),Sí,2026-08-15T08:34:33.525Z
MLV581009887,Cartuchos Hp 667 Original,16,4.9,15,1000,0,Sí,Vendido por DISTRIBUIDORAVZLA1,MercadoLíder Platinum,N/A,50,5000,99,6,https://listado.mercadolibre.com.ve/_CustId_465292514,"Mun. Libertador (Sur), Distrito Capital",Computación,Impresión > Insumos de Impresión > Cartuchos de Tinta,Computación > Impresión > Insumos de Impresión > Cartuchos de Tinta,HP,667,Marca: HP | Modelo: 667 | Tipo de cartucho: Original | Contenido total en volumen: 2 mL | Color de la tinta: Negro | Rendimiento de páginas: 180 | Es recargable: Sí,https://http2.mlstatic.com/D_NQ_NP_2X_624355-MLV48929587833_012022-F.webp,https://articulo.mercadolibre.com.ve/MLV-581009887-cartuchos-hp-667-original-_JM,https://www.google.com/search?q=%22Vendido%20por%20DISTRIBUIDORAVZLA1%22%20Venezuela%20(whatsapp%20OR%20instagram%20OR%20rif%20OR%20telefono%20OR%20tienda),Sí,2026-08-15T08:34:34.330Z
MLV706418212,Cartuchos Hp 21 22 27 28 56 57 98 97 96 95 94 92 93,9,4.2,278,1000,0,Sí,MAOR8550049,MercadoLíder Platinum,180,50,1000,100,5,https://www.mercadolibre.com.ve/pagina/maor8550049,"Mun. Chacao (norte), Distrito Capital",Computación,Impresión > Insumos de Impresión > Cartuchos de Tinta,Computación > Impresión > Insumos de Impresión > Cartuchos de Tinta,HP,21 negro 22 color,Marca: HP | Modelo: 21 negro 22 color | Tipo de cartucho: Original | Contenido total en volumen: 8 mL | Color de la tinta: Negro y Tricolor | Formato de venta: 1 | Tipo de tinta: Hp | Rendimiento de páginas: 150 | Es recargable: Sí,https://http2.mlstatic.com/D_NQ_NP_2X_967447-MLV83428785673_032025-F.webp,https://articulo.mercadolibre.com.ve/MLV-706418212-cartuchos-hp-21-22-27-28-56-57-98-97-96-95-94-92-93-_JM,https://www.google.com/search?q=%22MAOR8550049%22%20Venezuela%20(whatsapp%20OR%20instagram%20OR%20rif%20OR%20telefono%20OR%20tienda),Sí,2026-08-15T08:34:35.038Z
MLV765996336,Pilas Baterias Recargables Gp Doble Aa 2600mah 1.2v 6 Und,8.5,4.4,200,500,0,Sí,VENTASJJSHOP,MercadoLíder Platinum,740,500,5000,100,7,https://www.mercadolibre.com.ve/pagina/ventasjjshop,"Girardot (Maracay), Aragua","Electrónica, Audio y Video",Pilas y Cargadores > Pilas,"Electrónica, Audio y Video > Pilas y Cargadores > Pilas",GP,AA,Marca: GP | Modelo: AA | Tamaño de la pila: AA | Forma: Cilíndrica | Cantidad de packs: 3 | Formato de venta: Pack | Unidades por pack: 2 | Voltaje nominal: 1.2V | Es recargable: Sí | Capacidad de la pila: 2.600 mAh,https://http2.mlstatic.com/D_NQ_NP_2X_653655-MLV71169390451_082023-F.webp,https://articulo.mercadolibre.com.ve/MLV-765996336-pilas-baterias-recargables-gp-doble-aa-2600mah-12v-6-und-_JM,https://www.google.com/search?q=%22VENTASJJSHOP%22%20Venezuela%20(whatsapp%20OR%20instagram%20OR%20rif%20OR%20telefono%20OR%20tienda),Sí,2026-08-15T08:34:35.455Z
MLV462571980,Cartucho Compatible Hp 122 Xl Negro,23.95,5,7,1000,0,Sí,Venspeed,MercadoLíder Platinum,2900,100,100000,99,14,https://www.mercadolibre.com.ve/tienda/venspeed,"Mun. Chacao (sur), Distrito Capital",Computación,Impresión > Insumos de Impresión > Cartuchos de Tinta,Computación > Impresión > Insumos de Impresión > Cartuchos de Tinta,HP,122XL,Marca: HP | Modelo: 122XL | Tipo de cartucho: Original | Color de la tinta: Negro | Formato de venta: Caja | Es recargable: Sí,https://http2.mlstatic.com/D_NQ_NP_2X_832321-MLV31247432490_062019-F.webp,https://articulo.mercadolibre.com.ve/MLV-462571980-cartucho-compatible-hp-122-xl-negro-_JM,https://www.google.com/search?q=%22Venspeed%22%20Venezuela%20(whatsapp%20OR%20instagram%20OR%20rif%20OR%20telefono%20OR%20tienda),Sí,2026-08-15T08:34:35.884Z
MLV704483745,Mini Ventilador Usb Recargable 3 Velocidades Con Linterna 9 Cm 00 Blanco Plástico 3,7.4,4.4,122,500,0,Sí,COMPUSHOP92CACOMPUSHOP92,MercadoLíder Gold,80,50,5000,98,4,https://www.mercadolibre.com.ve/pagina/compushop92cacompushop92,"Barquisimeto, Lara",Electrodomésticos,Climatización > Ventiladores,Electrodomésticos > Climatización > Ventiladores,FAN,Mini,Marca: FAN | Línea: 1 | Modelo: Mini | Frecuencia: 00 | Voltaje: 120/220V | Color de la estructura: Blanco | Color de las aspas: Blanco | Material de las aspas: Plástico | Cantidad de aspas: 3 | Material de la rejilla: Plástico | Con aspas reversibles: No | Tipo de ventilador: De mano | Cantidad de velocidades: 3 | Incluye control remoto: No | Diámetro: 9 cm | Altura: 13 cm | Profundidad: 3 cm | Ancho: 9 cm | Peso: 100 g | Con luz: Sí | Con función turbo: No | Nivel de ruido: 1 dB | Es turbo: No | Incluye control remoto: No | Cantidad de velocidades: 3,https://http2.mlstatic.com/D_NQ_NP_2X_732206-MLV48045237542_102021-F.webp,https://articulo.mercadolibre.com.ve/MLV-704483745-mini-ventilador-usb-recargable-3-velocidades-con-linterna-9-cm-00-blanco-plastico-3-_JM,https://www.google.com/search?q=%22COMPUSHOP92CACOMPUSHOP92%22%20Venezuela%20(whatsapp%20OR%20instagram%20OR%20rif%20OR%20telefono%20OR%20tienda),Sí,2026-08-15T08:34:36.314Z
MLV822728792,Batería De Litio Recargable 18650 3.7v 7800mah,6.99,4.6,163,500,0,Sí,MARIA ORLACCHIO,MercadoLíder Platinum,950,1000,10000,100,12,https://www.mercadolibre.com.ve/pagina/mariaorlacchio,"Maracaibo, Zulia","Electrónica, Audio y Video",Pilas y Cargadores > Pilas,"Electrónica, Audio y Video > Pilas y Cargadores > Pilas",Flycat,18650,Marca: Flycat | Modelo: 18650 | Tamaño de la pila: 18mm x 65mm | Forma: Cilíndrica | Cantidad de packs: 1 | Formato de venta: Unidad | Voltaje nominal: 3.7V | Es recargable: Sí | Composición: Litio | Capacidad de la pila: 7.800 mAh,https://http2.mlstatic.com/D_NQ_NP_2X_643570-MLV83437047740_042025-F.webp,https://articulo.mercadolibre.com.ve/MLV-822728792-bateria-de-litio-recargable-18650-37v-7800mah-_JM,https://www.google.com/search?q=%22MARIA%20ORLACCHIO%22%20Venezuela%20(whatsapp%20OR%20instagram%20OR%20rif%20OR%20telefono%20OR%20tienda),Sí,2026-08-15T08:34:36.762Z
MLV724336431,Baterías Recargables Aaa Sony 2 Pilas/ 4.300 Mah 1.2 V,2.99,4.7,3,500,0,Sí,Tienda Virtual Multionline,MercadoLíder Platinum,400,100,10000,99,6,https://www.mercadolibre.com.ve/pagina/tiendavirtualmultionline,"Valencia (Valencia), Carabobo","Electrónica, Audio y Video",Pilas y Cargadores > Pilas,"Electrónica, Audio y Video > Pilas y Cargadores > Pilas",Sony,AAA,Marca: Sony | Línea: Stamina Plus | Modelo: AAA | Tamaño de la pila: AAA | Forma: Cilíndrica | Formato de venta: Pack | Unidades por pack: 2 | Voltaje nominal: 110V | Es recargable: Sí | Capacidad de la pila: 4.300 mAh,https://http2.mlstatic.com/D_NQ_NP_2X_791065-MLV51594116571_092022-F.webp,https://articulo.mercadolibre.com.ve/MLV-724336431-baterias-recargables-aaa-sony-2-pilas-4300-mah-12-v-_JM,https://www.google.com/search?q=%22Tienda%20Virtual%20Multionline%22%20Venezuela%20(whatsapp%20OR%20instagram%20OR%20rif%20OR%20telefono%20OR%20tienda),Sí,2026-08-15T08:34:37.242Z
MLV810024122,Linterna Llavero Recargable Magnetica Portatil Camping,2.5,4.6,89,500,0,Sí,JOC STORE,MercadoLíder Platinum,1900,100,10000,100,15,https://www.mercadolibre.com.ve/pagina/jocstore,"Barquisimeto, Lara",Deportes y Fitness,"Camping, Caza y Pesca > Linternas y Faroles > Linternas","Deportes y Fitness > Camping, Caza y Pesca > Linternas y Faroles > Linternas",JOC SMART ENERGY,LINTERNA LLAVERO MAGNETICA,"Marca: JOC SMART ENERGY | Modelo: LINTERNA LLAVERO MAGNETICA | Tipo de linterna: Recargable | Usos recomendados: Automóvil, Camping, Electricista, Mecánica | Tipo de alimentación: Batería recargable USB | Tipo de batería: Litio | Tipo de luz: LED | Cantidad de modos de cambio de luz: 3 | Incluye pilas: Sí | Es recargable: Sí | Con carga USB: Sí | Es resistente al polvo: Sí | Es a prueba de agua: Sí | Marca: JOC SMART ENERGY | Es a prueba de agua: Sí | Color De La Luz: Blanco | Tipo de alimentación: Batería recargable USB | Color De La Linterna: Negro",https://http2.mlstatic.com/D_NQ_NP_2X_893502-MLV82160369224_022025-F.webp,https://articulo.mercadolibre.com.ve/MLV-810024122-linterna-llavero-recargable-magnetica-portatil-camping-_JM,https://www.google.com/search?q=%22JOC%20STORE%22%20Venezuela%20(whatsapp%20OR%20instagram%20OR%20rif%20OR%20telefono%20OR%20tienda),Sí,2026-08-15T08:34:37.667Z
MLV718175613,Aspiradora Recargable Portatil Carro Casa 2 En 1 Negro,5.99,4.2,220,500,0,Sí,FERRE TOYS,N/A,4500,500,50000,99,19,https://www.mercadolibre.com.ve/pagina/ferretoys,"Barquisimeto, Lara",Electrodomésticos,Pequeños Electrodomésticos > Para Hogar > Aspiradoras,Electrodomésticos > Pequeños Electrodomésticos > Para Hogar > Aspiradoras,Vacumm,Recargable,Marca: Vacumm | Línea: Aspiradora | Modelo: Recargable | Color: Negro | Voltaje: 110V | Incluye batería: Sí | Peso: 500 g | Potencia: 120 W | Tipos de aspiradora y limpiadora a vapor: Portatil | Funciones adicionales: Succiona | Es inalámbrico: Sí | Es industrial: No | Con filtro de salida: Sí | Incluye filtros reutilizables: Sí,https://http2.mlstatic.com/D_NQ_NP_2X_657670-MLV50406927636_062022-F.webp,https://articulo.mercadolibre.com.ve/MLV-718175613-aspiradora-recargable-portatil-carro-casa-2-en-1-negro-_JM,https://www.google.com/search?q=%22FERRE%20TOYS%22%20Venezuela%20(whatsapp%20OR%20instagram%20OR%20rif%20OR%20telefono%20OR%20tienda),Sí,2026-08-15T08:34:38.356Z
MLV728143475,Batería Recargable 18650 De Litio 3.7v 1500 Mah,2.99,4.7,99,500,0,Sí,LOPITRONICS,MercadoLíder Platinum,1400,100,10000,99,11,https://www.mercadolibre.com.ve/pagina/lopitronics,"Valencia (Valencia), Carabobo","Electrónica, Audio y Video",Pilas y Cargadores > Pilas,"Electrónica, Audio y Video > Pilas y Cargadores > Pilas",Gerica,Recargable,Marca: Gerica | Modelo: Recargable | Tamaño de la pila: 18650 | Forma: Cilíndrica | Formato de venta: Unidad | Voltaje nominal: 3.7V | Es recargable: Sí | Composición: Litio | Capacidad de la pila: 1.500 mAh,https://http2.mlstatic.com/D_NQ_NP_2X_916985-MLV52257066173_112022-F.webp,https://articulo.mercadolibre.com.ve/MLV-728143475-bateria-recargable-18650-de-litio-37v-1500-mah-_JM,https://www.google.com/search?q=%22LOPITRONICS%22%20Venezuela%20(whatsapp%20OR%20instagram%20OR%20rif%20OR%20telefono%20OR%20tienda),Sí,2026-08-15T08:34:38.766Z
MLV703754461,Linterna De Cabeza Led Recargable Portátil,8.54,4.6,140,500,0,Sí,ESLAY21,MercadoLíder Platinum,680,100,10000,100,10,https://www.mercadolibre.com.ve/pagina/eslay21,"Barquisimeto, Lara",Deportes y Fitness,Otros,Deportes y Fitness > Otros,N/A,N/A,N/A,https://http2.mlstatic.com/D_NQ_NP_2X_671882-MLV47891261312_102021-F.webp,https://articulo.mercadolibre.com.ve/MLV-703754461-linterna-de-cabeza-led-recargable-portatil-_JM,https://www.google.com/search?q=%22ESLAY21%22%20Venezuela%20(whatsapp%20OR%20instagram%20OR%20rif%20OR%20telefono%20OR%20tienda),Sí,2026-08-15T08:34:39.203Z
MLV462571992,Cartucho Compatible Hp 670 Xl Negro Cian Magenta Amarillo,5.25,4.6,225,1000,0,Sí,Venspeed,MercadoLíder Platinum,2900,100,100000,99,14,https://www.mercadolibre.com.ve/tienda/venspeed,"Mun. Chacao (sur), Distrito Capital",Computación,Impresión > Insumos de Impresión > Cartuchos de Tinta,Computación > Impresión > Insumos de Impresión > Cartuchos de Tinta,HP,670XL,Marca: HP | Línea: Advantage | Modelo: 670XL | Tipo de cartucho: Original | Contenido total en volumen: 24 mL | Color de la tinta: Color | Formato de venta: Unidad | Es recargable: Sí,https://http2.mlstatic.com/D_NQ_NP_2X_707553-MLV44227800889_122020-F.webp,https://articulo.mercadolibre.com.ve/MLV-462571992-cartucho-compatible-hp-670-xl-negro-cian-magenta-amarillo-_JM,https://www.google.com/search?q=%22Venspeed%22%20Venezuela%20(whatsapp%20OR%20instagram%20OR%20rif%20OR%20telefono%20OR%20tienda),Sí,2026-08-15T08:34:39.619Z
MLV760176908,Cargador Baterias Pilas Recargables Aa Y Aaa Sony Multiuso,10,4.9,16,500,0,Sí,VENTASJJSHOP,MercadoLíder Platinum,740,500,5000,100,7,https://www.mercadolibre.com.ve/pagina/ventasjjshop,"Girardot (Maracay), Aragua","Electrónica, Audio y Video",Pilas y Cargadores > Cargadores de Pilas,"Electrónica, Audio y Video > Pilas y Cargadores > Cargadores de Pilas",Sony,N/A,Marca: Sony | Incluye pilas: Sí | Cantidad de puertos de carga: 4 | Capacidad de carga de las baterías: 4.600 mAh,https://http2.mlstatic.com/D_NQ_NP_2X_718336-MLV70755132620_072023-F.webp,https://articulo.mercadolibre.com.ve/MLV-760176908-cargador-baterias-pilas-recargables-aa-y-aaa-sony-multiuso-_JM,https://www.google.com/search?q=%22VENTASJJSHOP%22%20Venezuela%20(whatsapp%20OR%20instagram%20OR%20rif%20OR%20telefono%20OR%20tienda),Sí,2026-08-15T08:34:40.040Z
MLV780713072,Audifonos Inalambricos Bluetooth 6 Pro Recargables Wireless,6.99,4.4,217,500,0,Sí,SCAROLA IMPORT,N/A,4100,500,50000,98,6,https://www.mercadolibre.com.ve/pagina/scarolaimport,"Mun. Sucre (este), Distrito Capital","Electrónica, Audio y Video",Audio > Audífonos,"Electrónica, Audio y Video > Audio > Audífonos",TWS,6 Pro,Fabricante: TWS | Marca: TWS | Línea: Earphones | Modelo: 6 Pro | Modelo alfanumérico: 6 Pro | Cantidad de pares: 1 | Es infantil: No | Formato del audífono: In-ear | Es monoaural: Sí | Con luz LED: No | Es inalámbrico: Sí | Con Bluetooth: Sí | Con micrófono: Sí | Es inalámbrico: Sí | Con luz LED: No | Con micrófono: Sí | Color De La Luz: Blanco,https://http2.mlstatic.com/D_NQ_NP_2X_661132-MLV114599997887_072026-F.webp,https://articulo.mercadolibre.com.ve/MLV-780713072-audifonos-inalambricos-bluetooth-6-pro-recargables-wireless-_JM,https://www.google.com/search?q=%22SCAROLA%20IMPORT%22%20Venezuela%20(whatsapp%20OR%20instagram%20OR%20rif%20OR%20telefono%20OR%20tienda),Sí,2026-08-15T08:34:41.722Z
MLV751889959,Linterna De Cabeza Doble Led Frontal Impermeable Con Sensor Blanco Negro,10.99,4.7,189,500,0,Sí,SPAL,MercadoLíder Platinum,790,100,10000,97,21,https://www.mercadolibre.com.ve/pagina/enveca,"Valencia (Valencia), Carabobo",Deportes y Fitness,"Camping, Caza y Pesca > Linternas y Faroles > Linternas","Deportes y Fitness > Camping, Caza y Pesca > Linternas y Faroles > Linternas",COB,L518,"Marca: COB | Modelo: L518 | Color de la luz: Blanco | Color de la linterna: Negro | Largo: 12.000 cm | Peso: 80 g | Tipo de linterna: LED | Usos recomendados: Camping, Caza, Ciclismo, Mecánica, Running | Tipo de alimentación: Batería | Tipo de luz: Blanca | Potencia: 600 lm | Duración máxima: 10 h | Incluye pilas: No | Es recargable: Sí | Con carga USB: Sí | Es resistente al polvo: Sí | Es a prueba de agua: Sí | Con zoom: No | Con láser: No | Marca: COB | Es a prueba de agua: Sí | Tipo de alimentación: Batería",https://http2.mlstatic.com/D_NQ_NP_2X_746543-MLV73246032921_122023-F.webp,https://articulo.mercadolibre.com.ve/MLV-751889959-linterna-de-cabeza-doble-led-frontal-impermeable-con-sensor-blanco-negro-_JM,https://www.google.com/search?q=%22SPAL%22%20Venezuela%20(whatsapp%20OR%20instagram%20OR%20rif%20OR%20telefono%20OR%20tienda),Sí,2026-08-15T08:34:42.153Z
MLV751230191,Hidrojet Recargable Inalambrico Portátil De Alta Presión 48,35,4.5,340,500,0,Sí,Cudy,MercadoLíder Platinum,190,500,100000,99,17,https://www.mercadolibre.com.ve/tienda/cudy,"Barquisimeto, Lara",Herramientas,Herramientas Eléctricas > Limpieza > Hidrolavadoras,Herramientas > Herramientas Eléctricas > Limpieza > Hidrolavadoras,Genérica,Hidrojet,"Marca: Genérica | Modelo: Hidrojet | Voltaje: 110V-120V | Tipo de alimentación: Batería | Usos recomendados: Carros, Lavado, Otros | Temperatura máxima de agua: 50 °C | Nivel de presión sonora: 92 dBA | Incluye cargador: Sí | Accesorios incluidos: 48VF lithium battery, 5-in-1 nozzle, 5m water pipe, Body, Extension Rod, Filter, Foam pot, Water Inlet Connector, quick charger, simple nozzle",https://http2.mlstatic.com/D_NQ_NP_2X_605656-MLV80648426146_112024-F.webp,https://articulo.mercadolibre.com.ve/MLV-751230191-hidrojet-recargable-inalambrico-portatil-de-alta-presion-48-_JM,https://www.google.com/search?q=%22Cudy%22%20Venezuela%20(whatsapp%20OR%20instagram%20OR%20rif%20OR%20telefono%20OR%20tienda),Sí,2026-08-15T08:34:42.580Z
MLV716579663,Cartuchos Hp 21 22 27 28 56 57 92 93 94 95 96 97 98 74 75,10,4.4,18,1000,0,Sí,importadorawilka2014,MercadoLíder Platinum,740,100,5000,97,13,https://www.mercadolibre.com.ve/pagina/importadorawilka2014,"Mun. Libertador (Centro), Distrito Capital",Computación,Impresión > Insumos de Impresión > Cartuchos de Tinta,Computación > Impresión > Insumos de Impresión > Cartuchos de Tinta,HP,21 22 74 75 56 57 27 28 54 92 93 94 95 96 97 98,Marca: HP | Línea: Advantage | Modelo: 21 22 74 75 56 57 27 28 54 92 93 94 95 96 97 98 | Tipo de cartucho: Original | Contenido total en volumen: 8 mL | Color de la tinta: Negro | Formato de venta: Rapido | Rendimiento de páginas: 110 | Es recargable: Sí,https://http2.mlstatic.com/D_NQ_NP_2X_783304-MLV91806494155_092025-F.webp,https://articulo.mercadolibre.com.ve/MLV-716579663-cartuchos-hp-21-22-27-28-56-57-92-93-94-95-96-97-98-74-75-_JM,https://www.google.com/search?q=%22importadorawilka2014%22%20Venezuela%20(whatsapp%20OR%20instagram%20OR%20rif%20OR%20telefono%20OR%20tienda),Sí,2026-08-15T08:34:42.988Z
MLV768356216,Mini Batidor Eléctrico Recargable Portatil Reposteria Cafe Negro,7.2,4.4,364,500,0,Sí,FERRE TOYS,N/A,4500,500,50000,99,19,https://www.mercadolibre.com.ve/pagina/ferretoys,"Barquisimeto, Lara",Electrodomésticos,Pequeños Electrodomésticos > Para Cocina > Preparación de Alimentos > Batidoras,Electrodomésticos > Pequeños Electrodomésticos > Para Cocina > Preparación de Alimentos > Batidoras,duslife,Recargable,"Marca: duslife | Línea: Portátil | Modelo: Recargable | Color: Negro | Voltaje: 3.7 | Usos recomendados: Batidor de huevos, Espumador, mezclador de leche | Tipo de batidora: De mano | Es desmontable: Sí | Cantidad de velocidades: 3 | Tipo de batidora: De mano | Cantidad de velocidades: 3 | Uso recomendado: Batidor de huevos, Espumador, mezclador de leche",https://http2.mlstatic.com/D_NQ_NP_2X_769250-MLV71549002701_092023-F.webp,https://articulo.mercadolibre.com.ve/MLV-768356216-mini-batidor-electrico-recargable-portatil-reposteria-cafe-negro-_JM,https://www.google.com/search?q=%22FERRE%20TOYS%22%20Venezuela%20(whatsapp%20OR%20instagram%20OR%20rif%20OR%20telefono%20OR%20tienda),Sí,2026-08-15T08:34:43.436Z
MLV748385561,"Irrigador Bucal Portátil, Limpiador Dental, Hilo De Agua",14.99,4.7,248,500,0,Sí,MABSHOPP,N/A,980,50,10000,98,7,https://www.mercadolibre.com.ve/pagina/mabshopp,"Mun. Libertador (Centro), Distrito Capital",Estética y Belleza,Higiene Personal > Cuidado Bucal > Irrigadores Bucales,Estética y Belleza > Higiene Personal > Cuidado Bucal > Irrigadores Bucales,Oral Irrigator,PPS,Marca: Oral Irrigator | Modelo: PPS | Cantidad de irrigadores bucales: 4 | Cantidad de niveles de presión: 3 | Con temporizador: No | Funciones de la boquilla: Limpiador | Es recargable: Sí | Es inalámbrico: Sí | Tiempo de uso: 30 m | Tiempo de carga: 6 h | Tipo de alimentación: Batería | Capacidad de agua: 220 mL | Cantidad de boquillas: 4 | Tipos de irrigador: Bucal | Es a prueba de agua: Sí | Accesorios incluidos: Irrigador | Peso: 356 g | Tipo de alimentación: Batería | Capacidad de agua: 220 mL | Es inalámbrico: Sí | Marca: Oral Irrigator | Cantidad de boquillas: 4 | Cantidad de niveles de presión: 3 | Es a prueba de agua: Sí,https://http2.mlstatic.com/D_NQ_NP_2X_864350-MLV71696587295_092023-F.webp,https://articulo.mercadolibre.com.ve/MLV-748385561-irrigador-bucal-portatil-limpiador-dental-hilo-de-agua-_JM,https://www.google.com/search?q=%22MABSHOPP%22%20Venezuela%20(whatsapp%20OR%20instagram%20OR%20rif%20OR%20telefono%20OR%20tienda),Sí,2026-08-15T08:34:43.861Z
MLV757785401,Máquina De Afeitar Barba Pecho Zonas Intimas Piernas Negro,5,4.6,362,500,0,Sí,technodigitaljn,MercadoLíder Platinum,2900,500,100000,97,8,https://www.mercadolibre.com.ve/pagina/technodigital_jn,"Valencia (Valencia), Carabobo",Estética y Belleza,Barbería > Afeitadoras > Afeitadoras Eléctricas,Estética y Belleza > Barbería > Afeitadoras > Afeitadoras Eléctricas,Vintage,T9,Marca: Vintage | Línea: Profissional | Modelo: T9 | Modelo alfanumérico: T9 | Color: Negro | Incluye batería recargable: Sí | Cantidad de peines: 4 | Funciones: Cortadora de pelo | Tipos de cabezales: Planos | Con cabezales lavables: Sí | Es apta para viaje: Sí | Es apta para bebés: No | Es inalámbrica: Sí | Es inalámbrica: Sí | Marca: Vintage | Color: Negro | Cantidad de peines: 4,https://http2.mlstatic.com/D_NQ_NP_2X_891286-MLV97923256912_112025-F.webp,https://articulo.mercadolibre.com.ve/MLV-757785401-maquina-de-afeitar-barba-pecho-zonas-intimas-piernas-negro-_JM,https://www.google.com/search?q=%22technodigitaljn%22%20Venezuela%20(whatsapp%20OR%20instagram%20OR%20rif%20OR%20telefono%20OR%20tienda),Sí,2026-08-15T08:34:45.630Z
MLV760723797,Hidrojet Inalámbrico Portátil Alta Precisión 21v +2 Batería Negro,34.5,4.7,420,500,0,Sí,SAMU DIGITAL,N/A,2900,100,50000,97,10,https://www.mercadolibre.com.ve/pagina/samudigital,"Barquisimeto, Lara",Herramientas,Herramientas Eléctricas > Limpieza > Hidrolavadoras,Herramientas > Herramientas Eléctricas > Limpieza > Hidrolavadoras,Samu Digital,"Inalámbrico, Recargable","Marca: Samu Digital | Modelo: Inalámbrico, Recargable | Color: Negro | Voltaje: 21V | Tipo de alimentación: Batería | Incluye cargador: Sí | Accesorios incluidos: 2 baterías, Cargador, Estuche, Filtro de agua, Manguera, Válvula, puntas variadas | Es portátil: Sí",https://http2.mlstatic.com/D_NQ_NP_2X_930953-MLV89319351976_082025-F.webp,https://articulo.mercadolibre.com.ve/MLV-760723797-hidrojet-inalambrico-portatil-alta-precision-21v-2-bateria-negro-_JM,https://www.google.com/search?q=%22SAMU%20DIGITAL%22%20Venezuela%20Barquisimeto%20(whatsapp%20OR%20instagram%20OR%20rif%20OR%20telefono%20OR%20tienda),Sí,2026-08-15T08:34:46.074Z
MLV566281963,Cartuchos Hp Originales 64 45 63 667 664 662 60 21 901 74,20,5,4,500,0,Sí,Vendido por DISTRIBUIDORAVZLA1,MercadoLíder Platinum,N/A,50,5000,99,6,https://listado.mercadolibre.com.ve/_CustId_465292514,"Mun. Libertador (Sur), Distrito Capital",Computación,Impresión > Insumos de Impresión > Cartuchos de Tinta,Computación > Impresión > Insumos de Impresión > Cartuchos de Tinta,HP,64 667 664 662 21 22 122 60 901 74 75 98 96 668,Marca: HP | Modelo: 64 667 664 662 21 22 122 60 901 74 75 98 96 668 | Tipo de cartucho: Original | Contenido total en volumen: 2 mL | Color de la tinta: Negro | Es recargable: Sí,https://http2.mlstatic.com/D_NQ_NP_2X_969693-MLV86237103303_062025-F.webp,https://articulo.mercadolibre.com.ve/MLV-566281963-cartuchos-hp-originales-64-45-63-667-664-662-60-21-901-74-_JM,https://www.google.com/search?q=%22Vendido%20por%20DISTRIBUIDORAVZLA1%22%20Venezuela%20(whatsapp%20OR%20instagram%20OR%20rif%20OR%20telefono%20OR%20tienda),Sí,2026-08-15T08:34:46.502Z
MLV753719956,Batería De Litio Recargable 18650 3.7v X4 Unds,9.52,4.7,252,1000,0,Sí,Vendido por ELEXTRIC,MercadoLíder Platinum,N/A,25,5000,100,19,https://listado.mercadolibre.com.ve/_CustId_98118307,"Barquisimeto, Lara","Electrónica, Audio y Video",Pilas y Cargadores > Pilas,"Electrónica, Audio y Video > Pilas y Cargadores > Pilas",Genérica,18650,Marca: Genérica | Modelo: 18650 | Forma: Cilíndrica | Formato de venta: Pack | Unidades por pack: 4 | Voltaje nominal: 3.7V | Es recargable: Sí | Composición: Litio,https://http2.mlstatic.com/D_NQ_NP_2X_970689-MLV114496717415_072026-F.webp,https://articulo.mercadolibre.com.ve/MLV-753719956-bateria-de-litio-recargable-18650-37v-x4-unds-_JM,https://www.google.com/search?q=%22Vendido%20por%20ELEXTRIC%22%20Venezuela%20(whatsapp%20OR%20instagram%20OR%20rif%20OR%20telefono%20OR%20tienda),Sí,2026-08-15T08:34:46.939Z
MLV737262074,Manos Libres Auricular Para Radio Transmisor Baofeng Negro,6,4.8,93,500,0,Sí,Vendido por TODOELECTRONICSTODOELECTRONI,MercadoLíder Platinum,N/A,100,1000,100,9,https://listado.mercadolibre.com.ve/_CustId_229126085,"Cabudare, Lara",Celulares y Teléfonos,Radios y WalkieTalkies > Walkie Talkies,Celulares y Teléfonos > Radios y WalkieTalkies > Walkie Talkies,Baofeng,888s,"Marca: Baofeng | Línea: Audifonos | Modelo: 888s | Color: Negro | Eficiencia energética: A | Tipos de alimentación: Batería recargable | Cantidad de canales: 16 | Alcance máximo: 3 km | Es digital: No | Con Bluetooth: No | Con Wi-Fi: No | Con pantalla: No | Con teclado numérico: No | Con linterna: No | Con funcion de manos libres: Sí | Con alarma de emergencia: No | Funciones manos libres: VOX | Incluye pilas: No | Capacidad de la batería: 1,5 Ah | Accesorios incluidos: Antena | Tipos de tecnología: Analógica | Es a prueba de agua: No | Cantidad de canales de privacidad: 16 | Duración de la batería: 8 h | Duración de la pila: 8 h",https://http2.mlstatic.com/D_NQ_NP_2X_687156-MLV73873893927_012024-F.webp,https://articulo.mercadolibre.com.ve/MLV-737262074-manos-libres-auricular-para-radio-transmisor-baofeng-negro-_JM,https://www.google.com/search?q=%22Vendido%20por%20TODOELECTRONICSTODOELECTRONI%22%20Venezuela%20(whatsapp%20OR%20instagram%20OR%20rif%20OR%20telefono%20OR%20tienda),Sí,2026-08-15T08:34:47.365Z
MLV825929996,Nebulizador Portatil Pediatrico Niños Y Adultos Pilas / Usb,6.5,4.7,216,500,0,Sí,movilccs,N/A,560,50,5000,97,9,https://www.mercadolibre.com.ve/pagina/movilshop2018ca,"Mun. Chacao (norte), Distrito Capital",Otras Categorías,Otros,Otras Categorías > Otros,Mesh,portatil recargable,Marca: Mesh | Modelo: portatil recargable,https://http2.mlstatic.com/D_NQ_NP_2X_658462-MLV82294083959_022025-F.webp,https://articulo.mercadolibre.com.ve/MLV-825929996-nebulizador-portatil-pediatrico-ninos-y-adultos-pilas-usb-_JM,https://www.google.com/search?q=%22movilccs%22%20Venezuela%20(whatsapp%20OR%20instagram%20OR%20rif%20OR%20telefono%20OR%20tienda),Sí,2026-08-15T08:34:47.785Z
MLV716199887,Tensometro Digital Muñeca Recargable Mayor Y Detal,24.99,4.8,377,500,0,Sí,Vendedores Certificados Salud,MercadoLíder Platinum,200,5,5000,100,20,https://www.mercadolibre.com.ve/pagina/vidatronic.vzla,"Valencia (Valencia), Carabobo",Estética y Belleza,Salud > Cuidado de la Salud > Tensiómetros > Digitales,Estética y Belleza > Salud > Cuidado de la Salud > Tensiómetros > Digitales,BP,RECARGABLE,Marca: BP | Modelo: RECARGABLE,https://http2.mlstatic.com/D_NQ_NP_2X_760912-MLV113113979497_062026-F.webp,https://articulo.mercadolibre.com.ve/MLV-716199887-tensometro-digital-muneca-recargable-mayor-y-detal-_JM,https://www.google.com/search?q=%22Vendedores%20Certificados%20Salud%22%20Venezuela%20(whatsapp%20OR%20instagram%20OR%20rif%20OR%20telefono%20OR%20tienda),Sí,2026-08-15T07:16:58.495Z
MLV581320929,Dispensador De Agua Electrico Recargable Usb Botellones Blanco,5.99,4.7,204,500,0,Sí,technodigitaljn,MercadoLíder Platinum,2900,500,100000,97,8,https://www.mercadolibre.com.ve/pagina/technodigital_jn,"Valencia (Valencia), Carabobo",Electrodomésticos,Dispensadores y Filtros > Dispensadores de Agua,Electrodomésticos > Dispensadores y Filtros > Dispensadores de Agua,N/A,N/A,Color: Blanco,https://http2.mlstatic.com/D_NQ_NP_2X_697208-MLV52543260264_112022-F.webp,https://articulo.mercadolibre.com.ve/MLV-581320929-dispensador-de-agua-electrico-recargable-usb-botellones-blanco-_JM,https://www.google.com/search?q=%22technodigitaljn%22%20Venezuela%20(whatsapp%20OR%20instagram%20OR%20rif%20OR%20telefono%20OR%20tienda),Sí,2026-08-15T07:16:58.926Z
MLV768254838,Perfume En Aceite Plastico 60ml Con Feromonas Caballero,8,4.8,144,500,0,Sí,OLENTIA,MercadoLíder Platinum,460,50,5000,100,7,https://www.mercadolibre.com.ve/pagina/olentiaoficial,"San Antonio, Miranda",Estética y Belleza,Perfumes,Estética y Belleza > Perfumes,Genérica,N/A,"Marca: Genérica | Línea: Plastico | Nombre del perfume: Pefume en Aceite | Versión: Spray | Género: Hombre | Tipo de perfume: Parfum | Es recargable: Sí | Volumen de la unidad: 60 mL | Familias olfativas: Almizclado, Amaderado, Cítrico, Dulce | Tipo: Parfum | Género: Hombre | Tipo de aroma: Almizclado, Amaderado, Cítrico, Dulce | Volumen de la unidad: 60 mL | Marca: Genérica",https://http2.mlstatic.com/D_NQ_NP_2X_639996-MLV71520428109_092023-F.webp,https://articulo.mercadolibre.com.ve/MLV-768254838-perfume-en-aceite-plastico-60ml-con-feromonas-caballero-_JM,https://www.google.com/search?q=%22OLENTIA%22%20Venezuela%20(whatsapp%20OR%20instagram%20OR%20rif%20OR%20telefono%20OR%20tienda),Sí,2026-08-15T07:16:59.367Z
MLV753819178,"Perfume En Aceite Larga Duracion, Feromonas 100ml Caballero",16.5,4.8,152,500,0,Sí,OLENTIA,MercadoLíder Platinum,460,50,5000,100,7,https://www.mercadolibre.com.ve/pagina/olentiaoficial,"San Antonio, Miranda",Estética y Belleza,Perfumes,Estética y Belleza > Perfumes,Genérica,N/A,Marca: Genérica | Línea: Elixir de Perfume | Nombre del perfume: Pefume en Aceite | Versión: Spray | Género: Hombre | Tipo de perfume: Parfum | Es recargable: Sí | Volumen de la unidad: 100 mL | Tipo: Parfum | Género: Hombre | Volumen de la unidad: 100 mL | Marca: Genérica,https://http2.mlstatic.com/D_NQ_NP_2X_760800-MLV69578966674_052023-F.webp,https://articulo.mercadolibre.com.ve/MLV-753819178-perfume-en-aceite-larga-duracion-feromonas-100ml-caballero-_JM,https://www.google.com/search?q=%22OLENTIA%22%20Venezuela%20(whatsapp%20OR%20instagram%20OR%20rif%20OR%20telefono%20OR%20tienda),Sí,2026-08-15T07:16:59.876Z
MLV462969679,Cartucho Compatible Hp 21 Xl Negro,12.95,4.3,110,1000,0,Sí,Venspeed,MercadoLíder Platinum,2900,100,100000,99,14,https://www.mercadolibre.com.ve/tienda/venspeed,"Mun. Chacao (sur), Distrito Capital",Computación,Impresión > Insumos de Impresión > Cartuchos de Tinta,Computación > Impresión > Insumos de Impresión > Cartuchos de Tinta,HP,21XL,Marca: HP | Modelo: 21XL | Tipo de cartucho: Original | Color de la tinta: Negro | Formato de venta: Caja | Es recargable: Sí,https://http2.mlstatic.com/D_NQ_NP_2X_840864-MLV31247438254_062019-F.webp,https://articulo.mercadolibre.com.ve/MLV-462969679-cartucho-compatible-hp-21-xl-negro-_JM,https://www.google.com/search?q=%22Venspeed%22%20Venezuela%20(whatsapp%20OR%20instagram%20OR%20rif%20OR%20telefono%20OR%20tienda),Sí,2026-08-15T07:10:35.341Z
MLV460871282,Cartucho Compatible Epson 136 Para K101 K301,10.95,4.6,243,1000,0,Sí,Venspeed,MercadoLíder Platinum,2900,100,100000,99,14,https://www.mercadolibre.com.ve/tienda/venspeed,"Mun. Chacao (sur), Distrito Capital",Computación,Impresión > Insumos de Impresión > Cartuchos de Tinta,Computación > Impresión > Insumos de Impresión > Cartuchos de Tinta,Epson,EPSON 136,Marca: Epson | Línea: DURABrite Ultra | Modelo: EPSON 136 | Tipo de cartucho: Original | Contenido total en volumen: 32 mL | Color de la tinta: Negro | Formato de venta: Unidad | Es recargable: Sí,https://http2.mlstatic.com/D_NQ_NP_2X_836725-MLV31247081394_062019-F.webp,https://articulo.mercadolibre.com.ve/MLV-460871282-cartucho-compatible-epson-136-para-k101-k301-_JM,https://www.google.com/search?q=%22Venspeed%22%20Venezuela%20(whatsapp%20OR%20instagram%20OR%20rif%20OR%20telefono%20OR%20tienda),Sí,2026-08-15T07:10:35.696Z
MLV762852001,Mini Aspiradora Sopladora Inalámbrica Recargable Usb 2 In 1 Negro,8.99,4.4,506,1000,0,Sí,SCAROLA IMPORT,N/A,4100,500,50000,98,6,https://www.mercadolibre.com.ve/pagina/scarolaimport,"Mun. Sucre (este), Distrito Capital",Electrodomésticos,Pequeños Electrodomésticos > Para Hogar > Aspiradoras,Electrodomésticos > Pequeños Electrodomésticos > Para Hogar > Aspiradoras,Vacuum Cleaner,F6001,"Marca: Vacuum Cleaner | Línea: Portable | Modelo: F6001 | Capacidad en volumen: 100 mL | Color: Negro | Voltaje: 5 | Incluye batería: Sí | Peso: 215 kg | Eficiencia energética: A | Nivel de presión sonora: 40 dBA | Tipos de aspiradora y limpiadora a vapor: De mano, Portatil | Funciones adicionales: Sopladora | Tipos de colector: Sin bolsa | Es apto para líquido: No | Es inalámbrico: Sí | Es industrial: No | Con filtro de salida: Sí | Incluye filtros reutilizables: No",https://http2.mlstatic.com/D_NQ_NP_2X_638146-MLV77300657273_062024-F.webp,https://articulo.mercadolibre.com.ve/MLV-762852001-mini-aspiradora-sopladora-inalambrica-recargable-usb-2-in-1-negro-_JM,https://www.google.com/search?q=%22SCAROLA%20IMPORT%22%20Venezuela%20(whatsapp%20OR%20instagram%20OR%20rif%20OR%20telefono%20OR%20tienda),Sí,2026-08-15T07:10:36.870Z
MLV546195166,Cartucho Compatible Epson 73n 73 Negro Y Colores T20 Tx100,9.95,4.5,110,500,0,Sí,Venspeed,MercadoLíder Platinum,2900,100,100000,99,14,https://www.mercadolibre.com.ve/tienda/venspeed,"Mun. Chacao (sur), Distrito Capital",Computación,Impresión > Insumos de Impresión > Cartuchos de Tinta,Computación > Impresión > Insumos de Impresión > Cartuchos de Tinta,Epson,EPSON 73N,Marca: Epson | Línea: 73n | Modelo: EPSON 73N | Tipo de cartucho: Original | Contenido total en volumen: 15 mL | Color de la tinta: Negro | Formato de venta: Unidad | Es recargable: Sí,https://http2.mlstatic.com/D_NQ_NP_2X_863426-MLV31247450958_062019-F.webp,https://articulo.mercadolibre.com.ve/MLV-546195166-cartucho-compatible-epson-73n-73-negro-y-colores-t20-tx100-_JM,https://www.google.com/search?q=%22Venspeed%22%20Venezuela%20(whatsapp%20OR%20instagram%20OR%20rif%20OR%20telefono%20OR%20tienda),Sí,2026-08-15T07:10:37.410Z
MLV707361649,Maquina Afeitar Inalambrica Recargable Trimmer Cabello Barba,6.16,4.7,398,1000,0,Sí,JOC STORE,MercadoLíder Platinum,1900,100,10000,100,15,https://www.mercadolibre.com.ve/pagina/jocstore,"Barquisimeto, Lara",Estética y Belleza,Artefactos para el Cabello > Cortadoras de Cabello,Estética y Belleza > Artefactos para el Cabello > Cortadoras de Cabello,JOC SMART ENERGY,3 en 1,Marca: JOC SMART ENERGY | Modelo: 3 en 1 | Es apta para viaje: Sí | Es apta para bebés: No | Es inalámbrica: Sí | Tipo de alimentación: Batería | Tipos de cabezales: Planos | Incluye batería recargable: Sí | Es inalámbrica: Sí | Tipo de alimentación: Batería | Marca: JOC SMART ENERGY,https://http2.mlstatic.com/D_NQ_NP_2X_665942-MLV74464382008_022024-F.webp,https://articulo.mercadolibre.com.ve/MLV-707361649-maquina-afeitar-inalambrica-recargable-trimmer-cabello-barba-_JM,https://www.google.com/search?q=%22JOC%20STORE%22%20Venezuela%20(whatsapp%20OR%20instagram%20OR%20rif%20OR%20telefono%20OR%20tienda),Sí,2026-08-15T07:10:37.758Z
MLV540653579,Raqueta Mata Zancudos Moscas Mosquitos Recargable Electrica,6.7,4.6,265,500,0,Sí,FERRE TOYS,N/A,4500,500,50000,99,19,https://www.mercadolibre.com.ve/pagina/ferretoys,"Barquisimeto, Lara",Herramientas,Otros,Herramientas > Otros,New,recargable,Marca: New | Modelo: recargable,https://http2.mlstatic.com/D_NQ_NP_2X_780487-MLV45175617155_032021-F.webp,https://articulo.mercadolibre.com.ve/MLV-540653579-raqueta-mata-zancudos-moscas-mosquitos-recargable-electrica-_JM,https://www.google.com/search?q=%22FERRE%20TOYS%22%20Venezuela%20(whatsapp%20OR%20instagram%20OR%20rif%20OR%20telefono%20OR%20tienda),Sí,2026-08-15T07:10:38.115Z
MLV460871381,Cartucho Compatible Hp 60 Xl Negro,20.95,4.7,107,1000,0,Sí,Venspeed,MercadoLíder Platinum,2900,100,100000,99,14,https://www.mercadolibre.com.ve/tienda/venspeed,"Mun. Chacao (sur), Distrito Capital",Computación,Impresión > Insumos de Impresión > Cartuchos de Tinta,Computación > Impresión > Insumos de Impresión > Cartuchos de Tinta,HP,60XL,"Marca: HP | Línea: HP Deskjet D1658, D1660, D1663, D1668, D2530, D2500, D2545, D2560, D2563, D2566, D2568, D2600,D2660, D2663, D2668, D2680 | Modelo: 60XL | Tipo de cartucho: Original | Color de la tinta: Negro | Formato de venta: Caja | Es recargable: Sí",https://http2.mlstatic.com/D_NQ_NP_2X_669372-MLV81849657443_012025-F.webp,https://articulo.mercadolibre.com.ve/MLV-460871381-cartucho-compatible-hp-60-xl-negro-_JM,https://www.google.com/search?q=%22Venspeed%22%20Venezuela%20(whatsapp%20OR%20instagram%20OR%20rif%20OR%20telefono%20OR%20tienda),Sí,2026-08-15T07:10:38.486Z
MLV772687932,Lámpara De Emergencia Lucerna L5038 22h Led 2 Faros Blanca,34.53,4.9,29,100,0,Sí,ElectroMateriales RB,MercadoLíder Platinum,320,100,1000,100,11,https://www.mercadolibre.com.ve/pagina/electrorb,"Mun. Sucre (este), Distrito Capital",Hogar y Muebles,Iluminación para el Hogar > Lámparas de Emergencia,Hogar y Muebles > Iluminación para el Hogar > Lámparas de Emergencia,Lucerna,L5038,"Marca: Lucerna | Modelo: L5038 | Tipo de producto: Luz de emergencia | Color: Blanca | Voltaje: 110V | Formato de venta: Unidad | Tipo de luz: LED | Cantidad de luces LED: 24 | Flujo luminoso mínimo: 150 lm | Flujo luminoso máximo: 150 lm | Cantidad de faros: 2 | Autonomía mínima de horas: 17 h | Autonomía máxima de horas: 22 h | Tiempo de carga de la batería: 20 h | Incluye batería recargable: Sí | Tipos de alimentación: Corriente eléctrica | Tipo de batería: 6V 4.5A | Con Wi-Fi: No | Capacidad de la batería: 4,5 Ah",https://http2.mlstatic.com/D_NQ_NP_2X_630723-MLV106507053941_022026-F.webp,https://articulo.mercadolibre.com.ve/MLV-772687932-lampara-de-emergencia-lucerna-l5038-22h-led-2-faros-blanca-_JM,https://www.google.com/search?q=%22ElectroMateriales%20RB%22%20Venezuela%20(whatsapp%20OR%20instagram%20OR%20rif%20OR%20telefono%20OR%20tienda),Sí,2026-08-15T07:10:38.834Z
MLV918238598,Baterías Recargables Dmegc 18650 2500mah Li-ion 3.7v 12c,4.2,4.8,18,100,0,Sí,Vendido por TECNOPEPIN,MercadoLíder Platinum,N/A,100,10000,100,15,https://listado.mercadolibre.com.ve/_CustId_35442627,"Mun. Libertador (Sureste), Distrito Capital","Electrónica, Audio y Video",Pilas y Cargadores > Pilas,"Electrónica, Audio y Video > Pilas y Cargadores > Pilas",DMEGC,INR18650 25P,Marca: DMEGC | Modelo: INR18650 25P | Tamaño de la pila: 18650 | Forma: Cilíndrica | Formato de venta: Unidad | Voltaje nominal: 3.7V | Es recargable: Sí | Composición: Li-ion | Capacidad de la pila: 2.500 mAh,https://http2.mlstatic.com/D_NQ_NP_2X_740086-MLV107568198182_032026-F.webp,https://articulo.mercadolibre.com.ve/MLV-918238598-baterias-recargables-dmegc-18650-2500mah-li-ion-37v-12c-_JM,https://www.google.com/search?q=%22Vendido%20por%20TECNOPEPIN%22%20Venezuela%20(whatsapp%20OR%20instagram%20OR%20rif%20OR%20telefono%20OR%20tienda),Sí,2026-08-15T07:10:39.193Z
MLV911061266,Linterna Led Magnética Para Técnico Mecánico Luz Emergencia Blanco Marrón Claro,12.99,4.9,41,100,0,Sí,MECANITOOLS,MercadoLíder Platinum,530,100,10000,100,12,https://www.mercadolibre.com.ve/pagina/mecanitools,"Mun. Libertador (Centro), Distrito Capital",Deportes y Fitness,"Camping, Caza y Pesca > Linternas y Faroles > Linternas","Deportes y Fitness > Camping, Caza y Pesca > Linternas y Faroles > Linternas",Genérica,Lampara de Trabajo Multifuncional,"Marca: Genérica | Modelo: Lampara de Trabajo Multifuncional | Color de la luz: Blanco | Color de la linterna: Marrón claro | Tipo de linterna: Magnética | Usos recomendados: Camping, Ciclismo, Exploración al aire libre, Mantenimiento, Pesca | Tipo de alimentación: USB | Tipo de batería: Recargable | Tipo de luz: LED | Cantidad de modos de cambio de luz: 7 | Es recargable: Sí | Con carga USB: Sí | Es resistente al polvo: Sí | Marca: Genérica | Tipo de alimentación: USB",https://http2.mlstatic.com/D_NQ_NP_2X_952804-MLV91051772600_092025-F.webp,https://articulo.mercadolibre.com.ve/MLV-911061266-linterna-led-magnetica-para-tecnico-mecanico-luz-emergencia-blanco-marron-claro-_JM,https://www.google.com/search?q=%22MECANITOOLS%22%20Venezuela%20(whatsapp%20OR%20instagram%20OR%20rif%20OR%20telefono%20OR%20tienda),Sí,2026-08-15T07:10:39.555Z
MLV816445580,Ventilador Recargable De Mesa Portátil Marca Reik 6 Pulgadas,9.57,5,1,100,0,Sí,INVERSIONES UNITECH,MercadoLíder Platinum,3500,1000,10000,99,13,https://www.mercadolibre.com.ve/pagina/americasonido2323,"Guanare, Portuguesa",Electrodomésticos,Climatización > Ventiladores,Electrodomésticos > Climatización > Ventiladores,Reikpor,FS500,"Marca: Reikpor | Línea: Reikpro Fan | Modelo: FS500 | Voltaje: 5V | Con luz: Sí | Tipo de ventilador: Portátil | Cantidad de velocidades: 3 | Altura: 21,3 cm | Material de la rejilla: Plástico | Con aspas reversibles: No | Cantidad de velocidades: 3 | Diámetro: 15.24 cm | Cantidad De Aspas: 5 | Material De Las Aspas: Plástico",https://http2.mlstatic.com/D_NQ_NP_2X_931461-MLV80594760495_112024-F.webp,https://articulo.mercadolibre.com.ve/MLV-816445580-ventilador-recargable-de-mesa-portatil-marca-reik-6-pulgadas-_JM,https://www.google.com/search?q=%22INVERSIONES%20UNITECH%22%20Venezuela%20(whatsapp%20OR%20instagram%20OR%20rif%20OR%20telefono%20OR%20tienda),Sí,2026-08-15T07:10:39.906Z
MLV817261322,Mini Ventilador Recargable Marca Reikpro 6 Mesa Y Portatil,9.57,5,46,100,0,Sí,INVUNITECHCA,MercadoLíder Platinum,540,500,1000,99,2,https://www.mercadolibre.com.ve/pagina/invunitechca,"Guanare, Portuguesa",Electrodomésticos,Climatización > Ventiladores,Electrodomésticos > Climatización > Ventiladores,Reik Pro,Mini Ventilador,Marca: Reik Pro | Línea: Ventilador | Modelo: Mini Ventilador | Altura: 17 cm | Ancho: 21 cm | Con luz: Sí | Tipo de ventilador: Portátil | Cantidad de velocidades: 3 | Incluye control remoto: No | Material de la rejilla: Plástico | Con aspas reversibles: No | Con función turbo: No | Es turbo: No | Incluye control remoto: No | Diámetro: 15.24 cm | Cantidad de velocidades: 3 | Cantidad De Aspas: 5 | Material De Las Aspas: Plástico,https://http2.mlstatic.com/D_NQ_NP_2X_731027-MLV80717579443_112024-F.webp,https://articulo.mercadolibre.com.ve/MLV-817261322-mini-ventilador-recargable-marca-reikpro-6-mesa-y-portatil-_JM,https://www.google.com/search?q=%22INVUNITECHCA%22%20Venezuela%20(whatsapp%20OR%20instagram%20OR%20rif%20OR%20telefono%20OR%20tienda),Sí,2026-08-15T07:10:40.245Z
MLV1009941182,Linterna Led Tipo Llavero Recargable 200mah X12 Unidades Blanco Negro,10.64,4.9,37,100,0,Sí,Full Tecno 2017 CA,MercadoLíder Platinum,1100,25,1000,99,14,https://www.mercadolibre.com.ve/pagina/fulltecno2017,"Barquisimeto, Lara",Deportes y Fitness,"Camping, Caza y Pesca > Linternas y Faroles > Linternas","Deportes y Fitness > Camping, Caza y Pesca > Linternas y Faroles > Linternas",KeyChain light,Mini linterna llavero,"Marca: KeyChain light | Modelo: Mini linterna llavero | Color de la luz: Blanco | Color de la linterna: Negro | Largo: 6 cm | Peso: 35 g | Tipo de linterna: Táctica | Usos recomendados: Iluminación portátil, Llavero, Uso diario | Tipo de alimentación: Batería | Tipo de pila: Litio | Tipo de batería: Ion de litio | Tipo de luz: LED | Cantidad de modos de cambio de luz: 3 | Potencia: 300 lm | Duración máxima: 1 h | Es recargable: Sí | Con carga USB: Sí | Es resistente al polvo: Sí | Es a prueba de agua: Sí | Con zoom: No | Con láser: No | Voltaje de la batería: 3.7V | Marca: KeyChain light | Es a prueba de agua: Sí | Tipo de alimentación: Batería",https://http2.mlstatic.com/D_NQ_NP_2X_870061-MLV110297382968_052026-F.webp,https://articulo.mercadolibre.com.ve/MLV-1009941182-linterna-led-tipo-llavero-recargable-200mah-x12-unidades-blanco-negro-_JM,https://www.google.com/search?q=%22Full%20Tecno%202017%20CA%22%20Venezuela%20(whatsapp%20OR%20instagram%20OR%20rif%20OR%20telefono%20OR%20tienda),Sí,2026-08-15T07:10:40.631Z
MLV869831472,Taladro Destornillador Inalambrico Recargable Completo Total Turquesa,36.57,4.9,132,100,0,Sí,INVGONZURD2016,MercadoLíder Platinum,3800,1000,10000,100,10,https://www.mercadolibre.com.ve/pagina/invgonzurd2016,"Maracaibo, Zulia",Herramientas,Herramientas Eléctricas > Perforación > Taladros > De Mano,Herramientas > Herramientas Eléctricas > Perforación > Taladros > De Mano,Total,UTDLI1218,"Marca: Total | Modelo: UTDLI1218 | Presentación: Caja de cartón | Color: Turquesa | Voltaje: 12V | Con función destornillador: Sí | Con empuñadura soft grip: No | Con indicador de carga de batería: Sí | Tamaño del mandril: 10 mm | Es inalámbrico: Sí | Cantidad de baterías: 1 | Amperaje de la bateria: 1,5 Ah | Incluye cargador: Sí | Otros accesorios incluidos: PUNTILLA PALETA ESTRIA | Es inalámbrico: Sí | Tamaño del mandril: 10 mm | Con función destornillador: Sí",https://http2.mlstatic.com/D_NQ_NP_2X_663240-MLV113250495097_062026-F.webp,https://articulo.mercadolibre.com.ve/MLV-869831472-taladro-destornillador-inalambrico-recargable-completo-total-turquesa-_JM,https://www.google.com/search?q=%22INVGONZURD2016%22%20Venezuela%20(whatsapp%20OR%20instagram%20OR%20rif%20OR%20telefono%20OR%20tienda),Sí,2026-08-15T07:10:41.014Z
MLV783352452,Bombillo Led De 80w Recargable Usb X2 Unidades Blanco,12.09,4.9,131,100,0,Sí,INVERSIONES UNITECH,MercadoLíder Platinum,3500,1000,10000,99,13,https://www.mercadolibre.com.ve/pagina/americasonido2323,"Guanare, Portuguesa",Hogar y Muebles,Iluminación para el Hogar > Bombillos,Hogar y Muebles > Iluminación para el Hogar > Bombillos,Yani Reik,A9,Marca: Yani Reik | Modelo: A9 | Tecnología de iluminación: LED | Potencia: 80 W | Color de la luz: Blanco | Formato de venta: Unidad | Forma: Manzana | Es dimeable: No | Con Wi-Fi: No | Tecnología de iluminación: LED | Color de la luz: Blanco | Forma: Manzana,https://http2.mlstatic.com/D_NQ_NP_2X_849483-MLV88350753420_072025-F.webp,https://articulo.mercadolibre.com.ve/MLV-783352452-bombillo-led-de-80w-recargable-usb-x2-unidades-blanco-_JM,https://www.google.com/search?q=%22INVERSIONES%20UNITECH%22%20Venezuela%20(whatsapp%20OR%20instagram%20OR%20rif%20OR%20telefono%20OR%20tienda),Sí,2026-08-15T07:10:41.365Z
MLV771849413,Lámpara De Emergencia Hammer Doble Faro 8w 3200k,19.95,5,24,100,0,Sí,Lumicolor,MercadoLíder Platinum,210,500,1000,100,4,https://www.mercadolibre.com.ve/tienda/lumicolor,"Mun. Baruta (sur), Distrito Capital",Hogar y Muebles,Iluminación para el Hogar > Lámparas de Emergencia,Hogar y Muebles > Iluminación para el Hogar > Lámparas de Emergencia,Hammer,EM0101,Marca: Hammer | Modelo: EM0101 | Tipo de producto: Luz de emergencia | Voltaje: 100V240V | Formato de venta: Unidad | Tipo de luz: LED | Cantidad de faros: 2 | Autonomía mínima de horas: 3 días | Autonomía máxima de horas: 4 días | Tiempo de carga de la batería: 1 años | Incluye batería recargable: Sí | Tipos de alimentación: 1033091 | Tipo de batería: Ion de litio | Capacidad de la batería: 1 Ah | Ambientes: Interior | Con indicador de carga de batería: Sí | Potencia: 8 W | Material: Plástico ignífugo | Con botón de testeo: Sí | Incluye pilas: Sí,https://http2.mlstatic.com/D_NQ_NP_2X_897826-MLV110241695401_042026-F.webp,https://articulo.mercadolibre.com.ve/MLV-771849413-lampara-de-emergencia-hammer-doble-faro-8w-3200k-_JM,https://www.google.com/search?q=%22Lumicolor%22%20Venezuela%20(whatsapp%20OR%20instagram%20OR%20rif%20OR%20telefono%20OR%20tienda),Sí,2026-08-15T07:10:41.746Z
MLV561868693,Peso Balanza Digital Electronico 40kg Recargable -tienda,41.46,4.9,26,100,0,Sí,CEJO1685931,MercadoLíder Platinum,250,100,5000,99,10,https://www.mercadolibre.com.ve/pagina/cejo1685931,"Mun. Libertador (Oeste), Distrito Capital",Industrias,Equipamiento para Comercios > Balanzas > Comerciales,Industrias > Equipamiento para Comercios > Balanzas > Comerciales,American Boss,N/A,Marca: American Boss | Línea: 40kg | Voltaje: 110V | Con teclado: No | Con tecla tara: Sí | Peso máximo soportado: 40 kg | Tipo de producto: Comercial | Tipo de pantalla de la balanza digital: LCD | Con tecla tara: Sí,https://http2.mlstatic.com/D_NQ_NP_2X_862622-MLV52517280841_112022-F.webp,https://articulo.mercadolibre.com.ve/MLV-561868693-peso-balanza-digital-electronico-40kg-recargable-tienda-_JM,https://www.google.com/search?q=%22CEJO1685931%22%20Venezuela%20(whatsapp%20OR%20instagram%20OR%20rif%20OR%20telefono%20OR%20tienda),Sí,2026-08-15T07:10:42.126Z
MLV829011686,Kit Luces Led Bicicleta 1000lm Usb Delantera Trasera Mtb 1000 Lm,10.71,4.9,71,100,0,Sí,TOTAL SUPPLY STORE,MercadoLíder Gold,40,5,500,100,1,https://www.mercadolibre.com.ve/pagina/totalsupplystore,"Ojeda, Zulia",Deportes y Fitness,Ciclismo > Accesorios > Seguridad > Luces,Deportes y Fitness > Ciclismo > Accesorios > Seguridad > Luces,Bike Light,Bk02,"Marca: Bike Light | Modelo: Bk02 | Color: 1000 LM | Posición: Delantera/Trasera | Tipo de luz: LED | Cantidad de luces: 2 | Tipo de alimentación: Batería | Material: Aluminio | Flujo luminoso: 1.000 lm | Cantidad de modos de cambio de luz: 6 | Tiempo de carga estimado: 1 h | Tiempo de funcionamiento estimado: 3 h - 4 h | Es resistente al agua: Sí | Grado de protección: IPX4 | Incluye accesorios: Sí | Accesorios incluidos: Cable USB | Tipo de pila: Batería incorporada recargable | Voltaje de la batería: 1200Mah | Altura: 2,3 cm | Largo x Ancho: 6.5 cm x 3.9 cm | Peso: 150 g | Color: 1000 LM | Ancho: 3.9 cm | Tipo de alimentación: Batería | Marca: Bike Light",https://http2.mlstatic.com/D_NQ_NP_2X_771174-MLV112883766803_062026-F.webp,https://articulo.mercadolibre.com.ve/MLV-829011686-kit-luces-led-bicicleta-1000lm-usb-delantera-trasera-mtb-1000-lm-_JM,https://www.google.com/search?q=%22TOTAL%20SUPPLY%20STORE%22%20Venezuela%20(whatsapp%20OR%20instagram%20OR%20rif%20OR%20telefono%20OR%20tienda),Sí,2026-08-15T07:10:42.468Z
MLV788145216,Lámpara Yani F-32 Led Recargable Con Base De Iman 7.800mah Blanco,21,4.9,41,100,0,Sí,RENNYJO,MercadoLíder Platinum,1700,500,10000,100,16,https://www.mercadolibre.com.ve/pagina/rennyjo6019,"Pto. Ordaz, Bolívar",Hogar y Muebles,Iluminación para el Hogar > Lámparas de Emergencia,Hogar y Muebles > Iluminación para el Hogar > Lámparas de Emergencia,Yani,F32,Marca: Yani | Modelo: F32 | Color: Blanco | Voltaje: 110V | Formato de venta: Unidad | Tipo de luz: Blanca | Cantidad de faros: 1 | Autonomía mínima de horas: 6 h | Autonomía máxima de horas: 15 h | Tiempo de carga de la batería: 8 h | Tipos de alimentación: Batería,https://http2.mlstatic.com/D_NQ_NP_2X_718667-MLV75017983765_032024-F.webp,https://articulo.mercadolibre.com.ve/MLV-788145216-lampara-yani-f-32-led-recargable-con-base-de-iman-7800mah-blanco-_JM,https://www.google.com/search?q=%22RENNYJO%22%20Venezuela%20(whatsapp%20OR%20instagram%20OR%20rif%20OR%20telefono%20OR%20tienda),Sí,2026-08-15T07:10:42.813Z
MLV850524170,Mini Impresora Termica Portátil Bluetooth Usb Recargable Azul Claro,20,4.9,93,100,0,Sí,Cactus,MercadoLíder Platinum,1800,100,10000,98,10,https://www.mercadolibre.com.ve/tienda/cactus,"Mun. Libertador (Noreste), Distrito Capital",Computación,Impresión > Impresoras,Computación > Impresión > Impresoras,Genérico,Mini Impresora Térmica,Marca: Genérico | Modelo: Mini Impresora Térmica | Color: Azul claro | Voltaje: 5V | Con puerto USB: Sí | Tipo de impresora: Termica | Tecnología de impresión: Térmica | Tipo de impresión: Monocromática | Funciones de la impresora: Imprimir | Eficiencia energética: A | Tipo de impresora: Termica | Tipo de impresión: Monocromática | Tecnología de impresión: Térmica | Funciones de la impresora: Imprimir,https://http2.mlstatic.com/D_NQ_NP_2X_971518-MLV105839727165_012026-F.webp,https://articulo.mercadolibre.com.ve/MLV-850524170-mini-impresora-termica-portatil-bluetooth-usb-recargable-azul-claro-_JM,https://www.google.com/search?q=%22Cactus%22%20Venezuela%20(whatsapp%20OR%20instagram%20OR%20rif%20OR%20telefono%20OR%20tienda),Sí,2026-08-15T07:10:43.188Z
MLV813722370,Bombillo Led 50w Recargable Para Socate E27 Marca Reik X6 U Blanco Frío,28.98,4.4,28,100,0,Sí,INVERSIONES UNITECH,MercadoLíder Platinum,3500,1000,10000,99,13,https://www.mercadolibre.com.ve/pagina/americasonido2323,"Guanare, Portuguesa",Hogar y Muebles,Iluminación para el Hogar > Bombillos,Hogar y Muebles > Iluminación para el Hogar > Bombillos,Reikpro,50W LED,Temperatura de color: 6.500 K | Tipos de rosca: E27 | Forma: Bulbo | Es dimeable: No | Con Wi-Fi: No | Marca: Reikpro | Modelo: 50W LED | Tecnología de iluminación: LED | Potencia: 50 W | Voltaje: 120/220V | Color de la luz: Blanco frío | Tecnología de iluminación: LED | Color de la luz: Blanco frío | Forma: Bulbo,https://http2.mlstatic.com/D_NQ_NP_2X_992267-MLV88557482136_072025-F.webp,https://articulo.mercadolibre.com.ve/MLV-813722370-bombillo-led-50w-recargable-para-socate-e27-marca-reik-x6-u-blanco-frio-_JM,https://www.google.com/search?q=%22INVERSIONES%20UNITECH%22%20Venezuela%20(whatsapp%20OR%20instagram%20OR%20rif%20OR%20telefono%20OR%20tienda),Sí,2026-08-15T07:10:43.550Z
MLV884738318,Pistola Percutora De Masaje Profesional Recargable 5 Puntas,12.99,4.9,101,100,0,Sí,inv prettyshop ve,MercadoLíder Platinum,3800,500,10000,100,12,https://www.mercadolibre.com.ve/pagina/inv_prettyshop_ve,"Girardot (Maracay), Aragua",Estética y Belleza,Salud > Masajes > Masajeadores > Otros,Estética y Belleza > Salud > Masajes > Masajeadores > Otros,Genérica,pistola masaje,Marca: Genérica | Modelo: pistola masaje,https://http2.mlstatic.com/D_NQ_NP_2X_721639-MLV87583320650_072025-F.webp,https://articulo.mercadolibre.com.ve/MLV-884738318-pistola-percutora-de-masaje-profesional-recargable-5-puntas-_JM,https://www.google.com/search?q=%22inv%20prettyshop%20ve%22%20Venezuela%20(whatsapp%20OR%20instagram%20OR%20rif%20OR%20telefono%20OR%20tienda),Sí,2026-08-15T07:10:43.904Z
MLV804340800,Lámpara De Emergencia 2 Faros Cálida Hammer Model Blanco,16,4.9,17,100,0,Sí,CAYA20240416052840,MercadoLíder Platinum,160,500,1000,100,2,https://www.mercadolibre.com.ve/pagina/caya20240416052840,"Mun. Libertador (Centro), Distrito Capital",Hogar y Muebles,Iluminación para el Hogar > Lámparas de Emergencia,Hogar y Muebles > Iluminación para el Hogar > Lámparas de Emergencia,Hammer,EM0101,"Marca: Hammer | Modelo: EM0101 | Tipo de producto: Luz de emergencia | Color: Blanco | Voltaje: 120/220V | Formato de venta: Unidad | Tipo de luz: Cálida | Cantidad de luces LED: 2 | Cantidad de faros: 2 | Autonomía mínima de horas: 0 h | Autonomía máxima de horas: 3 h | Tiempo de carga de la batería: 15 h | Incluye batería recargable: Sí | Tipo de batería: 3.7V 1.2AH Lithium | Capacidad de la batería: 1,2 mAh",https://http2.mlstatic.com/D_NQ_NP_2X_786763-MLV91123437963_082025-F.webp,https://articulo.mercadolibre.com.ve/MLV-804340800-lampara-de-emergencia-2-faros-calida-hammer-model-blanco-_JM,https://www.google.com/search?q=%22CAYA20240416052840%22%20Venezuela%20(whatsapp%20OR%20instagram%20OR%20rif%20OR%20telefono%20OR%20tienda),Sí,2026-08-15T07:10:44.261Z
MLV755764704,Encendedor Eléctrico Recargable Usb Tipo C Cocina Velas,5,4.9,165,100,0,Sí,Vendido por TECNOPEPIN,MercadoLíder Platinum,N/A,100,10000,100,15,https://listado.mercadolibre.com.ve/_CustId_35442627,"Mun. Libertador (Sureste), Distrito Capital",Otras Categorías,Artículos para Fumadores > Encendedores,Otras Categorías > Artículos para Fumadores > Encendedores,NESAPTO,USB,Marca: NESAPTO | Línea: Encendedor Plasma | Modelo: USB | Formato de venta: Unidad | Material: Metal | Tipo de encendedor: Eléctrico | Es apto para rellenar: No | Es catalítico: Sí | Es recargable: Sí,https://http2.mlstatic.com/D_NQ_NP_2X_908257-MLV79843156444_102024-F.webp,https://articulo.mercadolibre.com.ve/MLV-755764704-encendedor-electrico-recargable-usb-tipo-c-cocina-velas-_JM,https://www.google.com/search?q=%22Vendido%20por%20TECNOPEPIN%22%20Venezuela%20(whatsapp%20OR%20instagram%20OR%20rif%20OR%20telefono%20OR%20tienda),Sí,2026-08-15T07:10:44.614Z
MLV867424118,Lámpara De Emergencia Ovni Recargable 6w 3200k Hammer Blanco,16.2,4.9,29,100,0,Sí,aldivzla,N/A,340,500,5000,99,6,https://www.mercadolibre.com.ve/pagina/anan,"Mun. Libertador (Sur), Distrito Capital",Hogar y Muebles,Iluminación para el Hogar > Lámparas de Emergencia,Hogar y Muebles > Iluminación para el Hogar > Lámparas de Emergencia,Hammer,EM0102,"Marca: Hammer | Modelo: EM0102 | Tipo de producto: Luz de emergencia | Color: Blanco | Voltaje: 110V | Formato de venta: Unidad | Tipo de luz: LED | Autonomía mínima de horas: 3 h | Tiempo de carga de la batería: 16 h | Incluye batería recargable: Sí | Tipos de alimentación: Corriente doméstica, Batería | Tipo de batería: Li-ion | Con Wi-Fi: No | Capacidad de la batería: 1,2 Ah",https://http2.mlstatic.com/D_NQ_NP_2X_891677-MLV86796931367_062025-F.webp,https://articulo.mercadolibre.com.ve/MLV-867424118-lampara-de-emergencia-ovni-recargable-6w-3200k-hammer-blanco-_JM,https://www.google.com/search?q=%22aldivzla%22%20Venezuela%20(whatsapp%20OR%20instagram%20OR%20rif%20OR%20telefono%20OR%20tienda),Sí,2026-08-15T07:10:45.731Z
MLV832012978,Micrófonos Inalámbricos Uhf Set De 2 Micrófonos Profesional Negro,30.06,4.9,94,100,0,Sí,TECH BROS,MercadoLíder Platinum,1200,100,5000,99,7,https://www.mercadolibre.com.ve/pagina/techbros,"Valencia (Valencia), Carabobo","Electrónica, Audio y Video",Audio > Micrófonos y Preamplificadores > Micrófonos,"Electrónica, Audio y Video > Audio > Micrófonos y Preamplificadores > Micrófonos",Shur,DS-2,Marca: Shur | Modelo: DS-2 | Color: Negro | Tipos de conexiones: Inalámbrica | Con Bluetooth: Sí | Formatos de micrófono: microfono plastico | Tipos de micrófono: Inalámbrico | Cantidad de micrófonos: 2 | Tipo de alimentación: Pila | Tipo de batería: Recargable | Tipos de micrófono: Inalámbrico | Es inalámbrico: Inalámbrica,https://http2.mlstatic.com/D_NQ_NP_2X_961861-MLV100972481707_122025-F.webp,https://articulo.mercadolibre.com.ve/MLV-832012978-microfonos-inalambricos-uhf-set-de-2-microfonos-profesional-negro-_JM,https://www.google.com/search?q=%22TECH%20BROS%22%20Venezuela%20(whatsapp%20OR%20instagram%20OR%20rif%20OR%20telefono%20OR%20tienda),Sí,2026-08-15T07:10:46.077Z
MLV715856290,Linterna Multiusos De Cabeza Frente Mecánica Minera Luz Led Blanco Negro,14.99,4.8,79,100,0,Sí,TUTO SHOP,MercadoLíder Platinum,350,100,5000,100,12,https://www.mercadolibre.com.ve/pagina/tutoshop,"Valencia (Valencia), Carabobo",Deportes y Fitness,"Camping, Caza y Pesca > Linternas y Faroles > Linternas","Deportes y Fitness > Camping, Caza y Pesca > Linternas y Faroles > Linternas",Dspro,Lampara Recargable Para Mecánico Minero HEADLIGHT,"Marca: Dspro | Modelo: Lampara Recargable Para Mecánico Minero HEADLIGHT | Color de la luz: Blanco | Color de la linterna: Negro | Largo: 6 cm | Diámetro: 4 cm | Peso: 280 g | Tipo de linterna: Frontal | Usos recomendados: Bicicleta, Electricista, Emergencia, Hogar, Linterna, Mecánica, Mecánico, Montaña, Plomero, bici | Tipo de alimentación: Batería | Tipo de pila: Recargable | Tipo de batería: 18650 | Tipo de luz: LED | Cantidad de modos de cambio de luz: 3 | Potencia: 1.000 lm | Alcance de proyección: 60 m | Duración máxima: 4 h | Incluye pilas: Sí | Es recargable: Sí | Con carga USB: Sí | Es resistente al polvo: Sí | Es a prueba de agua: Sí | Con zoom: Sí | Con láser: No | Material: ABS | Marca: Dspro | Es a prueba de agua: Sí | Tipo de alimentación: Batería",https://http2.mlstatic.com/D_NQ_NP_2X_618949-MLV83880863301_042025-F.webp,https://articulo.mercadolibre.com.ve/MLV-715856290-linterna-multiusos-de-cabeza-frente-mecanica-minera-luz-led-blanco-negro-_JM,https://www.google.com/search?q=%22TUTO%20SHOP%22%20Venezuela%20(whatsapp%20OR%20instagram%20OR%20rif%20OR%20telefono%20OR%20tienda),Sí,2026-08-15T07:10:46.455Z
MLV760990212,Nebulizador Portatil Mesh Bateria Recargable Adultos Niños,22.49,4.9,132,100,0,Sí,Sinocare,MercadoLíder Platinum,680,5,5000,99,19,https://www.mercadolibre.com.ve/tienda/sinocare,"Mun. Libertador (Sur), Distrito Capital",Otras Categorías,Otros,Otras Categorías > Otros,Fitconn,MY133-B,Marca: Fitconn | Modelo: MY133-B,https://http2.mlstatic.com/D_NQ_NP_2X_827507-MLV74997725188_032024-F.webp,https://articulo.mercadolibre.com.ve/MLV-760990212-nebulizador-portatil-mesh-bateria-recargable-adultos-ninos-_JM,https://www.google.com/search?q=%22Sinocare%22%20Venezuela%20(whatsapp%20OR%20instagram%20OR%20rif%20OR%20telefono%20OR%20tienda),Sí,2026-08-15T07:10:46.805Z
MLV784846390,Bateria Para Radio Baofeng Recargable 888s,3.6,5,36,100,0,Sí,Dent Electronics,MercadoLíder Platinum,2600,100,10000,98,8,https://www.mercadolibre.com.ve/tienda/dent-electronics,"Valencia (Valencia), Carabobo",Celulares y Teléfonos,Radios y WalkieTalkies > Walkie Talkies,Celulares y Teléfonos > Radios y WalkieTalkies > Walkie Talkies,Baofeng,baofeng,Marca: Baofeng | Línea: Analogical | Modelo: baofeng | Modelo detallado: 888s | Es digital: No | Con Bluetooth: No | Con Wi-Fi: No | Con pantalla: No | Con teclado numérico: No | Con linterna: No | Con funcion de manos libres: No | Incluye pilas: Sí,https://http2.mlstatic.com/D_NQ_NP_2X_966774-MLV74625328965_022024-F.webp,https://articulo.mercadolibre.com.ve/MLV-784846390-bateria-para-radio-baofeng-recargable-888s-_JM,https://www.google.com/search?q=%22Dent%20Electronics%22%20Venezuela%20(whatsapp%20OR%20instagram%20OR%20rif%20OR%20telefono%20OR%20tienda),Sí,2026-08-15T07:10:47.281Z
MLV831011232,Extractor De Leche Materna Recargable Libre De Bpa,19.99,4.9,191,100,0,Sí,Vendido por SUJO1876451,MercadoLíder Platinum,N/A,5,1000,100,12,https://listado.mercadolibre.com.ve/_CustId_163000422,"Mun. Sucre (este), Distrito Capital",Bebés,Lactancia y Alimentación > Extractores de Leche,Bebés > Lactancia y Alimentación > Extractores de Leche,SEYMED,BPA FREE,Marca: SEYMED | Modelo: BPA FREE | Color: Azul | Tipo de extracción: Eléctrica | Es libre de BPA: Sí | Con extracción doble: Sí | Niveles de succión: 9,https://http2.mlstatic.com/D_NQ_NP_2X_641369-MLV106143112732_022026-F.webp,https://articulo.mercadolibre.com.ve/MLV-831011232-extractor-de-leche-materna-recargable-libre-de-bpa-_JM,https://www.google.com/search?q=%22Vendido%20por%20SUJO1876451%22%20Venezuela%20(whatsapp%20OR%20instagram%20OR%20rif%20OR%20telefono%20OR%20tienda),Sí,2026-08-15T07:10:47.688Z
MLV746706074,Batería Recargable 18650 De Litio 3.7v 3000 Mah,4.99,4.9,90,100,0,Sí,LOPITRONICS,MercadoLíder Platinum,1400,100,10000,99,11,https://www.mercadolibre.com.ve/pagina/lopitronics,"Valencia (Valencia), Carabobo","Electrónica, Audio y Video",Pilas y Cargadores > Pilas,"Electrónica, Audio y Video > Pilas y Cargadores > Pilas",Gerica,Recargable,Marca: Gerica | Modelo: Recargable | Tamaño de la pila: 18650 | Forma: Cilíndrica | Formato de venta: Unidad | Voltaje nominal: 3.7V | Es recargable: Sí | Composición: Litio | Capacidad de la pila: 3.000 mAh,https://http2.mlstatic.com/D_NQ_NP_2X_916985-MLV52257066173_112022-F.webp,https://articulo.mercadolibre.com.ve/MLV-746706074-bateria-recargable-18650-de-litio-37v-3000-mah-_JM,https://www.google.com/search?q=%22LOPITRONICS%22%20Venezuela%20(whatsapp%20OR%20instagram%20OR%20rif%20OR%20telefono%20OR%20tienda),Sí,2026-08-15T07:10:48.455Z
MLV537024890,Peso Digital De Gancho Recargable 500kg Somos Tienda,84.2,4.9,25,100,0,Sí,CEJO1685931,MercadoLíder Platinum,250,100,5000,99,10,https://www.mercadolibre.com.ve/pagina/cejo1685931,"Mun. Libertador (Oeste), Distrito Capital",Industrias,Equipamiento para Comercios > Balanzas > Comerciales,Industrias > Equipamiento para Comercios > Balanzas > Comerciales,N/A,N/A,Línea: Báscula grúa portátil 500kg | Voltaje: 110V | Con teclado: No | Con tecla tara: No | Tipo de producto: Comercial | Tipo de pantalla de la balanza digital: LCD | Con tecla tara: No,https://http2.mlstatic.com/D_NQ_NP_2X_984288-MLV75168430000_032024-F.webp,https://articulo.mercadolibre.com.ve/MLV-537024890-peso-digital-de-gancho-recargable-500kg-somos-tienda-_JM,https://www.google.com/search?q=%22CEJO1685931%22%20Venezuela%20(whatsapp%20OR%20instagram%20OR%20rif%20OR%20telefono%20OR%20tienda),Sí,2026-08-15T07:10:49.008Z
MLV742468258,Bateria Hp Elitebook 745 755 840 850 G3 G4 854108-850 Cs03xl Negro,49.21,4.9,51,100,0,Sí,eGlobalPC,MercadoLíder Platinum,840,100,10000,99,10,https://www.mercadolibre.com.ve/pagina/eglobalpcca,"Naguanagua (Naguanagua), Carabobo",Computación,Laptops y Accesorios > Repuestos para Laptops > Baterías,Computación > Laptops y Accesorios > Repuestos para Laptops > Baterías,N/A,N/A,"Marca de la batería: HP | Línea de la batería: EliteBook | Modelo de la batería: P/N: 800231-141, 800513-001, HSTNN-I33C-4, HSTNN-I33C-5, HSTNN-I41C-4, HSTNN-I41C-5, HSTNN-IB6Y, T7B32AA, CS03XL | Color de la batería: Negro | Composición: Ion de litio (Li-ion) | Capacidad: 4.035 mAh | Duración: 3 h | Tiempo de carga: 2 h | Voltaje nominal: 11.4V | Cantidad de celdas: 4 | Es recargable: Sí | Con protección contra sobrecarga: Sí | Es inflamable: No",https://http2.mlstatic.com/D_NQ_NP_2X_854128-MLV111574160260_062026-F.webp,https://articulo.mercadolibre.com.ve/MLV-742468258-bateria-hp-elitebook-745-755-840-850-g3-g4-854108-850-cs03xl-negro-_JM,https://www.google.com/search?q=%22eGlobalPC%22%20Venezuela%20(whatsapp%20OR%20instagram%20OR%20rif%20OR%20telefono%20OR%20tienda),Sí,2026-08-15T07:10:49.370Z
MLV582955000,Peso Balanza Digital Electrónica 40kg Recargable Somo Tienda,41.46,4.8,99,100,0,Sí,CEJO1685931,MercadoLíder Platinum,250,100,5000,99,10,https://www.mercadolibre.com.ve/pagina/cejo1685931,"Mun. Libertador (Oeste), Distrito Capital",Industrias,Equipamiento para Comercios > Balanzas > Comerciales,Industrias > Equipamiento para Comercios > Balanzas > Comerciales,Roccia,N/A,Marca: Roccia | Línea: Electrodomésticos | Voltaje: 110V | Con teclado: Sí | Con tecla tara: Sí | Con tecla cero: Sí | Con impresora: No | Con mástil: No | Tipo de producto: Comercial | Tipo de balanza: Digital | Tipo de pantalla de la balanza digital: LCD | Es colgable: No | Con tecla tara: Sí | Con impresora: No | Con tecla cero: Sí,https://http2.mlstatic.com/D_NQ_NP_2X_975852-MLV49302556341_032022-F.webp,https://articulo.mercadolibre.com.ve/MLV-582955000-peso-balanza-digital-electronica-40kg-recargable-somo-tienda-_JM,https://www.google.com/search?q=%22CEJO1685931%22%20Venezuela%20(whatsapp%20OR%20instagram%20OR%20rif%20OR%20telefono%20OR%20tienda),Sí,2026-08-15T07:10:49.740Z
MLV751916305,Sacaleche Electrico Materno Digital Recargable Libre De Bpa,29.99,5,10,100,0,Sí,Seynmed,MercadoLíder Platinum,2700,100,10000,100,4,https://www.mercadolibre.com.ve/tienda/seynmed,"Cagua, Aragua",Bebés,Lactancia y Alimentación > Extractores de Leche,Bebés > Lactancia y Alimentación > Extractores de Leche,Seynmed,BPA FREE,Marca: Seynmed | Modelo: BPA FREE | Color: Rosa | Voltaje: 110V | Peso: 530 g | Tipo de extracción: Eléctrica | Tipos de alimentación: Corriente eléctrica | Material: Silicona | Es libre de BPA: Sí | Con extracción doble: Sí | Niveles de succión: 3,https://http2.mlstatic.com/D_NQ_NP_2X_959888-MLV105966257916_022026-F.webp,https://articulo.mercadolibre.com.ve/MLV-751916305-sacaleche-electrico-materno-digital-recargable-libre-de-bpa-_JM,https://www.google.com/search?q=%22Seynmed%22%20Venezuela%20(whatsapp%20OR%20instagram%20OR%20rif%20OR%20telefono%20OR%20tienda),Sí,2026-08-15T07:10:50.091Z
MLV761978501,Kit Ftth Con Power Meter Recargable Y Cleaver Reforzado Verde Lima,67.49,5,86,100,0,Sí,FERMOCAAUTOPARTES,MercadoLíder Platinum,530,50,5000,100,9,https://www.mercadolibre.com.ve/pagina/fermocastore,"Maracaibo, Zulia",Computación,Conectividad y Redes > Herramientas > Kits de Herramientas,Computación > Conectividad y Redes > Herramientas > Kits de Herramientas,Comptyco,AUA-MC7,Marca: Comptyco | Modelo: AUA-MC7 | Color: Verde lima | Tipo de envase: Maletín | Cantidad de piezas: 12 | Es un kit de fábrica: Sí | Largo: 24 cm | Ancho: 10 m | Altura: 18 cm,https://http2.mlstatic.com/D_NQ_NP_2X_920140-MLV90434091990_082025-F.webp,https://articulo.mercadolibre.com.ve/MLV-761978501-kit-ftth-con-power-meter-recargable-y-cleaver-reforzado-verde-lima-_JM,https://www.google.com/search?q=%22FERMOCAAUTOPARTES%22%20Venezuela%20(whatsapp%20OR%20instagram%20OR%20rif%20OR%20telefono%20OR%20tienda),Sí,2026-08-15T07:10:50.668Z
MLV876865384,Micrófono Profesional Condensador Escritorio Podcast Gamer Negro,19.89,4.9,58,100,0,Sí,77 Innovación,MercadoLíder Platinum,10100,100,100000,98,14,https://www.mercadolibre.com.ve/tienda/77-innovacion,"Mun. Sucre (norte), Distrito Capital",Computación,Accesorios para PC Gaming > Micrófonos,Computación > Accesorios para PC Gaming > Micrófonos,Onikuma,M830,"Marca: Onikuma | Modelo: M830 | Color: Negro | Es gamer: Sí | Largo del cable: 1,5 m | Usos recomendados del micrófono: Gaming, Podcast, Streaming | Con parlantes incorporados: No | Tipo de alimentación: Batería/Corriente doméstica | Tipo de batería: Li-ion | Tipo de pila: Recargable | Formatos de micrófono: Condensador | Tipos de micrófono: Escritorio | Patrones polares: Omnidireccional | Cantidad de micrófonos: 1 | Tipos de conexiones: Con cable | Con Bluetooth: No | Frecuencia mínima - Frecuencia máxima: 20 Hz - 50 Hz | Tipos de micrófono: Escritorio | Es inalámbrico: Con cable | Patrones polares: Omnidireccional | Con parlante incorporado: No",https://http2.mlstatic.com/D_NQ_NP_2X_814988-MLV87445632405_072025-F.webp,https://articulo.mercadolibre.com.ve/MLV-876865384-microfono-profesional-condensador-escritorio-podcast-gamer-negro-_JM,https://www.google.com/search?q=%2277%20Innovaci%C3%B3n%22%20Venezuela%20(whatsapp%20OR%20instagram%20OR%20rif%20OR%20telefono%20OR%20tienda),Sí,2026-08-15T07:10:51.020Z
MLV465907841,Batería Mini Acer One D255 D260 D270 522 722 Al10a31 Al10b31,29.61,4.9,33,100,0,Sí,eGlobalPC,MercadoLíder Platinum,840,100,10000,99,10,https://www.mercadolibre.com.ve/pagina/eglobalpcca,"Naguanagua (Naguanagua), Carabobo",Computación,Laptops y Accesorios > Repuestos para Laptops > Baterías,Computación > Laptops y Accesorios > Repuestos para Laptops > Baterías,N/A,N/A,"Marca de la batería: Acer | Línea de la batería: ACER ASPIRE | Modelo de la batería: K.003BT.071, AK.006BT.074, AL10A31, AL10B31, AL10G31, BT.00603.114, BT.00603.121, LC.BTP00.128, LC.BTP00.129 | Composición: Ion de litio (Li-ion) | Capacidad: 5.200 mAh | Duración: 4 h | Tiempo de carga: 2 h | Voltaje nominal: 11.1V | Cantidad de celdas: 6 | Es recargable: Sí | Con protección contra sobrecarga: Sí | Es inflamable: Sí",https://http2.mlstatic.com/D_NQ_NP_2X_740669-MLV111198363221_052026-F.webp,https://articulo.mercadolibre.com.ve/MLV-465907841-bateria-mini-acer-one-d255-d260-d270-522-722-al10a31-al10b31-_JM,https://www.google.com/search?q=%22eGlobalPC%22%20Venezuela%20(whatsapp%20OR%20instagram%20OR%20rif%20OR%20telefono%20OR%20tienda),Sí,2026-08-15T07:10:51.358Z
MLV914800930,Bateria Lifepo4 Lfp 32140 15000mah Real 3.2v 48wh,8.99,5,20,100,0,Sí,CHIMENEASPLUS,MercadoLíder Platinum,1800,100,10000,98,14,https://www.mercadolibre.com.ve/pagina/chimeneasplus,"Valencia (Valencia), Carabobo","Electrónica, Audio y Video",Pilas y Cargadores > Pilas,"Electrónica, Audio y Video > Pilas y Cargadores > Pilas",BATERIA LITIO LifePO4,IFR32140,Marca: BATERIA LITIO LifePO4 | Modelo: IFR32140 | Tamaño de la pila: 32CM | Forma: Cilíndrica | Cantidad de packs: 1 | Formato de venta: Unidad | Voltaje nominal: 3.2V | Es recargable: Sí | Composición: LITIO LIFEPO4 | Capacidad de la pila: 15.000 mAh,https://http2.mlstatic.com/D_NQ_NP_2X_903628-MLV92625607398_092025-F.webp,https://articulo.mercadolibre.com.ve/MLV-914800930-bateria-lifepo4-lfp-32140-15000mah-real-32v-48wh-_JM,https://www.google.com/search?q=%22CHIMENEASPLUS%22%20Venezuela%20(whatsapp%20OR%20instagram%20OR%20rif%20OR%20telefono%20OR%20tienda),Sí,2026-08-15T07:10:51.797Z
MLV817288846,Pila Batería Para Punto Bancamiga Serie Amp 3000 Y 9000,16.96,5,73,100,0,Sí,EAGLE TECHNOLOGIC,MercadoLíder Platinum,1200,100,10000,99,13,https://www.mercadolibre.com.ve/pagina/eagletechnologic,"Valencia (Valencia), Carabobo","Electrónica, Audio y Video",Pilas y Cargadores > Pilas,"Electrónica, Audio y Video > Pilas y Cargadores > Pilas",Pila,18650,Marca: Pila | Modelo: 18650 | Formato de venta: Unidad | Voltaje nominal: 3.7V | Es recargable: Sí | Capacidad de la pila: 2.600 mAh,https://http2.mlstatic.com/D_NQ_NP_2X_609516-MLV80471408892_112024-F.webp,https://articulo.mercadolibre.com.ve/MLV-817288846-pila-bateria-para-punto-bancamiga-serie-amp-3000-y-9000-_JM,https://www.google.com/search?q=%22EAGLE%20TECHNOLOGIC%22%20Venezuela%20(whatsapp%20OR%20instagram%20OR%20rif%20OR%20telefono%20OR%20tienda),Sí,2026-08-15T07:10:52.141Z
MLV814417656,Encendedor Recargable Usb Arco De Plasma Cocina Velas,5.49,4.9,140,100,0,Sí,ASIANFOODSERVICE,MercadoLíder Platinum,410,50,1000,100,5,https://www.mercadolibre.com.ve/pagina/asianfoodservice,"Girardot (Maracay), Aragua",Hogar y Muebles,Cocina > Cocción y Horneado > Encendedores de Cocina,Hogar y Muebles > Cocina > Cocción y Horneado > Encendedores de Cocina,Unbranded,Arc Lighter,Marca: Unbranded | Línea: Plasma | Modelo: Arc Lighter | Formato de venta: Unidad | Material: Metal y Plastico | Tipo de encendedor: Eléctrico | Es apto para rellenar: Sí | Tipo de relleno: Eléctrico Recargable USB | Es catalítico: No | Es recargable: Sí,https://http2.mlstatic.com/D_NQ_NP_2X_852261-MLV80353347445_102024-F.webp,https://articulo.mercadolibre.com.ve/MLV-814417656-encendedor-recargable-usb-arco-de-plasma-cocina-velas-_JM,https://www.google.com/search?q=%22ASIANFOODSERVICE%22%20Venezuela%20(whatsapp%20OR%20instagram%20OR%20rif%20OR%20telefono%20OR%20tienda),Sí,2026-08-15T07:10:52.506Z
MLV728446959,Extractor De Leche O Saca Leche Eléctrico Portatil,85,4.9,55,100,0,Sí,TODO EN UNA,MercadoLíder Platinum,580,100,10000,100,11,https://www.mercadolibre.com.ve/pagina/todoenuna,"Mun. Chacao (norte), Distrito Capital",Bebés,Lactancia y Alimentación > Extractores de Leche,Bebés > Lactancia y Alimentación > Extractores de Leche,Nuliie,S32,Marca: Nuliie | Modelo: S32 | Color: Blanco | Texturas: blanco0 | Tipo de extracción: Eléctrica | Tipos de alimentación: Batería recargable vía USB-C. | Material: Silicona de grado alimenticio y Plástico ABS (Libre de sustancias tóxicas). | Es libre de BPA: Sí,https://http2.mlstatic.com/D_NQ_NP_2X_953743-MLV114555957593_072026-F.webp,https://articulo.mercadolibre.com.ve/MLV-728446959-extractor-de-leche-o-saca-leche-electrico-portatil-_JM,https://www.google.com/search?q=%22TODO%20EN%20UNA%22%20Venezuela%20(whatsapp%20OR%20instagram%20OR%20rif%20OR%20telefono%20OR%20tienda),Sí,2026-08-15T07:10:52.868Z
MLV820848254,Aspiradora Para Carro Hogar Recargable De Mano Marca Roccia Negro,24,4.9,92,100,0,Sí,Ferre Tech 2024,MercadoLíder Platinum,920,100,1000,100,10,https://www.mercadolibre.com.ve/pagina/ferretech2024,"Girardot (Maracay), Aragua",Electrodomésticos,Pequeños Electrodomésticos > Para Hogar > Aspiradoras,Electrodomésticos > Pequeños Electrodomésticos > Para Hogar > Aspiradoras,Roccia,H088,Marca: Roccia | Línea: Aspiradores | Modelo: H088 | Capacidad en volumen: 350 mL | Color: Negro | Peso: 500 g | Es apto para líquido: No | Es inalámbrico: Sí | Con filtro de salida: Sí | Incluye filtros reutilizables: Sí | Incluye batería: No | Eficiencia energética: A,https://http2.mlstatic.com/D_NQ_NP_2X_606436-MLV109821937073_032026-F.webp,https://articulo.mercadolibre.com.ve/MLV-820848254-aspiradora-para-carro-hogar-recargable-de-mano-marca-roccia-negro-_JM,https://www.google.com/search?q=%22Ferre%20Tech%202024%22%20Venezuela%20(whatsapp%20OR%20instagram%20OR%20rif%20OR%20telefono%20OR%20tienda),Sí,2026-08-15T07:10:53.226Z
MLV822054086,Pila Batería 9 V Recargable Microfono Alta Capacidad 1200mah,11.99,4.8,56,100,0,Sí,DYNWAY VE,MercadoLíder Platinum,430,500,5000,100,19,https://www.mercadolibre.com.ve/pagina/dynway_ve,"Mun. Chacao (norte), Distrito Capital","Electrónica, Audio y Video",Pilas y Cargadores > Pilas,"Electrónica, Audio y Video > Pilas y Cargadores > Pilas",Pujimax,9V 9 Voltios,Marca: Pujimax | Modelo: 9V 9 Voltios | Tamaño de la pila: 9V | Forma: Cuadrada | Formato de venta: Unidad | Voltaje nominal: 9V | Es recargable: Sí | Composición: Litio-Ion | Capacidad de la pila: 1.200 mAh,https://http2.mlstatic.com/D_NQ_NP_2X_623790-MLV81777970465_012025-F.webp,https://articulo.mercadolibre.com.ve/MLV-822054086-pila-bateria-9-v-recargable-microfono-alta-capacidad-1200mah-_JM,https://www.google.com/search?q=%22DYNWAY%20VE%22%20Venezuela%20(whatsapp%20OR%20instagram%20OR%20rif%20OR%20telefono%20OR%20tienda),Sí,2026-08-15T07:10:53.584Z
MLV951731646,Oxímetro Pediátrico Recargable Bebés Niños Pulso Oxígeno,11.5,4.9,59,100,0,Sí,Vendedores Certificados Salud,MercadoLíder Platinum,3100,100,10000,99,10,https://www.mercadolibre.com.ve/pagina/liberfullve,"Barquisimeto, Lara",Estética y Belleza,Salud > Equipamiento Médico > Equipos de Monitoreo > Oxímetros,Estética y Belleza > Salud > Equipamiento Médico > Equipos de Monitoreo > Oxímetros,Genérica,RECARGABLE INFANTIL,"Marca: Genérica | Modelo: RECARGABLE INFANTIL | Uso veterinario: No | Tipo de oxímetro: Dedo | Edades: Bebés, Niños | Funciones: Oximetro | Tipos de alimentación: USB | Incluye pilas: No",https://http2.mlstatic.com/D_NQ_NP_2X_637562-MLV104343526786_012026-F.webp,https://articulo.mercadolibre.com.ve/MLV-951731646-oximetro-pediatrico-recargable-bebes-ninos-pulso-oxigeno-_JM,https://www.google.com/search?q=%22Vendedores%20Certificados%20Salud%22%20Venezuela%20(whatsapp%20OR%20instagram%20OR%20rif%20OR%20telefono%20OR%20tienda),Sí,2026-08-15T07:10:54.566Z
MLV715793042,Linterna Led Recargable Para Cabeza Potente Ajustable Zoom Blanco Negro,14.99,4.9,134,100,0,Sí,Dspro,MercadoLíder Platinum,810,50,10000,100,4,https://www.mercadolibre.com.ve/tienda/dspro,"Naguanagua (Naguanagua), Carabobo",Deportes y Fitness,"Camping, Caza y Pesca > Linternas y Faroles > Linternas","Deportes y Fitness > Camping, Caza y Pesca > Linternas y Faroles > Linternas",Dspro,HEADLIGHT Lampara P/ Acampar Hogar Pesca Ciclista,"Marca: Dspro | Modelo: HEADLIGHT Lampara P/ Acampar Hogar Pesca Ciclista | Color de la luz: Blanco | Color de la linterna: Negro | Largo: 6 cm | Diámetro: 4 cm | Peso: 280 g | Tipo de linterna: Frontal | Usos recomendados: Acampar, Cacería, Caminata, Electricista, Excursión, Mecanicos, Minería, Pesca, Técnico | Tipo de alimentación: Batería | Tipo de pila: Recargable | Tipo de batería: 18650 1500mAH 3.7V | Tipo de luz: LED | Cantidad de modos de cambio de luz: 3 | Potencia: 1.000 lm | Alcance de proyección: 60 m | Duración máxima: 4 h | Incluye pilas: Sí | Es recargable: Sí | Con carga USB: Sí | Es resistente al polvo: Sí | Es a prueba de agua: Sí | Con zoom: Sí | Con láser: No | Material: ABS | Marca: Dspro | Es a prueba de agua: Sí | Tipo de alimentación: Batería",https://http2.mlstatic.com/D_NQ_NP_2X_665002-MLV83587853104_042025-F.webp,https://articulo.mercadolibre.com.ve/MLV-715793042-linterna-led-recargable-para-cabeza-potente-ajustable-zoom-blanco-negro-_JM,https://www.google.com/search?q=%22Dspro%22%20Venezuela%20(whatsapp%20OR%20instagram%20OR%20rif%20OR%20telefono%20OR%20tienda),Sí,2026-08-15T07:10:54.915Z
MLV788689964,Kemei Km-2296 Profesional Origial Barberia Peluqueria Negro,35.25,4.9,122,100,0,Sí,RENNYJO,MercadoLíder Platinum,1700,500,10000,100,16,https://www.mercadolibre.com.ve/pagina/rennyjo6019,"Pto. Ordaz, Bolívar",Estética y Belleza,Artefactos para el Cabello > Cortadoras de Cabello,Estética y Belleza > Artefactos para el Cabello > Cortadoras de Cabello,Kemei,KM-2296,"Marca: Kemei | Línea: Profesional | Modelo: KM-2296 | Modelo alfanumérico: KEMEI | Color: Negro | Voltaje: 110 | Tipos de cabezales: Planos | Cantidad de cabezales: 1 | Con cabezal inclinable: No | Incluye batería recargable: Sí | Tiempo de funcionamiento: 120 m | Tiempo de carga: 2 h | Accesorios incluidos: Peine | Tipos de motor: Rotativo | Largo del cable: 1,5 m | Con conversión de voltaje automática: Sí | Cantidad de peines: 8 | Incluye accesorios: Sí | Con cuchilla autoafilables: Sí | Función principal: Cortadora de pelo | Funciones: Cortadora de Pelo | Cantidad de posiciones: 3 | Tipo de alimentación: USB | Sistema de afeitado: Láminas | Materiales de las cuchillas: Acero inoxidable | Potencia: 5 W | Con cabezales lavables: Sí | Es apta para viaje: Sí | Es apta para bebés: Sí | Es inalámbrica: Sí | Con pantalla digital: Sí | Es resistente al agua: No | Es silenciosa: Sí | Peso: 500 g | Altura mínima de corte: 0,5 mm | Altura máxima de corte: 1,2 cm | Función principal: Cortadora de pelo | Es inalámbrica: Sí | Color: Negro | Tipo de alimentación: USB | Cantidad de peines: 8 | Sistema de afeitado: Láminas | Es resistente al agua: No | Marca: Kemei | Potencia: 5 W",https://http2.mlstatic.com/D_NQ_NP_2X_926304-MLV115591576055_082026-F.webp,https://articulo.mercadolibre.com.ve/MLV-788689964-kemei-km-2296-profesional-origial-barberia-peluqueria-negro-_JM,https://www.google.com/search?q=%22RENNYJO%22%20Venezuela%20(whatsapp%20OR%20instagram%20OR%20rif%20OR%20telefono%20OR%20tienda),Sí,2026-08-15T07:10:55.295Z
MLV784519022,Máquina O Trimmer Kemei Km-2299 Inalámbrica Recargable Negro,22.88,5,140,100,0,Sí,DUBAI TECNOLOGIA,MercadoLíder Platinum,940,100,1000,99,11,https://www.mercadolibre.com.ve/pagina/dubai2209,San,Estética y Belleza,Artefactos para el Cabello > Cortadoras de Cabello,Estética y Belleza > Artefactos para el Cabello > Cortadoras de Cabello,Kemei,Km-2299,Marca: Kemei | Modelo: Km-2299 | Modelo alfanumérico: KM 2299 | Color: Negro | Voltaje: 110V | Con cabezales lavables: No | Es apta para viaje: Sí | Es apta para bebés: No | Es inalámbrica: Sí | Funciones: Cortadora de pelo | Cantidad de posiciones: 3 | Tipo de alimentación: Batería | Potencia: 5 W | Tipos de cabezales: Planos | Incluye batería recargable: Sí | Accesorios incluidos: Aceite lubricante | Cantidad de peines: 3 | Es inalámbrica: Sí | Marca: Kemei | Potencia: 5 W | Color: Negro | Tipo de alimentación: Batería | Cantidad de peines: 3,https://http2.mlstatic.com/D_NQ_NP_2X_759894-MLV77125504204_062024-F.webp,https://articulo.mercadolibre.com.ve/MLV-784519022-maquina-o-trimmer-kemei-km-2299-inalambrica-recargable-negro-_JM,https://www.google.com/search?q=%22DUBAI%20TECNOLOGIA%22%20Venezuela%20(whatsapp%20OR%20instagram%20OR%20rif%20OR%20telefono%20OR%20tienda),Sí,2026-08-15T07:10:55.666Z
MLV937980374,Mouse Vertical Inalámbrico Ergonómico Bluetooth Recargable Negro,15.99,5,49,100,0,Sí,Vendido por COMERCIALIZADORACOMPUMAXCA,MercadoLíder Platinum,N/A,5,5000,100,3,https://listado.mercadolibre.com.ve/_CustId_1292392251,"Valencia (Valencia), Carabobo",Computación,Periféricos de PC > Mouses y Teclados > Mouses,Computación > Periféricos de PC > Mouses y Teclados > Mouses,Pronic,Bluetooth Ergonomic Mouse,"Marca: Pronic | Modelo: Bluetooth Ergonomic Mouse | Color: Negro | Tipo de sensor: Óptico | Resolución del sensor: 1.600 dpi | Con cable: No | Tipo de mouse: Ergonómico | Sistemas operativos compatibles: Linux, Windows, macOS | Es inalámbrico: Sí | Cantidad de botones: 2 | Con Bluetooth: Sí | Tipo de mouse: Ergonómico | Resolución del sensor: 1600 dpi | Tipo de sensor: Óptico | Es inalámbrico: Sí",https://http2.mlstatic.com/D_NQ_NP_2X_949361-MLV101478980111_122025-F.webp,https://articulo.mercadolibre.com.ve/MLV-937980374-mouse-vertical-inalambrico-ergonomico-bluetooth-recargable-negro-_JM,https://www.google.com/search?q=%22Vendido%20por%20COMERCIALIZADORACOMPUMAXCA%22%20Venezuela%20(whatsapp%20OR%20instagram%20OR%20rif%20OR%20telefono%20OR%20tienda),Sí,2026-08-15T07:10:56.621Z
MLV716465967,Bateria Recargable 18650 3.7v Mah Batería Litio 3x,7.99,0,0,100,0,Sí,EMETECHNOLOGYS,MercadoLíder Platinum,1600,500,10000,99,4,https://www.mercadolibre.com.ve/pagina/emetechnologys,"Valencia (Valencia), Carabobo","Electrónica, Audio y Video",Pilas y Cargadores > Pilas,"Electrónica, Audio y Video > Pilas y Cargadores > Pilas",N/A,N/A,Voltaje nominal: 3.7V | Es recargable: Sí | Capacidad de la pila: 3.000 mAh,https://http2.mlstatic.com/D_NQ_NP_2X_642546-MLV79484766502_102024-F.webp,https://articulo.mercadolibre.com.ve/MLV-716465967-bateria-recargable-18650-37v-mah-bateria-litio-3x-_JM,https://www.google.com/search?q=%22EMETECHNOLOGYS%22%20Venezuela%20(whatsapp%20OR%20instagram%20OR%20rif%20OR%20telefono%20OR%20tienda),Sí,2026-08-15T07:10:57.000Z
MLV822222136,Maquina Afeitadora Rasuradora Electrica Recargable Barba Negro,20.99,4.9,75,100,0,Sí,Sinocare,MercadoLíder Platinum,680,5,5000,99,19,https://www.mercadolibre.com.ve/tienda/sinocare,"Mun. Libertador (Sur), Distrito Capital",Estética y Belleza,Barbería > Afeitadoras > Afeitadoras Eléctricas,Estética y Belleza > Barbería > Afeitadoras > Afeitadoras Eléctricas,Povo,RFCD-7100,"Marca: Povo | Modelo: RFCD-7100 | Color: Negro | Voltaje: 5V | Incluye batería recargable: Sí | Accesorios incluidos: 2 cepillos, Aceite lubricante, Brocha de limpieza, Cable USB tipo C, bolsa estuche | Cantidad de peines: 2 | Funciones: Barba, Batería, Cortadora de pelo, Cuerpo, Inalámbrica, Luz, Recargable, Tipo C, boton de seguridad | Tipo de alimentación: Batería | Tipos de cabezales: Removibles | Con cabezales lavables: Sí | Es apta para viaje: Sí | Es inalámbrica: Sí | Es inalámbrica: Sí | Marca: Povo | Cantidad de peines: 2 | Color: Negro | Tipo de alimentación: Batería",https://http2.mlstatic.com/D_NQ_NP_2X_819546-MLV81581695772_012025-F.webp,https://articulo.mercadolibre.com.ve/MLV-822222136-maquina-afeitadora-rasuradora-electrica-recargable-barba-negro-_JM,https://www.google.com/search?q=%22Sinocare%22%20Venezuela%20(whatsapp%20OR%20instagram%20OR%20rif%20OR%20telefono%20OR%20tienda),Sí,2026-08-15T07:10:57.364Z
MLV806517862,Perfume En Aceite Con Feromonas,19,5,42,100,0,Sí,OLENTIA,MercadoLíder Platinum,460,50,5000,100,7,https://www.mercadolibre.com.ve/pagina/olentiaoficial,"San Antonio, Miranda",Estética y Belleza,Perfumes,Estética y Belleza > Perfumes,Genérica,N/A,"Marca: Genérica | Línea: Perfume en Aceite | Nombre del perfume: Generico | Versión: Extrait De Parfum | Género: Sin género | Tipo de perfume: Parfum | Es recargable: Sí | Volumen de la unidad: 1.774 mL | Familias olfativas: Amaderado, Cítrico, Dulce, Floral | Es libre de crueldad: Sí | Tipo: Parfum | Género: Sin género | Tipo de aroma: Amaderado, Cítrico, Dulce, Floral | Volumen de la unidad: 1774 mL | Marca: Genérica",https://http2.mlstatic.com/D_NQ_NP_2X_941014-MLV78069154478_082024-F.webp,https://articulo.mercadolibre.com.ve/MLV-806517862-perfume-en-aceite-con-feromonas-_JM,https://www.google.com/search?q=%22OLENTIA%22%20Venezuela%20(whatsapp%20OR%20instagram%20OR%20rif%20OR%20telefono%20OR%20tienda),Sí,2026-08-15T07:10:57.730Z
MLV772353062,Doble Extractor Leche Materna Eléctrico Real Bubee,24.9,4.8,247,100,0,Sí,CooPack,MercadoLíder Platinum,1400,50,10000,99,5,https://www.mercadolibre.com.ve/pagina/gaev7126450,"San Cristóbal,",Bebés,Lactancia y Alimentación > Extractores de Leche,Bebés > Lactancia y Alimentación > Extractores de Leche,Real Bubee,Inalambrico,Marca: Real Bubee | Modelo: Inalambrico | Color: Blanco | Peso: 480 g | Tipo de extracción: Eléctrica | Tipos de alimentación: Recargable | Material: Plástico | Es libre de BPA: Sí | Con extracción doble: Sí | Niveles de succión: 9 | Con modo manos libres: No | Con almohadilla masajeadora: Sí | Incluye vasos de almacenamiento: Sí | Cantidad de vasos de almacenamiento: 2 | Capacidad de los vasos de almacenamiento: 150 mL | Incluye tapa: Sí | Incluye mamadera: Sí | Cantidad de teteros: 0,https://http2.mlstatic.com/D_NQ_NP_2X_638238-MLV110190952494_052026-F.webp,https://articulo.mercadolibre.com.ve/MLV-772353062-doble-extractor-leche-materna-electrico-real-bubee-_JM,https://www.google.com/search?q=%22CooPack%22%20Venezuela%20(whatsapp%20OR%20instagram%20OR%20rif%20OR%20telefono%20OR%20tienda),Sí,2026-08-15T07:10:58.094Z
MLV838485790,Flameador Encendedor Yesquero Soplete Cocina Repostería Gas Varios,5,4.8,117,100,0,Sí,DISTRIBUIDORA EDMIDIMAR CA,MercadoLíder Platinum,1500,100,10000,100,16,https://www.mercadolibre.com.ve/pagina/distribuidoraedmidimar_c.a,"Girardot (Maracay), Aragua",Hogar y Muebles,Cocina > Utensilios de Preparación > Sopletes de Cocina,Hogar y Muebles > Cocina > Utensilios de Preparación > Sopletes de Cocina,Marca,Gas Butano,Marca: Marca | Modelo: Gas Butano | Color: Varios | Material: Plástico | Con válvula de seguridad: Sí | Es recargable: Sí | Con llama ajustable: Sí | Ancho: 7 cm | Altura: 12 cm | Peso: 40 g,https://http2.mlstatic.com/D_NQ_NP_2X_980595-MLV114978294863_072026-F.webp,https://articulo.mercadolibre.com.ve/MLV-838485790-flameador-encendedor-yesquero-soplete-cocina-reposteria-gas-varios-_JM,https://www.google.com/search?q=%22DISTRIBUIDORA%20EDMIDIMAR%20CA%22%20Venezuela%20(whatsapp%20OR%20instagram%20OR%20rif%20OR%20telefono%20OR%20tienda),Sí,2026-08-15T07:10:58.568Z
MLV882777078,Corneta Portátil Inalámbrica Bluetooth Glass5mini Recargable Negro,9.94,4.9,29,100,0,Sí,INVERSIONES RL,MercadoLíder Platinum,2300,100,10000,99,8,https://www.mercadolibre.com.ve/pagina/ronald.mpcoopsitelme,"Mun. Sucre (sur), Distrito Capital","Electrónica, Audio y Video",Audio > Audio Portátil y Accesorios > Accesorios > Cornetas Portátiles,"Electrónica, Audio y Video > Audio > Audio Portátil y Accesorios > Accesorios > Cornetas Portátiles",Genérica,Glass5Mini,Marca: Genérica | Modelo: Glass5Mini | Color: Negro | Voltaje: 110 | Cantidad de cornetas: 1 | Con luces LED: Sí | Con modo manos libres: No | Con controladores DJ integrados: No | Con función karaoke: No | Con efecto de voz: No | Con radio: Sí | Es portátil: Sí | Es inalámbrico: Sí | Es gamer: No | Potencia de salida (RMS): 5 W | Configuración de canales: 5.4 | Autonomía máxima de la batería: 3 h | Incluye batería recargable: Sí | Con base: No | Con micrófono: No | Incluye soporte: No | Lugares de colocación: Portátil | Es a prueba de agua: No | Con Bluetooth: Sí | Con Wi-Fi: No | Tipos de alimentación: Batería | Tiempo de carga: 1 h | Con Bluetooth: Sí | Con luces LED: Sí | Incluye batería recargable: Sí,https://http2.mlstatic.com/D_NQ_NP_2X_658550-MLV87482067750_072025-F.webp,https://articulo.mercadolibre.com.ve/MLV-882777078-corneta-portatil-inalambrica-bluetooth-glass5mini-recargable-negro-_JM,https://www.google.com/search?q=%22INVERSIONES%20RL%22%20Venezuela%20(whatsapp%20OR%20instagram%20OR%20rif%20OR%20telefono%20OR%20tienda),Sí,2026-08-15T07:10:59.191Z
MLV700145683,Taladro Destornillador Inalambrico Recargable 20v,36.57,4.9,104,100,0,Sí,INVGONZURD2016,MercadoLíder Platinum,3800,1000,10000,100,10,https://www.mercadolibre.com.ve/pagina/invgonzurd2016,"Maracaibo, Zulia",Herramientas,Herramientas Eléctricas > Perforación > Taladros > De Mano,Herramientas > Herramientas Eléctricas > Perforación > Taladros > De Mano,Total,UTDLI1218,Marca: Total | Modelo: UTDLI1218 | Presentación: Caja de cartón | Voltaje: 12V | Otros accesorios incluidos: PUNTILLA PALETA ESTRIA | Es inalámbrico: Sí | Cantidad de baterías: 1 | Incluye cargador: Sí | Con función destornillador: Sí | Con empuñadura soft grip: No | Con indicador de carga de batería: Sí | Es inalámbrico: Sí | Con función destornillador: Sí,https://http2.mlstatic.com/D_NQ_NP_2X_943932-MLV110886235753_042026-F.webp,https://articulo.mercadolibre.com.ve/MLV-700145683-taladro-destornillador-inalambrico-recargable-20v-_JM,https://www.google.com/search?q=%22INVGONZURD2016%22%20Venezuela%20(whatsapp%20OR%20instagram%20OR%20rif%20OR%20telefono%20OR%20tienda),Sí,2026-08-15T07:10:59.582Z
MLV730512044,Mouse Recargable Inalambrico 2.4ghz Silencioso Ergonomico Blanco,7.99,4.9,51,100,0,Sí,CHIMENEASPLUS,MercadoLíder Platinum,1800,100,10000,98,14,https://www.mercadolibre.com.ve/pagina/chimeneasplus,"Valencia (Valencia), Carabobo",Computación,Periféricos de PC > Mouses y Teclados > Mouses,Computación > Periféricos de PC > Mouses y Teclados > Mouses,mouse recargable,Inalámbrico,Marca: mouse recargable | Línea: MOUSE | Modelo: Inalámbrico | Color: Blanco | Modelo detallado: Slim | Tipo de sensor: Láser | Con cable: No | Tipo de mouse: Recargable | Sistemas operativos compatibles: Todos | Es inalámbrico: Sí | Cantidad de botones: 3 | Orientación de la mano: Ambidiestro | Con Bluetooth: No | Tipo de mouse: Recargable | Es inalámbrico: Sí | Tipo de sensor: Láser,https://http2.mlstatic.com/D_NQ_NP_2X_725150-MLV106017476851_012026-F.webp,https://articulo.mercadolibre.com.ve/MLV-730512044-mouse-recargable-inalambrico-24ghz-silencioso-ergonomico-blanco-_JM,https://www.google.com/search?q=%22CHIMENEASPLUS%22%20Venezuela%20(whatsapp%20OR%20instagram%20OR%20rif%20OR%20telefono%20OR%20tienda),Sí,2026-08-15T07:10:59.960Z
MLV918206968,"Removedor De Callos Eléctrico, Impurezas, Pedicure",6.99,4.8,120,100,0,Sí,ON-LINE-SHOP20,N/A,3200,500,10000,99,9,https://www.mercadolibre.com.ve/pagina/on-line-shop20,"Mun. Chacao (sur), Distrito Capital",Estética y Belleza,Manicura y Pedicura > Tratamientos para Manos y Pies > Exfoliadores de Pies y Manos,Estética y Belleza > Manicura y Pedicura > Tratamientos para Manos y Pies > Exfoliadores de Pies y Manos,Electronic,Exfoliadora,Marca: Electronic | Modelo: Exfoliadora | Voltaje: 110V | Cantidad de repuestos: 2 | Tipo de alimentación: USB Recargable | Incluye repuestos: Sí | Marca: Electronic | Tipo de alimentación: USB Recargable,https://http2.mlstatic.com/D_NQ_NP_2X_609051-MLV94239597091_102025-F.webp,https://articulo.mercadolibre.com.ve/MLV-918206968-removedor-de-callos-electrico-impurezas-pedicure-_JM,https://www.google.com/search?q=%22ON-LINE-SHOP20%22%20Venezuela%20(whatsapp%20OR%20instagram%20OR%20rif%20OR%20telefono%20OR%20tienda),Sí,2026-08-15T07:11:00.338Z
MLV565134709,Bateria Hp Probook 640 645 650 655 G1 Series Hstnn-lb4y Ca06,37.57,5,43,100,0,Sí,eGlobalPC,MercadoLíder Platinum,840,100,10000,99,10,https://www.mercadolibre.com.ve/pagina/eglobalpcca,"Naguanagua (Naguanagua), Carabobo",Computación,Laptops y Accesorios > Repuestos para Laptops > Baterías,Computación > Laptops y Accesorios > Repuestos para Laptops > Baterías,N/A,N/A,"Marca de la batería: HP | Modelo de la batería: P/N: HSTNN-LB4Y, CA06,CA06XL, 718677-421, 718678-421, HSTNN-DB4Y, HSTNN-LB4X. | Composición: Ion de litio (Li-ion) | Capacidad: 5.200 mAh | Duración: 2,5 h | Tiempo de carga: 2 h | Voltaje nominal: 11.1V | Cantidad de celdas: 6 | Es recargable: Sí | Con protección contra sobrecarga: Sí | Es inflamable: Sí",https://http2.mlstatic.com/D_NQ_NP_2X_727205-MLA108330600617_032026-F.webp,https://articulo.mercadolibre.com.ve/MLV-565134709-bateria-hp-probook-640-645-650-655-g1-series-hstnn-lb4y-ca06-_JM,https://www.google.com/search?q=%22eGlobalPC%22%20Venezuela%20(whatsapp%20OR%20instagram%20OR%20rif%20OR%20telefono%20OR%20tienda),Sí,2026-08-15T07:11:01.792Z
MLV537745445,Peso Balanza Digital Charcutería 40 Kg Recargable -tienda,41.46,5,18,100,0,Sí,CEJO1685931,MercadoLíder Platinum,250,100,5000,99,10,https://www.mercadolibre.com.ve/pagina/cejo1685931,"Mun. Libertador (Oeste), Distrito Capital",Industrias,Equipamiento para Comercios > Balanzas > Comerciales,Industrias > Equipamiento para Comercios > Balanzas > Comerciales,Roccia,N/A,"Marca: Roccia | Línea: ELECTRODOMESTICOS | Voltaje: 110V | Largo de la superficie de apoyo: 37 cm | Ancho de la superficie de apoyo: 38 cm | Diámetro de la superficie de apoyo: 14,5 cm | Con teclado: Sí | Con tecla tara: Sí | Con tecla cero: Sí | Con impresora: No | Peso máximo soportado: 40 kg | Con mástil: No | Peso mínimo soportado: 3,3 kg | Tipo de producto: Comercial | Tipo de balanza: Digital | Tipo de pantalla de la balanza digital: LCD | Es colgable: No | Con tecla tara: Sí | Con impresora: No | Con tecla cero: Sí",https://http2.mlstatic.com/D_NQ_NP_2X_618538-MLV48742406232_012022-F.webp,https://articulo.mercadolibre.com.ve/MLV-537745445-peso-balanza-digital-charcuteria-40-kg-recargable-tienda-_JM,https://www.google.com/search?q=%22CEJO1685931%22%20Venezuela%20(whatsapp%20OR%20instagram%20OR%20rif%20OR%20telefono%20OR%20tienda),Sí,2026-08-15T07:11:02.676Z
MLV713410441,Batería Pila 18650 3.7v Con Cable Litio Recargable 3000mah 2,11.4,4.8,56,100,0,Sí,EMETECHNOLOGYS,MercadoLíder Platinum,1600,500,10000,99,4,https://www.mercadolibre.com.ve/pagina/emetechnologys,"Valencia (Valencia), Carabobo","Electrónica, Audio y Video",Pilas y Cargadores > Pilas,"Electrónica, Audio y Video > Pilas y Cargadores > Pilas",Pila,18650,"Marca: Pila | Modelo: 18650 | Tamaño de la pila: 1,8 cm por 6,5cm | Forma: Cilíndrica | Cantidad de packs: 1 | Formato de venta: Unidad | Voltaje nominal: 3.7V | Es recargable: Sí | Capacidad de la pila: 3.000 mAh",https://http2.mlstatic.com/D_NQ_NP_2X_928772-MLV83361402410_042025-F.webp,https://articulo.mercadolibre.com.ve/MLV-713410441-bateria-pila-18650-37v-con-cable-litio-recargable-3000mah-2-_JM,https://www.google.com/search?q=%22EMETECHNOLOGYS%22%20Venezuela%20(whatsapp%20OR%20instagram%20OR%20rif%20OR%20telefono%20OR%20tienda),Sí,2026-08-15T07:11:03.034Z
MLV755515676,Dispensador De Agua Electrico Para Botellon Usb Recargable,7.87,4.9,39,100,0,Sí,77 Innovación,MercadoLíder Platinum,10100,100,100000,98,14,https://www.mercadolibre.com.ve/tienda/77-innovacion,"Mun. Sucre (norte), Distrito Capital",Electrodomésticos,Dispensadores y Filtros > Dispensadores de Agua,Electrodomésticos > Dispensadores y Filtros > Dispensadores de Agua,Genérica,Plegable,Tipo de alimentación: Batería | Material del tanque: Plástico | Lugar de colocación: De mesa | Tipos de carga: Usb | Incluye filtro: No | Marca: Genérica | Modelo: Plegable | Modelo alfanumérico: Dispensador De Agua Eléctrico | Voltaje: 5V | Tipos de carga: Usb,https://http2.mlstatic.com/D_NQ_NP_2X_847641-MLV92119891849_092025-F.webp,https://articulo.mercadolibre.com.ve/MLV-755515676-dispensador-de-agua-electrico-para-botellon-usb-recargable-_JM,https://www.google.com/search?q=%2277%20Innovaci%C3%B3n%22%20Venezuela%20(whatsapp%20OR%20instagram%20OR%20rif%20OR%20telefono%20OR%20tienda),Sí,2026-08-15T07:11:03.420Z
MLV828733212,Perfume En Aceite Con Feromonas Alta Concentracion,27,5,2,100,0,Sí,OLENTIA,MercadoLíder Platinum,460,50,5000,100,7,https://www.mercadolibre.com.ve/pagina/olentiaoficial,"San Antonio, Miranda",Estética y Belleza,Perfumes,Estética y Belleza > Perfumes,Genérica,N/A,"Marca: Genérica | Línea: Perfume en Aceite | Nombre del perfume: Generico | Versión: Extrait De Parfum | Género: Sin género | Tipo de perfume: Parfum | Es recargable: Sí | Volumen de la unidad: 30 mL | Es set: Sí | Incluye estuche: No | Duración aproximada: 7 h | Familias olfativas: Amaderado, Cítrico, Dulce, Floral | Es libre de crueldad: Sí | Es libre de alcohol: No | Tipo: Parfum | Género: Sin género | Tipo de aroma: Amaderado, Cítrico, Dulce, Floral | Volumen de la unidad: 30 mL | Marca: Genérica",https://http2.mlstatic.com/D_NQ_NP_2X_872069-MLV82737463075_022025-F.webp,https://articulo.mercadolibre.com.ve/MLV-828733212-perfume-en-aceite-con-feromonas-alta-concentracion-_JM,https://www.google.com/search?q=%22OLENTIA%22%20Venezuela%20(whatsapp%20OR%20instagram%20OR%20rif%20OR%20telefono%20OR%20tienda),Sí,2026-08-15T07:11:03.850Z
MLV825888644,Perfumes Al Mayor En Aceite Larga Duración,26,0,0,100,0,Sí,OLENTIA,MercadoLíder Platinum,460,50,5000,100,7,https://www.mercadolibre.com.ve/pagina/olentiaoficial,"San Antonio, Miranda",Estética y Belleza,Perfumes,Estética y Belleza > Perfumes,Genérica,N/A,Marca: Genérica | Línea: Plastico | Nombre del perfume: Generico | Versión: Extrait De Parfum | Género: Sin género | Tipo de perfume: Parfum | Es recargable: Sí | Volumen de la unidad: 20 mL | Es set: Sí | Incluye estuche: No | Duración aproximada: 6 h | País de origen: Francia | Año de lanzamiento: 2015 | Es libre de crueldad: Sí | Es vegano: Sí | Es libre de alcohol: No | Tipo: Parfum | País de origen: Francia | Género: Sin género | Volumen de la unidad: 20 mL | Es vegano: Sí | Marca: Genérica,https://http2.mlstatic.com/D_NQ_NP_2X_749142-MLV82269796843_022025-F.webp,https://articulo.mercadolibre.com.ve/MLV-825888644-perfumes-al-mayor-en-aceite-larga-duracion-_JM,https://www.google.com/search?q=%22OLENTIA%22%20Venezuela%20(whatsapp%20OR%20instagram%20OR%20rif%20OR%20telefono%20OR%20tienda),Sí,2026-08-15T07:11:04.300Z
MLV848896790,Perfume De Alta Duracion X 2 De 55ml,22,5,29,100,0,Sí,OLENTIA,MercadoLíder Platinum,460,50,5000,100,7,https://www.mercadolibre.com.ve/pagina/olentiaoficial,"San Antonio, Miranda",Estética y Belleza,Perfumes,Estética y Belleza > Perfumes,Genérica,N/A,"Marca: Genérica | Nombre del perfume: Elixir | Género: Sin género | Tipo de perfume: Parfum | Es recargable: Sí | Año de lanzamiento: 2009 | Es libre de crueldad: Sí | Es vegano: Sí | Es libre de alcohol: No | Volumen de la unidad: 60 mL | Es set: Sí | Incluye estuche: No | Duración aproximada: 8 h | Familias olfativas: Acuáticos, Amaderado, Dulces, Floral, Frutales | Tipo: Parfum | Es vegano: Sí | Marca: Genérica | Volumen de la unidad: 60 mL | Género: Sin género | Tipo de aroma: Acuáticos, Amaderado, Dulces, Floral, Frutales",https://http2.mlstatic.com/D_NQ_NP_2X_863618-MLV84970795577_052025-F.webp,https://articulo.mercadolibre.com.ve/MLV-848896790-perfume-de-alta-duracion-x-2-de-55ml-_JM,https://www.google.com/search?q=%22OLENTIA%22%20Venezuela%20(whatsapp%20OR%20instagram%20OR%20rif%20OR%20telefono%20OR%20tienda),Sí,2026-08-15T07:11:04.983Z
MLV763833635,Pila Cuadrada Recargable Usb 6800mwh 9v Bateria Ultra,9.99,4.9,52,100,0,Sí,Vendido por ULITIENDA,MercadoLíder Platinum,N/A,50,1000,100,21,https://listado.mercadolibre.com.ve/_CustId_77317958,"Mun. Libertador (Suroeste), Distrito Capital","Electrónica, Audio y Video",Pilas y Cargadores > Pilas,"Electrónica, Audio y Video > Pilas y Cargadores > Pilas",Daweikala,6F22,Marca: Daweikala | Modelo: 6F22 | Tamaño de la pila: 105mm x 38mm x 43mm | Forma: Rectangular | Cantidad de packs: 1 | Formato de venta: Unidad | Voltaje nominal: 9V | Es recargable: Sí | Composición: Litio | Capacidad de la pila: 600 mAh | Es inflamable: No,https://http2.mlstatic.com/D_NQ_NP_2X_790066-MLV72517136678_102023-F.webp,https://articulo.mercadolibre.com.ve/MLV-763833635-pila-cuadrada-recargable-usb-6800mwh-9v-bateria-ultra-_JM,https://www.google.com/search?q=%22Vendido%20por%20ULITIENDA%22%20Venezuela%20(whatsapp%20OR%20instagram%20OR%20rif%20OR%20telefono%20OR%20tienda),Sí,2026-08-15T07:11:05.802Z
MLV717109283,Pilas Baterias Aa Recargables 2800mha + Cargador,23.99,4.9,49,100,0,Sí,GRACIELA GOMEZ,MercadoLíder Platinum,290,100,10000,99,6,https://www.mercadolibre.com.ve/pagina/gogr7661337,"Mun. Sucre (noreste), Distrito Capital","Electrónica, Audio y Video",Pilas y Cargadores > Pilas,"Electrónica, Audio y Video > Pilas y Cargadores > Pilas",EBL,AA 2800MHA,Marca: EBL | Modelo: AA 2800MHA | Tamaño de la pila: AA | Forma: Cilíndrica | Formato de venta: Blister | Unidades por pack: 4 | Voltaje nominal: 110V | Es recargable: Sí | Composición: Ni | Capacidad de la pila: 2.800 mAh,https://http2.mlstatic.com/D_NQ_NP_2X_809693-MLV91137712545_082025-F.webp,https://articulo.mercadolibre.com.ve/MLV-717109283-pilas-baterias-aa-recargables-2800mha-cargador-_JM,https://www.google.com/search?q=%22GRACIELA%20GOMEZ%22%20Venezuela%20(whatsapp%20OR%20instagram%20OR%20rif%20OR%20telefono%20OR%20tienda),Sí,2026-08-15T07:11:06.193Z
MLV765852736,Radio Fm / Am Recargable / Usb / Memoria / Vintage M187,14.99,4.9,67,100,0,Sí,TODOHOGAR EXPRESS,MercadoLíder Platinum,3400,1000,10000,99,6,https://www.mercadolibre.com.ve/pagina/todohogarexpress.,"Valencia (Valencia), Carabobo","Electrónica, Audio y Video",Audio > Radios AM/FM,"Electrónica, Audio y Video > Audio > Radios AM/FM",TODOHOGAR EXPRESS,SW-Q33U,Marca: TODOHOGAR EXPRESS | Modelo: SW-Q33U | Voltaje: 5V | Tipo de radio: Analógico | Banda de frecuencia FM: SI | Banda de frecuencia AM: SI | Es portátil: Sí | Es resistente al agua: No | Con puerto USB: Sí | Con entrada para tarjeta SD: Sí | Con Bluetooth: No | Con función de reloj despertador: No | Con pantalla digital: No,https://http2.mlstatic.com/D_NQ_NP_2X_714103-MLV89557900861_082025-F.webp,https://articulo.mercadolibre.com.ve/MLV-765852736-radio-fm-am-recargable-usb-memoria-vintage-m187-_JM,https://www.google.com/search?q=%22TODOHOGAR%20EXPRESS%22%20Venezuela%20(whatsapp%20OR%20instagram%20OR%20rif%20OR%20telefono%20OR%20tienda),Sí,2026-08-15T07:11:06.592Z
MLV930960554,Panel Luz Led Rgb Recargable Celular Laptop Selfie Portatil Negro,20.79,4.9,45,100,0,Sí,Vendido por TUKARMASHOP,MercadoLíder Platinum,N/A,50,1000,100,6,https://listado.mercadolibre.com.ve/_CustId_535474531,"Mun. Libertador (Sur), Distrito Capital",Celulares y Teléfonos,Accesorios para Celulares > Fotografía para Celulares > Flash para Celulares,Celulares y Teléfonos > Accesorios para Celulares > Fotografía para Celulares > Flash para Celulares,M160 RGB,M160 RGB,Marca: M160 RGB | Modelo: M160 RGB | Color: Negro | Tipo de alimentación: Recargable | Es recargable: Sí,https://http2.mlstatic.com/D_NQ_NP_2X_774062-MLV98190371040_112025-F.webp,https://articulo.mercadolibre.com.ve/MLV-930960554-panel-luz-led-rgb-recargable-celular-laptop-selfie-portatil-negro-_JM,https://www.google.com/search?q=%22Vendido%20por%20TUKARMASHOP%22%20Venezuela%20(whatsapp%20OR%20instagram%20OR%20rif%20OR%20telefono%20OR%20tienda),Sí,2026-08-15T07:11:06.991Z
MLV756150711,Lampara De Mesa Portatil Touch Recargable 3 Niveles De Color,14.98,5,27,100,0,Sí,Masshopping,MercadoLíder Platinum,3300,500,100000,99,17,https://www.mercadolibre.com.ve/tienda/masshopping,"Barquisimeto, Lara",Hogar y Muebles,Iluminación para el Hogar > Lámparas > Lámparas de Mesa,Hogar y Muebles > Iluminación para el Hogar > Lámparas > Lámparas de Mesa,Genérica,Touch,Marca: Genérica | Modelo: Touch | Color De La Estructura: Dorado oscuro | Color De La Pantalla: Blanco | Tecnología de iluminación: LED | Material de la estructura: Metal | Con USB: Sí | Con Wi-Fi: Sí,https://http2.mlstatic.com/D_NQ_NP_2X_768966-MLV80656299896_112024-F.webp,https://articulo.mercadolibre.com.ve/MLV-756150711-lampara-de-mesa-portatil-touch-recargable-3-niveles-de-color-_JM,https://www.google.com/search?q=%22Masshopping%22%20Venezuela%20(whatsapp%20OR%20instagram%20OR%20rif%20OR%20telefono%20OR%20tienda),Sí,2026-08-15T07:11:08.005Z
MLV865525222,Rasuradora Corporal Ultra Vicho | Inalámbrica Negro,50,4.9,64,100,0,Sí,EVENSALUD,N/A,410,100,1000,99,11,https://www.mercadolibre.com.ve/pagina/evensalud5680,"Valencia (Valencia), Carabobo",Estética y Belleza,Barbería > Afeitadoras > Afeitadoras Eléctricas,Estética y Belleza > Barbería > Afeitadoras > Afeitadoras Eléctricas,Ultra Vicho,Inalambrica,Marca: Ultra Vicho | Modelo: Inalambrica | Color: Negro | Voltaje: 120/220V | Incluye batería recargable: Sí | Cantidad de peines: 3 | Tipo de alimentación: USB tipo C | Con cabezales lavables: Sí | Es apta para viaje: Sí | Es apta para bebés: No | Es inalámbrica: Sí | Es inalámbrica: Sí | Marca: Ultra Vicho | Cantidad de peines: 3 | Color: Negro | Tipo de alimentación: USB tipo C,https://http2.mlstatic.com/D_NQ_NP_2X_744263-MLV87788596110_072025-F.webp,https://articulo.mercadolibre.com.ve/MLV-865525222-rasuradora-corporal-ultra-vicho-inalambrica-negro-_JM,https://www.google.com/search?q=%22EVENSALUD%22%20Venezuela%20(whatsapp%20OR%20instagram%20OR%20rif%20OR%20telefono%20OR%20tienda),Sí,2026-08-15T07:11:08.370Z
MLV813270438,Micrófono Inalámbrico Recargable Ay-102 Doble Negro,30,4.9,95,100,0,Sí,Vendido por INVICTUSSTOREVE,MercadoLíder Platinum,N/A,100,1000,99,9,https://listado.mercadolibre.com.ve/_CustId_229989579,"Barquisimeto, Lara","Electrónica, Audio y Video",Audio > Micrófonos y Preamplificadores > Micrófonos,"Electrónica, Audio y Video > Audio > Micrófonos y Preamplificadores > Micrófonos",Genérica,ay-102,"Marca: Genérica | Modelo: ay-102 | Color: Negro | Es gamer: No | Tipos de conexiones: Inalámbrica | Formatos de micrófono: Vincha | Tipos de micrófono: Dinámico | Cantidad de micrófonos: 2 | Usos recomendados del micrófono: Conferencia, Eventos, Fiestas, Fitnes | Tipo de pila: Batería | Tipos de micrófono: Dinámico | Es inalámbrico: Inalámbrica",https://http2.mlstatic.com/D_NQ_NP_2X_786091-MLV115442556047_082026-F.webp,https://articulo.mercadolibre.com.ve/MLV-813270438-microfono-inalambrico-recargable-ay-102-doble-negro-_JM,https://www.google.com/search?q=%22Vendido%20por%20INVICTUSSTOREVE%22%20Venezuela%20(whatsapp%20OR%20instagram%20OR%20rif%20OR%20telefono%20OR%20tienda),Sí,2026-08-15T07:11:08.907Z
MLV800028680,Mini Balanza Gramera Recargable Usb 3000 G Bandeja Acrílica Plateado,23,4.9,34,100,0,Sí,MOKAMART,MercadoLíder Platinum,590,500,10000,100,23,https://www.mercadolibre.com.ve/pagina/mokamart,"Mun. Chacao (norte), Distrito Capital",Industrias,Equipamiento para Comercios > Balanzas > Comerciales,Industrias > Equipamiento para Comercios > Balanzas > Comerciales,Genérica,I-2000,"Marca: Genérica | Modelo: I-2000 | Color: Plateado | Largo de la superficie de apoyo: 10,5 cm | Ancho de la superficie de apoyo: 10,5 cm | Con teclado: Sí | Con tecla tara: Sí | Con tecla cero: No | Con impresora: No | Tara máxima: 3 kg | Peso máximo soportado: 3 kg | Con mástil: No | Peso mínimo soportado: 0,1 g | Tipo de producto: Comercial | Tipo de balanza: Digital | Tipo de pantalla de la balanza digital: LCD | Es colgable: No | Con tecla tara: Sí | Con impresora: No | Con tecla cero: No",https://http2.mlstatic.com/D_NQ_NP_2X_735637-MLV77186716873_062024-F.webp,https://articulo.mercadolibre.com.ve/MLV-800028680-mini-balanza-gramera-recargable-usb-3000-g-bandeja-acrilica-plateado-_JM,https://www.google.com/search?q=%22MOKAMART%22%20Venezuela%20(whatsapp%20OR%20instagram%20OR%20rif%20OR%20telefono%20OR%20tienda),Sí,2026-08-15T07:11:09.272Z
MLV842260706,Corneta Jbl Go 4 Portatil Bluetooth - Variedad De Colores,18.99,4.9,7,100,0,Sí,GENIUS 3000,MercadoLíder Platinum,360,100,1000,100,10,https://www.mercadolibre.com.ve/pagina/genius30000,"Barquisimeto, Lara","Electrónica, Audio y Video",Audio > Audio Portátil y Accesorios > Accesorios > Cornetas Portátiles,"Electrónica, Audio y Video > Audio > Audio Portátil y Accesorios > Accesorios > Cornetas Portátiles",JBL,Go 4,"Marca: JBL | Modelo: Go 4 | Autonomía máxima de la batería: 5 h | Incluye batería recargable: Sí | Cantidad de cornetas: 1 | Formato de las cornetas: Caja | Con radio: Sí | Es portátil: Sí | Es inalámbrico: Sí | Potencia de salida (RMS): 5 W | Tipos de cornetas: Tweeter | Tipos de filtros de las cornetas: Activo | Configuración de canales: 5.1 | Con Bluetooth: Sí | Tipos de alimentación: Batería, USB | Tiempo de carga: 2 h | Tipos de parlante: Tweeter | Incluye batería recargable: Sí | Con Bluetooth: Sí",https://http2.mlstatic.com/D_NQ_NP_2X_782849-MLV84012370922_052025-F.webp,https://articulo.mercadolibre.com.ve/MLV-842260706-corneta-jbl-go-4-portatil-bluetooth-variedad-de-colores-_JM,https://www.google.com/search?q=%22GENIUS%203000%22%20Venezuela%20(whatsapp%20OR%20instagram%20OR%20rif%20OR%20telefono%20OR%20tienda),Sí,2026-08-15T07:11:10.335Z
MLV825284692,Radio Baofeng Uv-5r Portátil 128 Canales 8 Km Negro 144-148 420-450mhz,39.99,4.5,22,100,0,Sí,Masshopping,MercadoLíder Platinum,3300,500,100000,99,17,https://www.mercadolibre.com.ve/tienda/masshopping,"Barquisimeto, Lara",Celulares y Teléfonos,Radios y WalkieTalkies > Walkie Talkies,Celulares y Teléfonos > Radios y WalkieTalkies > Walkie Talkies,Baofeng,UV-5R,"Marca: Baofeng | Modelo: UV-5R | Color: Negro | Bandas de frecuencia: 144-148 420-450MHz | Voltaje: 5V | Cantidad de radios: 128 | Modelo detallado: UV-5R | Rangos de frecuencia: 144-148 420-450Mhz | Tipos de alimentación: Batería | Cantidad de canales: 128 | Alcance máximo: 8 km | Es digital: Sí | Con Bluetooth: No | Con Wi-Fi: No | Con pantalla: Sí | Con teclado numérico: Sí | Con linterna: Sí | Con funcion de manos libres: Sí | Con alarma de emergencia: Sí | Incluye pilas: No | Capacidad de la batería: 1,8 Ah | Voltaje de la batería: 7.4V | Accesorios incluidos: Batería recargable, Cargador de batería, Antena, Clip de cinturón, Adaptador de carga, Muñequeras, Manual | Es a prueba de agua: Sí",https://http2.mlstatic.com/D_NQ_NP_2X_622401-MLV96279353952_102025-F.webp,https://articulo.mercadolibre.com.ve/MLV-825284692-radio-baofeng-uv-5r-portatil-128-canales-8-km-negro-144-148-420-450mhz-_JM,https://www.google.com/search?q=%22Masshopping%22%20Venezuela%20(whatsapp%20OR%20instagram%20OR%20rif%20OR%20telefono%20OR%20tienda),Sí,2026-08-15T07:11:10.726Z
MLV820688280,Máquina Para Afeitar Mascota (todas) Recargable Kemei Verde,28.49,4.9,0,100,0,Sí,Pendiente,Pendiente,N/A,N/A,N/A,N/A,N/A,,Pendiente,N/A,N/A,N/A,N/A,N/A,N/A,https://http2.mlstatic.com/D_Q_NP_2X_611406-MLV89841687536_082025-E.webp,https://articulo.mercadolibre.com.ve/MLV-820688280-maquina-para-afeitar-mascota-todas-recargable-kemei-verde-_JM,,No,2026-08-14T08:27:06.466Z
MLV808001402,Perfumes En Aceite Excelente Duración,33,5,0,100,0,Sí,Pendiente,Pendiente,N/A,N/A,N/A,N/A,N/A,,Pendiente,N/A,N/A,N/A,N/A,N/A,N/A,https://http2.mlstatic.com/D_Q_NP_2X_635847-MLV76930536292_062024-E.webp,https://articulo.mercadolibre.com.ve/MLV-808001402-perfumes-en-aceite-excelente-duracion-_JM,,No,2026-08-14T08:27:07.132Z
MLV750807669,Aire Acondicionado Hyundai 5000 Btu Ventana 110v Blanco,138.95,4.9,0,100,0,Sí,Pendiente,Pendiente,N/A,N/A,N/A,N/A,N/A,,Pendiente,N/A,N/A,N/A,N/A,N/A,N/A,https://http2.mlstatic.com/D_Q_NP_2X_752755-MLV99719369388_122025-E.webp,https://articulo.mercadolibre.com.ve/MLV-750807669-aire-acondicionado-hyundai-5000-btu-ventana-110v-blanco-_JM,,No,2026-08-14T08:27:07.331Z
MLV779003226,Aire Acondicionado De Ventana 12000 Btu Hyundai 12mil 110v Blanco,259.98,4.9,0,100,0,Sí,Pendiente,Pendiente,N/A,N/A,N/A,N/A,N/A,,Pendiente,N/A,N/A,N/A,N/A,N/A,N/A,https://http2.mlstatic.com/D_Q_NP_2X_643999-MLV110097154264_042026-E.webp,https://articulo.mercadolibre.com.ve/MLV-779003226-aire-acondicionado-de-ventana-12000-btu-hyundai-12mil-110v-blanco-_JM,,No,2026-08-14T08:27:07.527Z
MLV757268023,Protector De Aire Acondicionado 220v Blanco,24.99,4.9,0,100,0,Sí,Pendiente,Pendiente,N/A,N/A,N/A,N/A,N/A,,Pendiente,N/A,N/A,N/A,N/A,N/A,N/A,https://http2.mlstatic.com/D_Q_NP_2X_993357-MLV75425467320_042024-E.webp,https://articulo.mercadolibre.com.ve/MLV-757268023-protector-de-aire-acondicionado-220v-blanco-_JM,,No,2026-08-14T08:27:07.732Z
MLV772075710,Protector De Voltaje 220v Aire Acondicionado Refrigeración  Negro,24.99,4.9,0,100,0,Sí,Pendiente,Pendiente,N/A,N/A,N/A,N/A,N/A,,Pendiente,N/A,N/A,N/A,N/A,N/A,N/A,https://http2.mlstatic.com/D_Q_NP_2X_837253-MLV72113183387_102023-E.webp,https://articulo.mercadolibre.com.ve/MLV-772075710-protector-de-voltaje-220v-aire-acondicionado-refrigeracion-negro-_JM,,No,2026-08-14T08:27:07.924Z
MLV565711469,Ductos Flexibles Para Aire Acondicionado Portátil,37,4.9,0,100,0,Sí,Pendiente,Pendiente,N/A,N/A,N/A,N/A,N/A,,Pendiente,N/A,N/A,N/A,N/A,N/A,N/A,https://http2.mlstatic.com/D_Q_NP_2X_900813-MLV106367561789_022026-E.webp,https://articulo.mercadolibre.com.ve/MLV-565711469-ductos-flexibles-para-aire-acondicionado-portatil-_JM,,No,2026-08-14T08:27:08.123Z
MLV565647599,Ductos Flexibles 6 Pulgadas Sin Aislante Para Ventilación,29,4.9,0,100,0,Sí,Pendiente,Pendiente,N/A,N/A,N/A,N/A,N/A,,Pendiente,N/A,N/A,N/A,N/A,N/A,N/A,https://http2.mlstatic.com/D_Q_NP_2X_831077-MLV106367559287_022026-E.webp,https://articulo.mercadolibre.com.ve/MLV-565647599-ductos-flexibles-6-pulgadas-sin-aislante-para-ventilacion-_JM,,No,2026-08-14T08:27:08.335Z
MLV565661728,Ductos Flexibles 8 Pulgadas Con Aislante Para Ventilación,34,4.9,0,100,0,Sí,Pendiente,Pendiente,N/A,N/A,N/A,N/A,N/A,,Pendiente,N/A,N/A,N/A,N/A,N/A,N/A,https://http2.mlstatic.com/D_Q_NP_2X_937693-MLV48392185420_112021-E.webp,https://articulo.mercadolibre.com.ve/MLV-565661728-ductos-flexibles-8-pulgadas-con-aislante-para-ventilacion-_JM,,No,2026-08-14T08:27:08.524Z
MLV843072850,Perfumeria Alta Concentracion Al Mayor Agua,36,5,0,100,0,Sí,Pendiente,Pendiente,N/A,N/A,N/A,N/A,N/A,,Pendiente,N/A,N/A,N/A,N/A,N/A,N/A,https://http2.mlstatic.com/D_Q_NP_2X_756358-MLV84089209702_052025-E.webp,https://articulo.mercadolibre.com.ve/MLV-843072850-perfumeria-alta-concentracion-al-mayor-agua-_JM,,No,2026-08-14T08:27:09.623Z
MLV764043084,Maquina Afeitar Kemei Profesional Inalambrica Recargable Negro,20.4,4.9,0,100,0,Sí,Pendiente,Pendiente,N/A,N/A,N/A,N/A,N/A,,Pendiente,N/A,N/A,N/A,N/A,N/A,N/A,https://http2.mlstatic.com/D_Q_NP_2X_858057-MLV70873366536_082023-E.webp,https://articulo.mercadolibre.com.ve/MLV-764043084-maquina-afeitar-kemei-profesional-inalambrica-recargable-negro-_JM,,No,2026-08-14T08:27:09.828Z
MLV847154946,Perfumes Concentrados Duo 100ml + 30ml Elixir,20,5,0,100,0,Sí,Pendiente,Pendiente,N/A,N/A,N/A,N/A,N/A,,Pendiente,N/A,N/A,N/A,N/A,N/A,N/A,https://http2.mlstatic.com/D_Q_NP_2X_612988-MLV84808899281_052025-E.webp,https://articulo.mercadolibre.com.ve/MLV-847154946-perfumes-concentrados-duo-100ml-30ml-elixir-_JM,,No,2026-08-14T08:27:10.027Z
MLV722077902,Pila Bateria Aa Recargable 2800mah Ebl,11.99,4.9,0,100,0,Sí,Pendiente,Pendiente,N/A,N/A,N/A,N/A,N/A,,Pendiente,N/A,N/A,N/A,N/A,N/A,N/A,https://http2.mlstatic.com/D_Q_NP_2X_958941-MLV73118419695_112023-E.webp,https://articulo.mercadolibre.com.ve/MLV-722077902-pila-bateria-aa-recargable-2800mah-ebl-_JM,,No,2026-08-14T08:27:10.224Z
MLV850836656,Taza Electrica Mezcladora Automatica Recargable Café Bebida,14.99,4.9,0,100,0,Sí,Pendiente,Pendiente,N/A,N/A,N/A,N/A,N/A,,Pendiente,N/A,N/A,N/A,N/A,N/A,N/A,https://http2.mlstatic.com/D_Q_NP_2X_749116-MLV85406909665_052025-E.webp,https://articulo.mercadolibre.com.ve/MLV-850836656-taza-electrica-mezcladora-automatica-recargable-cafe-bebida-_JM,,No,2026-08-14T08:27:10.472Z
MLV797756190,Mini Impresora Térmica Portátil Bluetooth Recargable Gato,28.89,5,0,100,0,Sí,Pendiente,Pendiente,N/A,N/A,N/A,N/A,N/A,,Pendiente,N/A,N/A,N/A,N/A,N/A,N/A,https://http2.mlstatic.com/D_Q_NP_2X_728571-MLV113239571912_072026-E.webp,https://articulo.mercadolibre.com.ve/MLV-797756190-mini-impresora-termica-portatil-bluetooth-recargable-gato-_JM,,No,2026-08-14T08:27:10.726Z
MLV551187983,Protector Voltaje Exceline Aire Acondicionado Split 220v /,27.99,4.9,0,100,0,Sí,Pendiente,Pendiente,N/A,N/A,N/A,N/A,N/A,,Pendiente,N/A,N/A,N/A,N/A,N/A,N/A,https://http2.mlstatic.com/D_Q_NP_2X_915851-MLV31252011934_062019-E.webp,https://articulo.mercadolibre.com.ve/MLV-551187983-protector-voltaje-exceline-aire-acondicionado-split-220v--_JM,,No,2026-08-14T08:27:10.941Z
MLV798048014,Batería De Litio 18650 Alta Densidad 3.51v18650-35a,17.95,4.9,0,100,0,Sí,Pendiente,Pendiente,N/A,N/A,N/A,N/A,N/A,,Pendiente,N/A,N/A,N/A,N/A,N/A,N/A,https://http2.mlstatic.com/D_Q_NP_2X_731318-MLV90417824541_082025-E.webp,https://articulo.mercadolibre.com.ve/MLV-798048014-bateria-de-litio-18650-alta-densidad-351v18650-35a-_JM,,No,2026-08-14T08:27:11.157Z
MLV741161848,Bateria Dell Inspiron 15 3000 Series 15-3552 15-3558 M5y1k Negro,49.99,4.9,0,100,0,Sí,Pendiente,Pendiente,N/A,N/A,N/A,N/A,N/A,,Pendiente,N/A,N/A,N/A,N/A,N/A,N/A,https://http2.mlstatic.com/D_Q_NP_2X_737034-MLV114559218231_072026-E.webp,https://articulo.mercadolibre.com.ve/MLV-741161848-bateria-dell-inspiron-15-3000-series-15-3552-15-3558-m5y1k-negro-_JM,,No,2026-08-14T08:27:11.529Z
MLV963537360,Panel De Luz Led Rgb Para Celular Recargable,7.46,5,0,100,0,Sí,Pendiente,Pendiente,N/A,N/A,N/A,N/A,N/A,,Pendiente,N/A,N/A,N/A,N/A,N/A,N/A,https://http2.mlstatic.com/D_Q_NP_2X_603349-MLV107422623285_022026-E.webp,https://articulo.mercadolibre.com.ve/MLV-963537360-panel-de-luz-led-rgb-para-celular-recargable-_JM,,No,2026-08-14T08:27:11.779Z
MLV755970440,"Linterna Recargable De Cabeza Frente Ronix Camping, Mecánica",16.66,4.9,0,100,0,Sí,Pendiente,Pendiente,N/A,N/A,N/A,N/A,N/A,,Pendiente,N/A,N/A,N/A,N/A,N/A,N/A,https://http2.mlstatic.com/D_Q_NP_2X_895972-MLV76423937802_052024-E.webp,https://articulo.mercadolibre.com.ve/MLV-755970440-linterna-recargable-de-cabeza-frente-ronix-camping-mecanica-_JM,,No,2026-08-14T08:27:11.980Z
MLV735134593,Tubo Bombillo Led 80w Recargable Emergencia 52cm Blanco,14,4.9,0,100,0,Sí,Pendiente,Pendiente,N/A,N/A,N/A,N/A,N/A,,Pendiente,N/A,N/A,N/A,N/A,N/A,N/A,https://http2.mlstatic.com/D_Q_NP_2X_901548-MLV53500261872_012023-E.webp,https://articulo.mercadolibre.com.ve/MLV-735134593-tubo-bombillo-led-80w-recargable-emergencia-52cm-blanco-_JM,,No,2026-08-14T08:27:12.650Z
MLV754374221,Microfono Shure Inalámbrico Profesional,27.54,4.9,0,100,0,Sí,Pendiente,Pendiente,N/A,N/A,N/A,N/A,N/A,,Pendiente,N/A,N/A,N/A,N/A,N/A,N/A,https://http2.mlstatic.com/D_Q_NP_2X_854569-MLV105733943800_022026-E.webp,https://articulo.mercadolibre.com.ve/MLV-754374221-microfono-shure-inalambrico-profesional-_JM,,No,2026-08-14T08:27:12.973Z
MLV814417016,Mini Impresora Termica Portátil Bluetooth Usb Recargable,19.99,4.9,0,100,0,Sí,Pendiente,Pendiente,N/A,N/A,N/A,N/A,N/A,,Pendiente,N/A,N/A,N/A,N/A,N/A,N/A,https://http2.mlstatic.com/D_Q_NP_2X_812105-MLV80246672189_102024-E.webp,https://articulo.mercadolibre.com.ve/MLV-814417016-mini-impresora-termica-portatil-bluetooth-usb-recargable-_JM,,No,2026-08-14T08:27:13.201Z
MLV724071732,Sacaleche Electrico Materno Digital Recargable Libre De Bpa,36.99,4.9,0,100,0,Sí,Pendiente,Pendiente,N/A,N/A,N/A,N/A,N/A,,Pendiente,N/A,N/A,N/A,N/A,N/A,N/A,https://http2.mlstatic.com/D_Q_NP_2X_949247-MLV51514008295_092022-E.webp,https://articulo.mercadolibre.com.ve/MLV-724071732-sacaleche-electrico-materno-digital-recargable-libre-de-bpa-_JM,,No,2026-08-14T08:27:13.454Z
MLV748860377,Control Dualshock 3 Ps3 Inalambrico Recargable  Negro,12.99,5,0,100,0,Sí,Pendiente,Pendiente,N/A,N/A,N/A,N/A,N/A,,Pendiente,N/A,N/A,N/A,N/A,N/A,N/A,https://http2.mlstatic.com/D_Q_NP_2X_870338-MLV107019783663_022026-E.webp,https://articulo.mercadolibre.com.ve/MLV-748860377-control-dualshock-3-ps3-inalambrico-recargable-negro-_JM,,No,2026-08-14T08:27:13.649Z
MLV905618298,Oximetro Pediatrico Recargable Para Bebes Y Niños,10.2,4.9,0,100,0,Sí,Pendiente,Pendiente,N/A,N/A,N/A,N/A,N/A,,Pendiente,N/A,N/A,N/A,N/A,N/A,N/A,https://http2.mlstatic.com/D_Q_NP_2X_817975-MLV89464360570_082025-E.webp,https://articulo.mercadolibre.com.ve/MLV-905618298-oximetro-pediatrico-recargable-para-bebes-y-ninos-_JM,,No,2026-08-14T08:27:13.880Z
MLV757535791,Mouse Vertical Recargable Ergonomico 2.4ghz Raton Pc Gamer Negro,14.4,4.9,0,100,0,Sí,Pendiente,Pendiente,N/A,N/A,N/A,N/A,N/A,,Pendiente,N/A,N/A,N/A,N/A,N/A,N/A,https://http2.mlstatic.com/D_Q_NP_2X_687946-MLV114075378992_072026-E.webp,https://articulo.mercadolibre.com.ve/MLV-757535791-mouse-vertical-recargable-ergonomico-24ghz-raton-pc-gamer-negro-_JM,,No,2026-08-14T08:27:14.495Z
MLV743400403,Bateria Recargable 4v 4ah Para Balanza Electronica Lamparas,10.99,4.9,0,100,0,Sí,Pendiente,Pendiente,N/A,N/A,N/A,N/A,N/A,,Pendiente,N/A,N/A,N/A,N/A,N/A,N/A,https://http2.mlstatic.com/D_Q_NP_2X_996034-MLV69944229673_062023-E.webp,https://articulo.mercadolibre.com.ve/MLV-743400403-bateria-recargable-4v-4ah-para-balanza-electronica-lamparas-_JM,,No,2026-08-14T08:27:14.729Z
MLV566643360,Juego De Grapa Ganchos Herraje Para Camas Gris,9.5,4.9,0,500,0,Sí,Pendiente,Pendiente,N/A,N/A,N/A,N/A,N/A,,Pendiente,N/A,N/A,N/A,N/A,N/A,N/A,https://http2.mlstatic.com/D_Q_NP_2X_646103-MLV113520452687_062026-E.webp,https://articulo.mercadolibre.com.ve/MLV-566643360-juego-de-grapa-ganchos-herraje-para-camas-gris-_JM,,No,2026-08-14T08:27:14.972Z
MLV506182797,Ventilador Grande Metal 18 3,32.99,4.8,0,500,0,Sí,Pendiente,Pendiente,N/A,N/A,N/A,N/A,N/A,,Pendiente,N/A,N/A,N/A,N/A,N/A,N/A,https://http2.mlstatic.com/D_Q_NP_2X_836466-MLV113982411156_072026-E.webp,https://articulo.mercadolibre.com.ve/MLV-506182797-ventilador-grande-metal-18-3-_JM,,No,2026-08-14T08:27:15.202Z
MLV711181263,Ventilador Huracán 18 Pulgadas Grande Original Fortunne 150w 50 Cm 60 Negra Azul Plástico Reforzado 3,31.99,4.8,0,500,0,Sí,Pendiente,Pendiente,N/A,N/A,N/A,N/A,N/A,,Pendiente,N/A,N/A,N/A,N/A,N/A,N/A,https://http2.mlstatic.com/D_Q_NP_2X_983667-MLV84874507638_052025-E.webp,https://articulo.mercadolibre.com.ve/MLV-711181263-ventilador-huracan-18-pulgadas-grande-original-fortunne-150w-50-cm-60-negra-azul-plastico-reforzado-3-_JM,,No,2026-08-14T08:27:15.410Z
MLV574839509,Ventilador 10 Pulgadas Original Fortunne Al Mayor Y Al Detal 29 Cm 60 Negro Plateadas Acero 3,20.99,4.8,0,500,0,Sí,Pendiente,Pendiente,N/A,N/A,N/A,N/A,N/A,,Pendiente,N/A,N/A,N/A,N/A,N/A,N/A,https://http2.mlstatic.com/D_Q_NP_2X_804647-MLV87704130656_072025-E.webp,https://articulo.mercadolibre.com.ve/MLV-574839509-ventilador-10-pulgadas-original-fortunne-al-mayor-y-al-detal-29-cm-60-negro-plateadas-acero-3-_JM,,No,2026-08-14T08:27:15.900Z
MLV569614078,Rollos Etiquetas Térmicas Continúa Dk 2205 Dk2205 Brother Ql Blanco,5.6,4.9,25,1000,0,Sí,IMVEROLL SC,MercadoLíder Gold,120,100,1000,100,8,https://www.mercadolibre.com.ve/pagina/imverollsc4197,"Maracaibo, Zulia",Computación,Impresión > Impresoras,Computación > Impresión > Impresoras,IMVEROLL,DK2205,Marca: IMVEROLL | Modelo: DK2205 | Modelo alfanumérico: DK2205 | Color: Blanco | Con Wi-Fi: No | Con puerto USB: No | Tipo de impresora: Simple función | Tecnología de impresión: Térmica | Tipo de impresión: Monocromática | Funciones de la impresora: Térmica | Tipo de impresora: Simple función | Tipo de impresión: Monocromática | Con WI-Fi : No | Tecnología de impresión: Térmica | Funciones de la impresora: Térmica,https://http2.mlstatic.com/D_NQ_NP_2X_629450-MLV43713369137_102020-F.webp,https://articulo.mercadolibre.com.ve/MLV-569614078-rollos-etiquetas-termicas-continua-dk-2205-dk2205-brother-ql-blanco-_JM,https://www.google.com/search?q=%22IMVEROLL%20SC%22%20Venezuela%20Maracaibo%20(whatsapp%20OR%20instagram%20OR%20rif%20OR%20telefono%20OR%20tienda),Sí,2026-08-16T23:30:23.578Z
MLV731041540,Impresora Tickera Termica 58mm Usb Comandas Roccia Negro,37.52,4.9,384,1000,0,Sí,Roccia,MercadoLíder Gold,1100,100,5000,100,11,https://www.mercadolibre.com.ve/tienda/roccia,"Valencia (Valencia), Carabobo",Computación,Impresión > Impresoras,Computación > Impresión > Impresoras,Roccia,N/A,"Marca: Roccia | Color: Negro | Voltaje: 120V | Con Wi-Fi: No | Con puerto USB: Sí | Altura: 9 cm | Tipo de impresora: Simple función | Tecnología de impresión: Térmica | Tipo de impresión: Monocromática | Funciones de la impresora: Comandas, Tickets, facturas, Órdenes | Duración del producto: 1 meses | Tipo de impresora: Simple función | Tipo de impresión: Monocromática | Con WI-Fi : No | Tecnología de impresión: Térmica | Funciones de la impresora: Comandas, Tickets, facturas, Órdenes",https://http2.mlstatic.com/D_NQ_NP_2X_708205-MLV52766875847_122022-F.webp,https://articulo.mercadolibre.com.ve/MLV-731041540-impresora-tickera-termica-58mm-usb-comandas-roccia-negro-_JM,https://www.google.com/search?q=%22Roccia%22%20Venezuela%20Valencia%20(Valencia)%20(whatsapp%20OR%20instagram%20OR%20rif%20OR%20telefono%20OR%20tienda),Sí,2026-08-16T23:30:24.912Z
MLV910550750,Pintura En Spray Multiusos 250ml Proweld,2,4.5,177,1000,0,Sí,Gaska,MercadoLíder Platinum,5400,1000,10000,98,3,https://www.mercadolibre.com.ve/tienda/gaska,"Ciudad Bolívar, Bolívar",Construcción,Pinturería > Pinturas > Aerosoles,Construcción > Pinturería > Pinturas > Aerosoles,Proweld,MULTIUSOS,"Marca: Proweld | Modelo: MULTIUSOS | Tipo de pintura: Aerosol | Volumen neto: 250 mL | Peso neto: 400 g | Formato de venta: Unidad | Superficies aptas: Carros, Madera, Metal, Pared, Piso, Todas, motos | Tipo de base: Agua | Es inflamable: Sí",https://http2.mlstatic.com/D_NQ_NP_2X_646180-MLV90826083792_082025-F.webp,https://articulo.mercadolibre.com.ve/MLV-910550750-pintura-en-spray-multiusos-250ml-proweld-_JM,https://www.google.com/search?q=%22Gaska%22%20Venezuela%20Ciudad%20Bol%C3%ADvar%20(whatsapp%20OR%20instagram%20OR%20rif%20OR%20telefono%20OR%20tienda),Sí,2026-08-16T23:30:25.595Z
MLV728565296,Pila Bomba De Gasolina Universal E2068 Carbon,6.99,4.7,0,1000,0,Sí,Pendiente,Pendiente,N/A,N/A,N/A,N/A,N/A,,Pendiente,N/A,N/A,N/A,N/A,N/A,N/A,https://http2.mlstatic.com/D_Q_NP_2X_645372-MLV89297411874_082025-E.webp,https://articulo.mercadolibre.com.ve/MLV-728565296-pila-bomba-de-gasolina-universal-e2068-carbon-_JM,,No,2026-08-16T23:30:25.732Z
MLV571155405,Amortiguador Delantero Ford Fiesta Power Max Move,25,4.8,230,1000,0,Sí,AUTOPARTESGLENCAR CA,MercadoLíder Platinum,2600,1000,10000,100,12,https://www.mercadolibre.com.ve/pagina/autopartesglencarca9631,"Barquisimeto, Lara",Accesorios para Vehículos,Repuestos Carros y Camionetas > Suspensión y Dirección > Amortiguadores,Accesorios para Vehículos > Repuestos Carros y Camionetas > Suspensión y Dirección > Amortiguadores,Perfect,Fiesta,Marca: Perfect | Número de pieza: G35902 | Modelo: Fiesta | Tipo de vehículo: Carro/Camioneta | Posición: FORD | Lado: Izquierdo/Derecho,https://http2.mlstatic.com/D_NQ_NP_2X_822812-MLV114020967360_072026-F.webp,https://articulo.mercadolibre.com.ve/MLV-571155405-amortiguador-delantero-ford-fiesta-power-max-move-_JM,https://www.google.com/search?q=%22AUTOPARTESGLENCAR%20CA%22%20Venezuela%20Barquisimeto%20(whatsapp%20OR%20instagram%20OR%20rif%20OR%20telefono%20OR%20tienda),Sí,2026-08-16T23:30:25.967Z
MLV555735895,"Flexible Importado Doble Malla Aveo, Optra, Spark, Hyundai",13.99,4.9,817,1000,0,Sí,ABU2024,MercadoLíder Platinum,340,100,5000,99,10,https://www.mercadolibre.com.ve/pagina/abu2024,"Mun. Libertador (Oeste), Distrito Capital",Accesorios para Vehículos,Repuestos Carros y Camionetas > Escapes > Otros,Accesorios para Vehículos > Repuestos Carros y Camionetas > Escapes > Otros,Importado,N/A,Marca: Importado | Número de pieza: 6X2 | Tipo de vehículo: Carro/Camioneta | Origen: Importado | Material del núcleo: Acero inoxidable doble malla | Incluye herrajes de montaje: No | Material: Acero inoxidable,https://http2.mlstatic.com/D_NQ_NP_2X_792071-MLV111046400962_052026-F.webp,https://articulo.mercadolibre.com.ve/MLV-555735895-flexible-importado-doble-malla-aveo-optra-spark-hyundai-_JM,https://www.google.com/search?q=%22ABU2024%22%20Venezuela%20Mun.%20Libertador%20(Oeste)%20(whatsapp%20OR%20instagram%20OR%20rif%20OR%20telefono%20OR%20tienda),Sí,2026-08-16T23:30:26.178Z
MLV484078180,Cocuyo Cruce Corolla Baby Camry 1994 1995 1996 1997 1998,7.99,4.9,332,1000,0,Sí,TOYO CARROCERIAS,MercadoLíder Platinum,8400,500,10000,100,16,https://www.mercadolibre.com.ve/tienda/toyo-carrocerias,"Barquisimeto, Lara",Accesorios para Vehículos,Repuestos Carros y Camionetas > Iluminación > Faros > Faros de tres Stop,Accesorios para Vehículos > Repuestos Carros y Camionetas > Iluminación > Faros > Faros de tres Stop,ILAMP,N/A,Marca: ILAMP | Ubicación: Inferior derecha | Tipo de iluminación: Halógeno | Tipo de vehículo: Carro/Camioneta,https://http2.mlstatic.com/D_NQ_NP_2X_903715-MLV78215192567_082024-F.webp,https://articulo.mercadolibre.com.ve/MLV-484078180-cocuyo-cruce-corolla-baby-camry-1994-1995-1996-1997-1998-_JM,https://www.google.com/search?q=%22TOYO%20CARROCERIAS%22%20Venezuela%20Barquisimeto%20(whatsapp%20OR%20instagram%20OR%20rif%20OR%20telefono%20OR%20tienda),Sí,2026-08-16T23:30:28.894Z
MLV719099946,Bujías Punta Iridiun Aveo Corsa Optra Spark Corolla Arauca,2,5,2,1000,0,Sí,AUTOPARTESGLENCAR CA,MercadoLíder Platinum,2600,1000,10000,100,12,https://www.mercadolibre.com.ve/pagina/autopartesglencarca9631,"Barquisimeto, Lara",Accesorios para Vehículos,Repuestos Carros y Camionetas > Encendido > Bujías > Bujías de Encendido,Accesorios para Vehículos > Repuestos Carros y Camionetas > Encendido > Bujías > Bujías de Encendido,Denso,punta iridiun,Marca: Denso | Modelo: punta iridiun | Número de pieza: PK16R11 | Tipo de vehículo: Carro/Camioneta,https://http2.mlstatic.com/D_NQ_NP_2X_943783-MLA113412775205_062026-F.webp,https://articulo.mercadolibre.com.ve/MLV-719099946-bujias-punta-iridiun-aveo-corsa-optra-spark-corolla-arauca-_JM,https://www.google.com/search?q=%22AUTOPARTESGLENCAR%20CA%22%20Venezuela%20Barquisimeto%20(whatsapp%20OR%20instagram%20OR%20rif%20OR%20telefono%20OR%20tienda),Sí,2026-08-16T23:30:29.505Z
MLV564624220,Reproductor Carro Usb Auxiliar Bluetooth Mp3 Radio,13.29,4.7,457,1000,0,Sí,JUANFERREIRA713,MercadoLíder Platinum,910,500,10000,100,12,https://www.mercadolibre.com.ve/pagina/juanferreira7135753,"Mun. Chacao (sur), Distrito Capital",Accesorios para Vehículos,Audio para Vehículos > Equipos de Audio > Reproductores > Sin Pantalla,Accesorios para Vehículos > Audio para Vehículos > Equipos de Audio > Reproductores > Sin Pantalla,MP3,JSD-520,Marca: MP3 | Modelo: JSD-520 | Color: Negro | Incluye control remoto: Sí | Con Bluetooth: Sí | Con USB: Sí | Con lector de tarjeta SD: Sí | Con salida RCA: Sí | Con Bluetooth: Sí | Con USB: Sí | Con lector de tarjeta SD: Sí,https://http2.mlstatic.com/D_NQ_NP_2X_751089-MLV90817223430_082025-F.webp,https://articulo.mercadolibre.com.ve/MLV-564624220-reproductor-carro-usb-auxiliar-bluetooth-mp3-radio-_JM,https://www.google.com/search?q=%22JUANFERREIRA713%22%20Venezuela%20Mun.%20Chacao%20(sur)%20(whatsapp%20OR%20instagram%20OR%20rif%20OR%20telefono%20OR%20tienda),Sí,2026-08-16T23:30:30.088Z
MLV534908267,Silicon Mega Grey Gris,2.5,4.9,145,1000,0,Sí,Auto Parts JR,MercadoLíder Platinum,8500,1000,50000,100,10,https://www.mercadolibre.com.ve/tienda/auto-parts-jr,"Barquisimeto, Lara",Accesorios para Vehículos,Repuestos Carros y Camionetas > Motor > Componentes de Motor > Otros,Accesorios para Vehículos > Repuestos Carros y Camionetas > Motor > Componentes de Motor > Otros,Mega Grey,N/A,Marca: Mega Grey | Número de pieza: SH0102 SIL-85 GRIS | Tipo de vehículo: Carro/Camioneta | Código OEM: 9993 SIL-85GR | Origen: Alemania | Material del núcleo: Carbón | Incluye herrajes de montaje: No | Material: Acero inoxidable | Es inflamable: No,https://http2.mlstatic.com/D_NQ_NP_2X_670644-MLV96899511836_112025-F.webp,https://articulo.mercadolibre.com.ve/MLV-534908267-silicon-mega-grey-gris-_JM,https://www.google.com/search?q=%22Auto%20Parts%20JR%22%20Venezuela%20Barquisimeto%20(whatsapp%20OR%20instagram%20OR%20rif%20OR%20telefono%20OR%20tienda),Sí,2026-08-16T23:30:32.486Z
MLV563027962,Goma Valvula Chevrolet Optra Desing Sabo,8,4.7,43,1000,0,Sí,Vendido por AUTOPARTESKRP,MercadoLíder Platinum,N/A,10000,50000,99,11,https://listado.mercadolibre.com.ve/_CustId_189282699,"Mun. Sucre (este), Distrito Capital",Accesorios para Vehículos,Repuestos Carros y Camionetas > Motor > Estoperas de Motor,Accesorios para Vehículos > Repuestos Carros y Camionetas > Motor > Estoperas de Motor,Sabó,N/A,Marca: Sabó | Número de pieza: 09203 | Tipo de vehículo: Carro/Camioneta,https://http2.mlstatic.com/D_NQ_NP_2X_674026-MLV79582409182_102024-F.webp,https://articulo.mercadolibre.com.ve/MLV-563027962-goma-valvula-chevrolet-optra-desing-sabo-_JM,https://www.google.com/search?q=%22Vendido%20por%20AUTOPARTESKRP%22%20Venezuela%20Mun.%20Sucre%20(este)%20(whatsapp%20OR%20instagram%20OR%20rif%20OR%20telefono%20OR%20tienda),Sí,2026-08-16T23:30:32.615Z
MLV817582686,Protector Tope De Puerta Decorativo Variedad De Marcas,2.5,4.9,31,1000,0,Sí,RS STORE,MercadoLíder Platinum,7500,100,50000,99,12,https://www.mercadolibre.com.ve/tienda/rs-store,"Barquisimeto, Lara",Accesorios para Vehículos,Acc. para Carros y Camionetas > Accesorios de Exterior > Embellecedores > Otros,Accesorios para Vehículos > Acc. para Carros y Camionetas > Accesorios de Exterior > Embellecedores > Otros,RS,N/A,Marca: RS | Número de pieza: RS,https://http2.mlstatic.com/D_NQ_NP_2X_627751-MLV80804475447_112024-F.webp,https://articulo.mercadolibre.com.ve/MLV-817582686-protector-tope-de-puerta-decorativo-variedad-de-marcas-_JM,https://www.google.com/search?q=%22RS%20STORE%22%20Venezuela%20Barquisimeto%20(whatsapp%20OR%20instagram%20OR%20rif%20OR%20telefono%20OR%20tienda),Sí,2026-08-16T23:30:37.425Z
MLV731669286,Guardabarro Guardapolvo Aveo 2005 2006 2007 2008 2009 2010,14.99,4.8,285,1000,0,Sí,CARROCERIAS ABOGCARS,MercadoLíder Platinum,8600,1000,10000,99,14,https://www.mercadolibre.com.ve/tienda/carrocerias-abogcars,"Barquisimeto, Lara",Accesorios para Vehículos,Repuestos Carros y Camionetas > Carrocería > Guardapolvos,Accesorios para Vehículos > Repuestos Carros y Camionetas > Carrocería > Guardapolvos,Chevrolet,N/A,"Marca: Chevrolet | Número de pieza: 0,00000 | Clips incluidos: No | Tipo de vehículo: Carro/Camioneta | Origen: Korea",https://http2.mlstatic.com/D_NQ_NP_2X_965953-MLV83704328791_042025-F.webp,https://articulo.mercadolibre.com.ve/MLV-731669286-guardabarro-guardapolvo-aveo-2005-2006-2007-2008-2009-2010-_JM,https://www.google.com/search?q=%22CARROCERIAS%20ABOGCARS%22%20Venezuela%20Barquisimeto%20(whatsapp%20OR%20instagram%20OR%20rif%20OR%20telefono%20OR%20tienda),Sí,2026-08-16T23:30:39.850Z
MLV788698050,Luces Led Laterales Para Camiones Trailer Gandola 12v 24v Derecho,6,4.8,84,1000,0,Sí,RS STORE,MercadoLíder Platinum,7500,100,50000,99,12,https://www.mercadolibre.com.ve/tienda/rs-store,"Barquisimeto, Lara",Accesorios para Vehículos,Repuestos de Línea Pesada > Iluminación > Faros Delanteros,Accesorios para Vehículos > Repuestos de Línea Pesada > Iluminación > Faros Delanteros,RS AUTO PARTS,N/A,Marca: RS AUTO PARTS | Número de pieza: NO POSEE | Lado: Derecho | Tipo de vehículo: Línea Pesada | Incluye luces LED: Sí,https://http2.mlstatic.com/D_NQ_NP_2X_897013-MLV79721870844_102024-F.webp,https://articulo.mercadolibre.com.ve/MLV-788698050-luces-led-laterales-para-camiones-trailer-gandola-12v-24v-derecho-_JM,https://www.google.com/search?q=%22RS%20STORE%22%20Venezuela%20Barquisimeto%20(whatsapp%20OR%20instagram%20OR%20rif%20OR%20telefono%20OR%20tienda),Sí,2026-08-16T23:30:41.566Z
MLV705391621,Cepillo Limpia Parabrisas Romo Todas Las Medidas,3.32,4.7,410,1000,0,Sí,Trend Repuestos,MercadoLíder Platinum,410,500,5000,99,21,https://www.mercadolibre.com.ve/pagina/trendrepuestos,"Girardot (Maracay), Aragua",...,... > Repuestos de Exterior > Limpiaparabrisas y Lavadores > Escobillas y Recambios > Escobillas,... > ... > Repuestos de Exterior > Limpiaparabrisas y Lavadores > Escobillas y Recambios > Escobillas,Romo,BOOMERAN,"Marca: Romo | Número de pieza: Universal - Tipo U | Modelo: BOOMERAN | Tipo de vehículo: Carro/Camioneta | Tipo de montaje: GANCHO en ""u"" | Unidades por paquete: 1",https://http2.mlstatic.com/D_NQ_NP_2X_900404-MLV101384005735_122025-F.webp,https://articulo.mercadolibre.com.ve/MLV-705391621-cepillo-limpia-parabrisas-romo-todas-las-medidas-_JM,https://www.google.com/search?q=%22Trend%20Repuestos%22%20Venezuela%20Girardot%20(Maracay)%20(whatsapp%20OR%20instagram%20OR%20rif%20OR%20telefono%20OR%20tienda),Sí,2026-08-16T23:30:41.891Z
MLV736402887,Aceite 15w40 Semisintetico Valvoline Original,12.3,4.8,0,1000,0,Sí,Pendiente,Pendiente,N/A,N/A,N/A,N/A,N/A,,Pendiente,N/A,N/A,N/A,N/A,N/A,N/A,https://http2.mlstatic.com/D_Q_NP_2X_997636-MLV83158669276_032025-E.webp,https://articulo.mercadolibre.com.ve/MLV-736402887-aceite-15w40-semisintetico-valvoline-original-_JM,,No,2026-08-16T23:30:42.082Z
MLV813402174,Base De Placa Regulable Tuning Negro,5,4.7,0,1000,0,Sí,Pendiente,Pendiente,N/A,N/A,N/A,N/A,N/A,,Pendiente,N/A,N/A,N/A,N/A,N/A,N/A,https://http2.mlstatic.com/D_Q_NP_2X_615762-MLV79998847587_102024-E.webp,https://articulo.mercadolibre.com.ve/MLV-813402174-base-de-placa-regulable-tuning-negro-_JM,,No,2026-08-16T23:30:42.265Z
MLV788568778,Silicón Gris Alta Temperatura Hammer,5,4.9,47,1000,0,Sí,REPUESTOS MAPOR CA,MercadoLíder Platinum,430,500,5000,100,3,https://www.mercadolibre.com.ve/pagina/repuestosmapor,"Mun. Libertador (Centro), Distrito Capital",Accesorios para Vehículos,Repuestos Carros y Camionetas > Motor > Componentes de Motor > Otros,Accesorios para Vehículos > Repuestos Carros y Camionetas > Motor > Componentes de Motor > Otros,Hammer,N/A,Marca: Hammer | Número de pieza: 1,https://http2.mlstatic.com/D_NQ_NP_2X_934506-MLV74936086130_032024-F.webp,https://articulo.mercadolibre.com.ve/MLV-788568778-silicon-gris-alta-temperatura-hammer-_JM,https://www.google.com/search?q=%22REPUESTOS%20MAPOR%20CA%22%20Venezuela%20Mun.%20Libertador%20(Centro)%20(whatsapp%20OR%20instagram%20OR%20rif%20OR%20telefono%20OR%20tienda),Sí,2026-08-16T23:30:42.667Z
MLV752413478,Manilla Interna Negra Toyota Corolla Baby Camry Derecha Delantera/trasera,5,4.8,0,1000,0,Sí,Pendiente,Pendiente,N/A,N/A,N/A,N/A,N/A,,Pendiente,N/A,N/A,N/A,N/A,N/A,N/A,https://http2.mlstatic.com/D_Q_NP_2X_718345-MLV69454202400_052023-E.webp,https://articulo.mercadolibre.com.ve/MLV-752413478-manilla-interna-negra-toyota-corolla-baby-camry-derecha-delanteratrasera-_JM,,No,2026-08-16T23:30:43.016Z
MLV737268268,Aceite Ultralub Semisintético Sq 15w-40 Pack 4,55,4.9,0,1000,0,Sí,Pendiente,Pendiente,N/A,N/A,N/A,N/A,N/A,,Pendiente,N/A,N/A,N/A,N/A,N/A,N/A,https://http2.mlstatic.com/D_Q_NP_2X_859095-MLV105890488576_022026-E.webp,https://articulo.mercadolibre.com.ve/MLV-737268268-aceite-ultralub-semisintetico-sq-15w-40-pack-4-_JM,,No,2026-08-16T23:30:43.230Z
MLV730586741,Martillos Corsa 1.4 1.6 Y Daewoo Cielo,3.6,4.9,205,1000,0,Sí,ANDERSON141415,MercadoLíder Platinum,1300,1000,10000,97,7,https://www.mercadolibre.com.ve/pagina/autopartesayr2021,"Barquisimeto, Lara",...,Repuestos Carros y Camionetas > Motor > Componentes de Motor > Topes de Cilindros > Martillos de Motor,... > Repuestos Carros y Camionetas > Motor > Componentes de Motor > Topes de Cilindros > Martillos de Motor,GM,N/A,Marca: GM | Número de pieza: 90409194 | Tipo de balancín de motor: Basculante | Diámetro de la rosca del perno: 1 mm | Auto-alineante: No | Cuñas incluidas: No | Tipo de uso: Regular | Origen: 1 | Tipo de vehículo: Carro/Camioneta,https://http2.mlstatic.com/D_NQ_NP_2X_655392-MLV107388720843_022026-F.webp,https://articulo.mercadolibre.com.ve/MLV-730586741-martillos-corsa-14-16-y-daewoo-cielo-_JM,https://www.google.com/search?q=%22ANDERSON141415%22%20Venezuela%20Barquisimeto%20(whatsapp%20OR%20instagram%20OR%20rif%20OR%20telefono%20OR%20tienda),Sí,2026-08-16T23:30:43.447Z
MLV568910609,Cocuyo Cruce Corolla Baby Camry 94-98 Thailandes A1,8,4.7,0,1000,0,Sí,Pendiente,Pendiente,N/A,N/A,N/A,N/A,N/A,,Pendiente,N/A,N/A,N/A,N/A,N/A,N/A,https://http2.mlstatic.com/D_Q_NP_2X_770593-MLV69524917481_052023-E.webp,https://articulo.mercadolibre.com.ve/MLV-568910609-cocuyo-cruce-corolla-baby-camry-94-98-thailandes-a1-_JM,,No,2026-08-16T23:30:43.643Z
MLV723992340,Bujia Rosca Corta Bl15 Nova Chevette Century Jeep Bronco V6,2,4.8,0,1000,0,Sí,Pendiente,Pendiente,N/A,N/A,N/A,N/A,N/A,,Pendiente,N/A,N/A,N/A,N/A,N/A,N/A,https://http2.mlstatic.com/D_Q_NP_2X_759247-MLV97364602090_112025-E.webp,https://articulo.mercadolibre.com.ve/MLV-723992340-bujia-rosca-corta-bl15-nova-chevette-century-jeep-bronco-v6-_JM,,No,2026-08-16T23:30:43.843Z
MLV716841903,Martillos Leva Corsa Chevy C2 Monza Cielo Lanos Racer Espero,3.59,5,21,1000,0,Sí,goel1587650,MercadoLíder Platinum,5400,1000,50000,99,10,https://www.mercadolibre.com.ve/pagina/goel1587650,"Barquisimeto, Lara",...,Repuestos Carros y Camionetas > Motor > Componentes de Motor > Topes de Cilindros > Martillos de Motor,... > Repuestos Carros y Camionetas > Motor > Componentes de Motor > Topes de Cilindros > Martillos de Motor,GM,N/A,Marca: GM | Número de pieza: 90409194 | Tipo de vehículo: Carro/Camioneta,https://http2.mlstatic.com/D_NQ_NP_2X_813944-MLV84730631802_052025-F.webp,https://articulo.mercadolibre.com.ve/MLV-716841903-martillos-leva-corsa-chevy-c2-monza-cielo-lanos-racer-espero-_JM,https://www.google.com/search?q=%22goel1587650%22%20Venezuela%20Barquisimeto%20(whatsapp%20OR%20instagram%20OR%20rif%20OR%20telefono%20OR%20tienda),Sí,2026-08-16T23:30:45.760Z
MLV743739668,Centro Rin Silverado Ls Rin De Hierro Gris Gris,13.5,4.9,75,1000,0,Sí,RS STORE,MercadoLíder Platinum,7500,100,50000,99,12,https://www.mercadolibre.com.ve/tienda/rs-store,"Barquisimeto, Lara",Accesorios para Vehículos,Rines > Rines de Carros y Camionetas,Accesorios para Vehículos > Rines > Rines de Carros y Camionetas,N/A,N/A,Color: Gris,https://http2.mlstatic.com/D_NQ_NP_2X_737187-MLV54765656193_032023-F.webp,https://articulo.mercadolibre.com.ve/MLV-743739668-centro-rin-silverado-ls-rin-de-hierro-gris-gris-_JM,https://www.google.com/search?q=%22RS%20STORE%22%20Venezuela%20Barquisimeto%20(whatsapp%20OR%20instagram%20OR%20rif%20OR%20telefono%20OR%20tienda),Sí,2026-08-16T23:30:46.297Z
MLV709861970,Manilla Renault Twingo Puerta Derecha O Izquierda 8v 16v,7.12,4.8,146,1000,0,Sí,REPUESTOS JARR,MercadoLíder Platinum,2200,1000,10000,99,21,https://www.mercadolibre.com.ve/pagina/repuestosj.a.r.r,"San Cristóbal,",Accesorios para Vehículos,Repuestos Carros y Camionetas > Motor > Componentes de Motor > Otros,Accesorios para Vehículos > Repuestos Carros y Camionetas > Motor > Componentes de Motor > Otros,Genérica,N/A,Marca: Genérica | Número de pieza: 646465465,https://http2.mlstatic.com/D_NQ_NP_2X_877899-MLV86515983731_062025-F.webp,https://articulo.mercadolibre.com.ve/MLV-709861970-manilla-renault-twingo-puerta-derecha-o-izquierda-8v-16v-_JM,https://www.google.com/search?q=%22REPUESTOS%20JARR%22%20Venezuela%20San%20Crist%C3%B3bal%20(whatsapp%20OR%20instagram%20OR%20rif%20OR%20telefono%20OR%20tienda),Sí,2026-08-16T23:30:46.487Z
MLV466640695,Inyector De Volkswagen Gol 1.8 Golf Parati Santana Iwp 114,13,4.7,151,1000,0,Sí,Vendido por TODOINYECTORES,MercadoLíder Platinum,N/A,100,1000,100,19,https://listado.mercadolibre.com.ve/_CustId_19065925,"Mun. Baruta (este), Distrito Capital",Accesorios para Vehículos,Repuestos Carros y Camionetas > Inyección > Inyectores,Accesorios para Vehículos > Repuestos Carros y Camionetas > Inyección > Inyectores,Fulkon,N/A,Marca: Fulkon | Número de pieza: IWP114 | Tipo de vehículo: Carro/Camioneta | Tipo de inyección: Multipunto | Tipo de combustible: Gasolina | Código OEM: iwp114 | Origen: No aplica,https://http2.mlstatic.com/D_NQ_NP_2X_764639-MLV74034724758_012024-F.webp,https://articulo.mercadolibre.com.ve/MLV-466640695-inyector-de-volkswagen-gol-18-golf-parati-santana-iwp-114-_JM,https://www.google.com/search?q=%22Vendido%20por%20TODOINYECTORES%22%20Venezuela%20Mun.%20Baruta%20(este)%20(whatsapp%20OR%20instagram%20OR%20rif%20OR%20telefono%20OR%20tienda),Sí,2026-08-16T23:30:47.622Z
MLV506640909,Inyector Para Ford Fiesta Power 1.6 Del 2003 Al 2009 Iwp 127,13,4.9,0,1000,0,Sí,Pendiente,Pendiente,N/A,N/A,N/A,N/A,N/A,,Pendiente,N/A,N/A,N/A,N/A,N/A,N/A,https://http2.mlstatic.com/D_Q_NP_2X_964793-MLV74162213350_012024-E.webp,https://articulo.mercadolibre.com.ve/MLV-506640909-inyector-para-ford-fiesta-power-16-del-2003-al-2009-iwp-127-_JM,,No,2026-08-16T23:30:47.756Z
MLV739350562,Stop 4 Pulgadas Para Camion Rojo Amarillo Blanco El Par,9,4.8,0,1000,0,Sí,Pendiente,Pendiente,N/A,N/A,N/A,N/A,N/A,,Pendiente,N/A,N/A,N/A,N/A,N/A,N/A,https://http2.mlstatic.com/D_Q_NP_2X_851933-MLV54061790270_022023-E.webp,https://articulo.mercadolibre.com.ve/MLV-739350562-stop-4-pulgadas-para-camion-rojo-amarillo-blanco-el-par-_JM,,No,2026-08-16T23:30:47.957Z
MLV755771550,Aceite 5w20 5w30 10w30 Semisintético Motorcraft Original,10.99,4.9,166,1000,0,Sí,TUSHOPHERE,MercadoLíder Platinum,390,100,10000,99,6,https://www.mercadolibre.com.ve/pagina/tushophere,"Mun. Chacao (sur), Distrito Capital",Accesorios para Vehículos,Lubricantes y Fluidos > Autos y Camionetas > Aceites > Para Motor,Accesorios para Vehículos > Lubricantes y Fluidos > Autos y Camionetas > Aceites > Para Motor,Motorcraft,N/A,Marca: Motorcraft | Línea: Semisintético | Grado de viscosidad: 5W-20 | Volumen de la unidad: 946 mL | Volumen neto: 946 mL | Formato de venta: Unidad | Tipo de contenedor: Plástico | Tipo de aceite de motor: Semi-sintético | Tipo de vehículo: Carro/Camioneta,https://http2.mlstatic.com/D_NQ_NP_2X_977866-MLV69774447931_062023-F.webp,https://articulo.mercadolibre.com.ve/MLV-755771550-aceite-5w20-5w30-10w30-semisintetico-motorcraft-original-_JM,https://www.google.com/search?q=%22TUSHOPHERE%22%20Venezuela%20Mun.%20Chacao%20(sur)%20(whatsapp%20OR%20instagram%20OR%20rif%20OR%20telefono%20OR%20tienda),Sí,2026-08-16T23:30:48.156Z
MLV785122324,Centro Rin Tapa Rin Optra Spark Epica Captiva Orlando Negro,3,4.8,0,1000,0,Sí,Pendiente,Pendiente,N/A,N/A,N/A,N/A,N/A,,Pendiente,N/A,N/A,N/A,N/A,N/A,N/A,https://http2.mlstatic.com/D_Q_NP_2X_859405-MLV74477725961_022024-E.webp,https://articulo.mercadolibre.com.ve/MLV-785122324-centro-rin-tapa-rin-optra-spark-epica-captiva-orlando-negro-_JM,,No,2026-08-16T23:30:48.340Z
MLV467611270,Pantalla Faro De Vidrio Lisa Corsa Derecha Y Izquierda C/u,20,4.9,164,1000,0,Sí,Auto Repuestos El Zorro,MercadoLíder Platinum,1300,1000,10000,99,10,https://www.mercadolibre.com.ve/pagina/autorepuestoselzorro,San Antonio Del,Accesorios para Vehículos,Repuestos Carros y Camionetas > Iluminación > Faros > Faros Traseros,Accesorios para Vehículos > Repuestos Carros y Camionetas > Iluminación > Faros > Faros Traseros,Lucid Depo,N/A,Marca: Lucid Depo | Posición: Derecho | Tipo de vehículo: Carro/Camioneta,https://http2.mlstatic.com/D_NQ_NP_2X_717788-MLV104144886146_012026-F.webp,https://articulo.mercadolibre.com.ve/MLV-467611270-pantalla-faro-de-vidrio-lisa-corsa-derecha-y-izquierda-cu-_JM,https://www.google.com/search?q=%22Auto%20Repuestos%20El%20Zorro%22%20Venezuela%20San%20Antonio%20Del%20(whatsapp%20OR%20instagram%20OR%20rif%20OR%20telefono%20OR%20tienda),Sí,2026-08-16T23:30:48.554Z
MLV579115365,Lip De Goma Para Parachoques Negro O Fibra De Carbono Negro,10,4.8,210,1000,0,Sí,RS STORE,MercadoLíder Platinum,7500,100,50000,99,12,https://www.mercadolibre.com.ve/tienda/rs-store,"Barquisimeto, Lara",Accesorios para Vehículos,Tuning > Tuning Exterior > Faldones y Zócalos,Accesorios para Vehículos > Tuning > Tuning Exterior > Faldones y Zócalos,Samurai,N/A,Marca: Samurai | Color: Negro | Material: Goma | Tipo de vehículo: Carro/Camioneta,https://http2.mlstatic.com/D_NQ_NP_2X_695954-MLV46108191202_052021-F.webp,https://articulo.mercadolibre.com.ve/MLV-579115365-lip-de-goma-para-parachoques-negro-o-fibra-de-carbono-negro-_JM,https://www.google.com/search?q=%22RS%20STORE%22%20Venezuela%20Barquisimeto%20(whatsapp%20OR%20instagram%20OR%20rif%20OR%20telefono%20OR%20tienda),Sí,2026-08-16T23:30:48.780Z
MLV562518732,Sensor Pare Neutro Optra Design Advance Limited Original Gm,23.2,4.8,255,1000,0,Sí,Vendido por INVERSIONESAUTOMOTRICESGLOBAL,MercadoLíder Platinum,N/A,500,10000,100,10,https://listado.mercadolibre.com.ve/_CustId_193445478,"Mun. Chacao (norte), Distrito Capital",Accesorios para Vehículos,Repuestos Carros y Camionetas > Otros,Accesorios para Vehículos > Repuestos Carros y Camionetas > Otros,GM,N/A,Marca: GM,https://http2.mlstatic.com/D_NQ_NP_2X_635571-MLV76947729175_062024-F.webp,https://articulo.mercadolibre.com.ve/MLV-562518732-sensor-pare-neutro-optra-design-advance-limited-original-gm-_JM,https://www.google.com/search?q=%22Vendido%20por%20INVERSIONESAUTOMOTRICESGLOBAL%22%20Venezuela%20Mun.%20Chacao%20(norte)%20(whatsapp%20OR%20instagram%20OR%20rif%20OR%20telefono%20OR%20tienda),Sí,2026-08-16T23:30:48.979Z
MLV506776826,Inyector De Fiat Palio Siena Uno Motor 1.3 Iwp 065 Garantia,13,4.8,148,1000,0,Sí,Vendido por -TODOINYECCION-,MercadoLíder Platinum,N/A,500,10000,100,14,https://listado.mercadolibre.com.ve/_CustId_10105703,"Mun. Baruta (este), Distrito Capital",Accesorios para Vehículos,Repuestos Carros y Camionetas > Inyección > Inyectores,Accesorios para Vehículos > Repuestos Carros y Camionetas > Inyección > Inyectores,Fulkon,METÁLICO ARO MORADO UN HUECO,Marca: Fulkon | Modelo: METÁLICO ARO MORADO UN HUECO | Número de pieza: IWP065 | Tipo de vehículo: Carro/Camioneta | Tipo de inyección: Multipunto | Tipo de combustible: Gasolina | Código OEM: IWP065,https://http2.mlstatic.com/D_NQ_NP_2X_708643-MLV74163724458_012024-F.webp,https://articulo.mercadolibre.com.ve/MLV-506776826-inyector-de-fiat-palio-siena-uno-motor-13-iwp-065-garantia-_JM,https://www.google.com/search?q=%22Vendido%20por%20-TODOINYECCION-%22%20Venezuela%20Mun.%20Baruta%20(este)%20(whatsapp%20OR%20instagram%20OR%20rif%20OR%20telefono%20OR%20tienda),Sí,2026-08-16T23:30:49.209Z
MLV468669500,Guardapolvo Corolla 2009 2010 2011 012 2013 2014 Fpi Thail,14.99,4.9,8,1000,0,Sí,CARROCERIAS ABOGCARS,MercadoLíder Platinum,8600,1000,10000,99,14,https://www.mercadolibre.com.ve/tienda/carrocerias-abogcars,"Barquisimeto, Lara",Accesorios para Vehículos,Repuestos Carros y Camionetas > Carrocería > Guardapolvos,Accesorios para Vehículos > Repuestos Carros y Camionetas > Carrocería > Guardapolvos,Toyota,N/A,Marca: Toyota | Número de pieza: 53876-02270 | Clips incluidos: No | Tipo de vehículo: Carro/Camioneta | Origen: Japón,https://http2.mlstatic.com/D_NQ_NP_2X_978700-MLV83412597292_042025-F.webp,https://articulo.mercadolibre.com.ve/MLV-468669500-guardapolvo-corolla-2009-2010-2011-012-2013-2014-fpi-thail-_JM,https://www.google.com/search?q=%22CARROCERIAS%20ABOGCARS%22%20Venezuela%20Barquisimeto%20(whatsapp%20OR%20instagram%20OR%20rif%20OR%20telefono%20OR%20tienda),Sí,2026-08-16T23:30:50.090Z
MLV578700176,Silicon Gris Alta Temperatura Mega Grey Americano Usa 85gr,5.16,4.8,651,1000,0,Sí,Autopartistas Certificados,MercadoLíder Platinum,1600,1000,50000,98,12,https://www.mercadolibre.com.ve/pagina/autopartes,"Mun. Chacao (sur), Distrito Capital",Accesorios para Vehículos,Repuestos Carros y Camionetas > Motor > Componentes de Motor > Otros,Accesorios para Vehículos > Repuestos Carros y Camionetas > Motor > Componentes de Motor > Otros,Mega Grey,N/A,Marca: Mega Grey | Número de pieza: 99943 | Tipo de vehículo: Carro/Camioneta | Código OEM: 99939 | Origen: Americana | Es inflamable: No,https://http2.mlstatic.com/D_NQ_NP_2X_859495-MLV85059734606_052025-F.webp,https://articulo.mercadolibre.com.ve/MLV-578700176-silicon-gris-alta-temperatura-mega-grey-americano-usa-85gr-_JM,https://www.google.com/search?q=%22Autopartistas%20Certificados%22%20Venezuela%20Mun.%20Chacao%20(sur)%20(whatsapp%20OR%20instagram%20OR%20rif%20OR%20telefono%20OR%20tienda),Sí,2026-08-16T23:30:50.286Z
MLV763374123,Emblema Texas Edition,7.5,5,0,1000,0,Sí,Pendiente,Pendiente,N/A,N/A,N/A,N/A,N/A,,Pendiente,N/A,N/A,N/A,N/A,N/A,N/A,https://http2.mlstatic.com/D_Q_NP_2X_742248-MLV77309641158_072024-E.webp,https://articulo.mercadolibre.com.ve/MLV-763374123-emblema-texas-edition-_JM,,No,2026-08-16T23:30:50.477Z
MLV563466010,Bujia Motorcraft Explorer/expedition Eddie Bauer Fx4 Sp509,2.25,4.8,51,1000,0,Sí,INVBUPAR,MercadoLíder Platinum,150,100,1000,100,9,https://www.mercadolibre.com.ve/pagina/invbupar,"Mun. Libertador (Oeste), Distrito Capital",Accesorios para Vehículos,Repuestos Carros y Camionetas > Encendido > Bujías > Otras Bujías,Accesorios para Vehículos > Repuestos Carros y Camionetas > Encendido > Bujías > Otras Bujías,Motorcraft,N/A,Marca: Motorcraft | Número de pieza: SP509,https://http2.mlstatic.com/D_NQ_NP_2X_738602-MLV84502507968_052025-F.webp,https://articulo.mercadolibre.com.ve/MLV-563466010-bujia-motorcraft-explorerexpedition-eddie-bauer-fx4-sp509-_JM,https://www.google.com/search?q=%22INVBUPAR%22%20Venezuela%20Mun.%20Libertador%20(Oeste)%20(whatsapp%20OR%20instagram%20OR%20rif%20OR%20telefono%20OR%20tienda),Sí,2026-08-16T23:30:51.961Z
MLV466640706,Inyector De Fiat Palio Siena Motores 1.8 Iwp 157 Fulkon,13,4.9,0,1000,0,Sí,Pendiente,Pendiente,N/A,N/A,N/A,N/A,N/A,,Pendiente,N/A,N/A,N/A,N/A,N/A,N/A,https://http2.mlstatic.com/D_Q_NP_2X_699993-MLV75960883078_052024-E.webp,https://articulo.mercadolibre.com.ve/MLV-466640706-inyector-de-fiat-palio-siena-motores-18-iwp-157-fulkon-_JM,,No,2026-08-16T23:30:52.174Z
MLV546203024,Cocuyo Mica Cruce Corolla 2000 2001 2002 Depo,7.5,4.9,0,1000,0,Sí,Pendiente,Pendiente,N/A,N/A,N/A,N/A,N/A,,Pendiente,N/A,N/A,N/A,N/A,N/A,N/A,https://http2.mlstatic.com/D_Q_NP_2X_902745-MLV82133359491_012025-E.webp,https://articulo.mercadolibre.com.ve/MLV-546203024-cocuyo-mica-cruce-corolla-2000-2001-2002-depo-_JM,,No,2026-08-16T23:30:53.014Z
MLV524187273,Microfiltros Universales 200 Y 400 O-rings Universales Nbr,24,4.9,196,1000,0,Sí,INVERSIONES NICOCARS,MercadoLíder Platinum,480,100,5000,100,20,https://www.mercadolibre.com.ve/pagina/inversionesnicocars,"Mun. El Hatillo (sur), Distrito Capital",Accesorios para Vehículos,Repuestos Carros y Camionetas > Inyección > Inyectores,Accesorios para Vehículos > Repuestos Carros y Camionetas > Inyección > Inyectores,Quality,Microfiltros Universal,Marca: Quality | Modelo: Microfiltros Universal | Número de pieza: MF09 | Tipo de vehículo: Carro/Camioneta | Tipo de inyección: Multipunto | Tipo de combustible: Gasolina | Código OEM: Microfiltros Universal,https://http2.mlstatic.com/D_NQ_NP_2X_805732-MLV53338848578_012023-F.webp,https://articulo.mercadolibre.com.ve/MLV-524187273-microfiltros-universales-200-y-400-o-rings-universales-nbr-_JM,https://www.google.com/search?q=%22INVERSIONES%20NICOCARS%22%20Venezuela%20Mun.%20El%20Hatillo%20(sur)%20(whatsapp%20OR%20instagram%20OR%20rif%20OR%20telefono%20OR%20tienda),Sí,2026-08-16T23:30:53.216Z
MLV466640707,Inyector De Renault Megane Symbol Clio Kangoo Scenic Iwp 143,13,4.8,0,1000,0,Sí,Pendiente,Pendiente,N/A,N/A,N/A,N/A,N/A,,Pendiente,N/A,N/A,N/A,N/A,N/A,N/A,https://http2.mlstatic.com/D_Q_NP_2X_922573-MLV74275259267_012024-E.webp,https://articulo.mercadolibre.com.ve/MLV-466640707-inyector-de-renault-megane-symbol-clio-kangoo-scenic-iwp-143-_JM,,No,2026-08-16T23:30:53.407Z
MLV701610831,"Manilla Interna Grand Vitara, Esteem Chana Jimmy Color Gris Delantera/trasera",4.99,4.9,0,1000,0,Sí,Pendiente,Pendiente,N/A,N/A,N/A,N/A,N/A,,Pendiente,N/A,N/A,N/A,N/A,N/A,N/A,https://http2.mlstatic.com/D_Q_NP_2X_678456-MLV97112822862_112025-E.webp,https://articulo.mercadolibre.com.ve/MLV-701610831-manilla-interna-grand-vitara-esteem-chana-jimmy-color-gris-delanteratrasera-_JM,,No,2026-08-16T23:30:53.613Z
MLV749005687,Luz De Placa Led Para Silverado Cheyenne Avalanche Tahoe,9,4.8,177,1000,0,Sí,RS STORE,MercadoLíder Platinum,7500,100,50000,99,12,https://www.mercadolibre.com.ve/tienda/rs-store,"Barquisimeto, Lara",Accesorios para Vehículos,Repuestos Carros y Camionetas > Iluminación > Faros > Faros de tres Stop,Accesorios para Vehículos > Repuestos Carros y Camionetas > Iluminación > Faros > Faros de tres Stop,RS AUTO PARTS,N/A,Marca: RS AUTO PARTS | Tipo de iluminación: Led | Tipo de vehículo: Carro/Camioneta | Cantidad de lámparas: 2,https://http2.mlstatic.com/D_NQ_NP_2X_782870-MLV72038671176_102023-F.webp,https://articulo.mercadolibre.com.ve/MLV-749005687-luz-de-placa-led-para-silverado-cheyenne-avalanche-tahoe-_JM,https://www.google.com/search?q=%22RS%20STORE%22%20Venezuela%20Barquisimeto%20(whatsapp%20OR%20instagram%20OR%20rif%20OR%20telefono%20OR%20tienda),Sí,2026-08-16T23:30:53.795Z
MLV742120927,Taquetes Ford Explorer F150 F350 Fx4 4.6 Y 5.4 3v,4.99,4.9,0,1000,0,Sí,Pendiente,Pendiente,N/A,N/A,N/A,N/A,N/A,,Pendiente,N/A,N/A,N/A,N/A,N/A,N/A,https://http2.mlstatic.com/D_Q_NP_2X_632781-MLV103477456816_012026-E.webp,https://articulo.mercadolibre.com.ve/MLV-742120927-taquetes-ford-explorer-f150-f350-fx4-46-y-54-3v-_JM,,No,2026-08-16T23:30:54.008Z
MLV717097778,"Luces Bombillos Led Carro Camioneta Moto H1 H3 H4 H7 H11 H13 H1, H3, H4, H7, H11, H13.",6.99,4.7,0,1000,0,Sí,Pendiente,Pendiente,N/A,N/A,N/A,N/A,N/A,,Pendiente,N/A,N/A,N/A,N/A,N/A,N/A,https://http2.mlstatic.com/D_Q_NP_2X_891111-MLV50203437454_062022-E.webp,https://articulo.mercadolibre.com.ve/MLV-717097778-luces-bombillos-led-carro-camioneta-moto-h1-h3-h4-h7-h11-h13-h1-h3-h4-h7-h11-h13-_JM,,No,2026-08-16T23:30:54.241Z
MLV737268407,Aceite Ultralub Semisintético Sq 15w-40 Pack 5,67.51,5,2,1000,0,Sí,Ultralub,MercadoLíder Platinum,190,25,5000,98,9,https://www.mercadolibre.com.ve/pagina/ultralub,"Mun. Libertador (Noreste), Distrito Capital",Accesorios para Vehículos,Lubricantes y Fluidos > Autos y Camionetas > Aceites > Para Motor,Accesorios para Vehículos > Lubricantes y Fluidos > Autos y Camionetas > Aceites > Para Motor,Ultralub,N/A,Marca: Ultralub | Línea: SQ | Grado de viscosidad: 15W-40 SQ | Volumen de la unidad: 1 L | Volumen neto: 1 L | Cantidad de packs: 5 | Formato de venta: Unidad | Tipo de contenedor: Envase | Modelo detallado: envase 1L | Tipo de aceite de motor: Semi-sintético | Tipo de vehículo: Carro/Camioneta,https://http2.mlstatic.com/D_NQ_NP_2X_622569-MLV105974617308_022026-F.webp,https://articulo.mercadolibre.com.ve/MLV-737268407-aceite-ultralub-semisintetico-sq-15w-40-pack-5-_JM,https://www.google.com/search?q=%22Ultralub%22%20Venezuela%20Mun.%20Libertador%20(Noreste)%20(whatsapp%20OR%20instagram%20OR%20rif%20OR%20telefono%20OR%20tienda),Sí,2026-08-16T23:30:54.445Z
MLV576308191,Taquetes Ford Fiesta Power Max Move Balita Ka Ecosport 1.6,3.99,4.7,96,1000,0,Sí,Full Repuestos Ceiba,MercadoLíder Platinum,2700,1000,50000,98,9,https://www.mercadolibre.com.ve/tienda/full-repuestos-ceiba,"Mun. Libertador (Centro), Distrito Capital",...,Repuestos Carros y Camionetas > Motor > Componentes de Motor > Block de Motores > Taquetes de Motor,... > Repuestos Carros y Camionetas > Motor > Componentes de Motor > Block de Motores > Taquetes de Motor,Ford,N/A,Marca: Ford | Número de pieza: XS6E-6C501-AC | Tipo de vehículo: Carro/Camioneta,https://http2.mlstatic.com/D_NQ_NP_2X_910684-MLV45176306837_032021-F.webp,https://articulo.mercadolibre.com.ve/MLV-576308191-taquetes-ford-fiesta-power-max-move-balita-ka-ecosport-16-_JM,https://www.google.com/search?q=%22Full%20Repuestos%20Ceiba%22%20Venezuela%20Mun.%20Libertador%20(Centro)%20(whatsapp%20OR%20instagram%20OR%20rif%20OR%20telefono%20OR%20tienda),Sí,2026-08-16T23:30:54.624Z
MLV503573654,Medidor Voltimetro Digital Led Universal 12v 24v Para Carro,3,4.7,0,1000,0,Sí,Pendiente,Pendiente,N/A,N/A,N/A,N/A,N/A,,Pendiente,N/A,N/A,N/A,N/A,N/A,N/A,https://http2.mlstatic.com/D_Q_NP_2X_997874-MLV31370501562_072019-E.webp,https://articulo.mercadolibre.com.ve/MLV-503573654-medidor-voltimetro-digital-led-universal-12v-24v-para-carro-_JM,,No,2026-08-16T23:30:54.810Z
MLV729369085,Aceite De Transmisión Mopar Atf+4 Alcosto Jeep Original,13.99,4.8,243,1000,0,Sí,TUSHOPHERE,MercadoLíder Platinum,390,100,10000,99,6,https://www.mercadolibre.com.ve/pagina/tushophere,"Mun. Chacao (sur), Distrito Capital",Accesorios para Vehículos,Lubricantes y Fluidos > Autos y Camionetas > Aceites > Para Transmisión Manual,Accesorios para Vehículos > Lubricantes y Fluidos > Autos y Camionetas > Aceites > Para Transmisión Manual,Mopar,Original,Marca: Mopar | Modelo: Original | Tipo de vehículo: Carro/Camioneta | Grado de viscosidad: ATF+4 | Volumen de la unidad: 946 mL | Tipo de contenedor: Plástico | Tipo de aceite de transmisión: Sintético,https://http2.mlstatic.com/D_NQ_NP_2X_721791-MLV69614701641_052023-F.webp,https://articulo.mercadolibre.com.ve/MLV-729369085-aceite-de-transmision-mopar-atf4-alcosto-jeep-original-_JM,https://www.google.com/search?q=%22TUSHOPHERE%22%20Venezuela%20Mun.%20Chacao%20(sur)%20(whatsapp%20OR%20instagram%20OR%20rif%20OR%20telefono%20OR%20tienda),Sí,2026-08-16T23:30:55.051Z
MLV721212638,Emblema Volante Toyota Yaris Corolla Hilux 4runner Fortuner,5,4.7,0,1000,0,Sí,Pendiente,Pendiente,N/A,N/A,N/A,N/A,N/A,,Pendiente,N/A,N/A,N/A,N/A,N/A,N/A,https://http2.mlstatic.com/D_Q_NP_2X_966845-MLV50959689277_082022-E.webp,https://articulo.mercadolibre.com.ve/MLV-721212638-emblema-volante-toyota-yaris-corolla-hilux-4runner-fortuner-_JM,,No,2026-08-16T23:30:55.254Z
MLV707606728,Manilla Externa Toyota Corolla 1999 2000 2001 2002,8.99,4.8,0,1000,0,Sí,Pendiente,Pendiente,N/A,N/A,N/A,N/A,N/A,,Pendiente,N/A,N/A,N/A,N/A,N/A,N/A,https://http2.mlstatic.com/D_Q_NP_2X_603028-MLV89826849688_082025-E.webp,https://articulo.mercadolibre.com.ve/MLV-707606728-manilla-externa-toyota-corolla-1999-2000-2001-2002-_JM,,No,2026-08-16T23:30:55.445Z
MLV553574139,Manilla Externa Delantera Trasera Hyundai Accent Der Izq,5.99,4.8,288,1000,0,Sí,RS STORE,MercadoLíder Platinum,7500,100,50000,99,12,https://www.mercadolibre.com.ve/tienda/rs-store,"Barquisimeto, Lara",Accesorios para Vehículos,Repuestos Carros y Camionetas > Carrocería > Manillas > Otras,Accesorios para Vehículos > Repuestos Carros y Camionetas > Carrocería > Manillas > Otras,N/A,N/A,N/A,https://http2.mlstatic.com/D_NQ_NP_2X_834573-MLV41669476957_052020-F.webp,https://articulo.mercadolibre.com.ve/MLV-553574139-manilla-externa-delantera-trasera-hyundai-accent-der-izq-_JM,https://www.google.com/search?q=%22RS%20STORE%22%20Venezuela%20Barquisimeto%20(whatsapp%20OR%20instagram%20OR%20rif%20OR%20telefono%20OR%20tienda),Sí,2026-08-16T23:30:55.666Z
MLV758933584,Goma Tope Protector Puertas Chevrolet Toyota Ford Kia Honda,5.69,4.9,0,1000,0,Sí,Pendiente,Pendiente,N/A,N/A,N/A,N/A,N/A,,Pendiente,N/A,N/A,N/A,N/A,N/A,N/A,https://http2.mlstatic.com/D_Q_NP_2X_970333-MLV81825262316_012025-E.webp,https://articulo.mercadolibre.com.ve/MLV-758933584-goma-tope-protector-puertas-chevrolet-toyota-ford-kia-honda-_JM,,No,2026-08-16T23:30:56.838Z
MLV737324572,Aceite Ultralub Sq 15w-40 Semisintético Pack 6,80,4.9,0,1000,0,Sí,Pendiente,Pendiente,N/A,N/A,N/A,N/A,N/A,,Pendiente,N/A,N/A,N/A,N/A,N/A,N/A,https://http2.mlstatic.com/D_Q_NP_2X_727140-MLV106502850367_022026-E.webp,https://articulo.mercadolibre.com.ve/MLV-737324572-aceite-ultralub-sq-15w-40-semisintetico-pack-6-_JM,,No,2026-08-16T23:30:56.984Z
MLV759023618,Aceite Caja Automatica Dexron Atf3 Atf4 Atf5 Atf6 At7 Mercon,9.1,5,4,1000,0,Sí,Aiko Repuestos,MercadoLíder Platinum,16000,1000,50000,98,8,https://www.mercadolibre.com.ve/tienda/aiko-repuestos,"Mun. Libertador (Sur), Distrito Capital",Accesorios para Vehículos,Lubricantes y Fluidos > Autos y Camionetas > Aceites > Para Cajas Automáticas,Accesorios para Vehículos > Lubricantes y Fluidos > Autos y Camionetas > Aceites > Para Cajas Automáticas,E.L.F,Aceite ATF Mercon Dexron API SERVICE SP ATF3 ATF4 ATF5 ATF6 ATF7 ATF7 DIRECCION HIDRAULICA TRANSMISION CAJAS AUTOMATICAS BOMBIN,Marca: E.L.F | Tipo de vehículo: Carro/Camioneta | Modelo: Aceite ATF Mercon Dexron API SERVICE SP ATF3 ATF4 ATF5 ATF6 ATF7 ATF7 DIRECCION HIDRAULICA TRANSMISION CAJAS AUTOMATICAS BOMBIN | Grado de viscosidad: CAJAS AUTOMATICAS | Tipo de aceite: Sintético | Volumen: 1 L | Tipo de contenedor: Envase,https://http2.mlstatic.com/D_NQ_NP_2X_892077-MLV80591410369_112024-F.webp,https://articulo.mercadolibre.com.ve/MLV-759023618-aceite-caja-automatica-dexron-atf3-atf4-atf5-atf6-at7-mercon-_JM,https://www.google.com/search?q=%22Aiko%20Repuestos%22%20Venezuela%20Mun.%20Libertador%20(Sur)%20(whatsapp%20OR%20instagram%20OR%20rif%20OR%20telefono%20OR%20tienda),Sí,2026-08-16T23:30:57.197Z
MLV535272507,Inyector Para Ford Fiesta Power 1.6 Del 2003 Al 2009 Iwp 127,13,4.8,0,1000,0,Sí,Pendiente,Pendiente,N/A,N/A,N/A,N/A,N/A,,Pendiente,N/A,N/A,N/A,N/A,N/A,N/A,https://http2.mlstatic.com/D_Q_NP_2X_685387-MLV74162252408_012024-E.webp,https://articulo.mercadolibre.com.ve/MLV-535272507-inyector-para-ford-fiesta-power-16-del-2003-al-2009-iwp-127-_JM,,No,2026-08-16T23:30:57.870Z
MLV711053350,Receptor Bluetooth Auxiliar 3.5mm Carro Manos Libres Audio,3,4.2,17,1000,0,Sí,SCAROLA IMPORT,N/A,4200,500,50000,98,6,https://www.mercadolibre.com.ve/pagina/scarolaimport,"Mun. Sucre (este), Distrito Capital",Accesorios para Vehículos,Audio para Vehículos > Equipos de Audio > Accesorios > Adaptadores,Accesorios para Vehículos > Audio para Vehículos > Equipos de Audio > Accesorios > Adaptadores,Bluetooth Music,Bluetooth Car,Marca: Bluetooth Music | Modelo: Bluetooth Car | Dimensiones estándar del estéreo: 1 DIN | Material: ABS | Altura exterior: 5 cm | Ancho exterior: 2 cm | Largo exterior: 2 cm,https://http2.mlstatic.com/D_NQ_NP_2X_986275-MLV77494019650_072024-F.webp,https://articulo.mercadolibre.com.ve/MLV-711053350-receptor-bluetooth-auxiliar-35mm-carro-manos-libres-audio-_JM,https://www.google.com/search?q=%22SCAROLA%20IMPORT%22%20Venezuela%20Mun.%20Sucre%20(este)%20(whatsapp%20OR%20instagram%20OR%20rif%20OR%20telefono%20OR%20tienda),Sí,2026-08-16T23:30:57.994Z
MLV808754406,Aceite Semi Sintético Motul 15w40 4100 1lt,15.49,4.9,0,1000,0,Sí,Pendiente,Pendiente,N/A,N/A,N/A,N/A,N/A,,Pendiente,N/A,N/A,N/A,N/A,N/A,N/A,https://http2.mlstatic.com/D_Q_NP_2X_953720-MLV78558522714_082024-E.webp,https://articulo.mercadolibre.com.ve/MLV-808754406-aceite-semi-sintetico-motul-15w40-4100-1lt-_JM,,No,2026-08-16T23:30:58.187Z
MLV711427385,Bornes Terminal Bateria Dexconecion Rapida Cobre Estañado,7,4.8,354,1000,0,Sí,AUTO ACCESORIOS DEL CENTRO,MercadoLíder Platinum,3200,100,10000,100,10,https://www.mercadolibre.com.ve/pagina/auto_accesorios_del_centro6506,"Barquisimeto, Lara",Accesorios para Vehículos,Repuestos Carros y Camionetas > Baterías,Accesorios para Vehículos > Repuestos Carros y Camionetas > Baterías,Bornes,Tunig,Marca: Bornes | Número de pieza: 3 | Modelo: Tunig | Tipo de vehículo: Carro/Camioneta | Material: Cobre estañado | Origen: China Clase A | Voltaje: 12.24V | Capacidad de la batería: 1.400 Ah | CCA: 1.500 A | Ancho x Largo x Altura: 3.5 cm x 4.5 cm x 1.5 cm | Peso: 220 g | Volumen de electrolito: 100 mL | Con encendido star-stop: No,https://http2.mlstatic.com/D_NQ_NP_2X_863568-MLV81808258856_012025-F.webp,https://articulo.mercadolibre.com.ve/MLV-711427385-bornes-terminal-bateria-dexconecion-rapida-cobre-estanado-_JM,https://www.google.com/search?q=%22AUTO%20ACCESORIOS%20DEL%20CENTRO%22%20Venezuela%20Barquisimeto%20(whatsapp%20OR%20instagram%20OR%20rif%20OR%20telefono%20OR%20tienda),Sí,2026-08-16T23:30:58.822Z
MLV578571783,Aceite Semisintético 15w40 Motul 4100 2100  Chacao,16.99,4.9,0,1000,0,Sí,Pendiente,Pendiente,N/A,N/A,N/A,N/A,N/A,,Pendiente,N/A,N/A,N/A,N/A,N/A,N/A,https://http2.mlstatic.com/D_Q_NP_2X_995850-MLV85299073288_062025-E.webp,https://articulo.mercadolibre.com.ve/MLV-578571783-aceite-semisintetico-15w40-motul-4100-2100-chacao-_JM,,No,2026-08-16T23:30:58.970Z
MLV582818444,Switch Suiche Botón Subir Vidrio Ford Fiesta Power Max Move,8.83,4.8,0,1000,0,Sí,Pendiente,Pendiente,N/A,N/A,N/A,N/A,N/A,,Pendiente,N/A,N/A,N/A,N/A,N/A,N/A,https://http2.mlstatic.com/D_Q_NP_2X_896628-MLA95027737134_102025-E.webp,https://articulo.mercadolibre.com.ve/MLV-582818444-switch-suiche-boton-subir-vidrio-ford-fiesta-power-max-move-_JM,,No,2026-08-16T23:30:59.172Z
MLV741207156,Bujia Camaro Chevrolet Motor 205 - 302 - 305 - 350 V8 Malibu,2,4.8,121,1000,0,Sí,Vendido por MULTIREPUESTOS298,MercadoLíder Platinum,N/A,10000,50000,99,10,https://listado.mercadolibre.com.ve/_CustId_218724581,"Mun. Baruta (central), Distrito Capital",Accesorios para Vehículos,Repuestos Carros y Camionetas > Encendido > Bujías > Otras Bujías,Accesorios para Vehículos > Repuestos Carros y Camionetas > Encendido > Bujías > Otras Bujías,Champion,N/A,Marca: Champion | Número de pieza: BL15Y | Tipo de vehículo: Carro/Camioneta | Código OEM: BL15Y | Origen: No aplica | Material del núcleo: Cobre | Cantidad de llaves: 1 | Ángulo máximo de apertura: 1° | Incluye herrajes de montaje: Sí | Cantidad de agujeros de montaje: 1 | Material: No Aplica | Es inflamable: No,https://http2.mlstatic.com/D_NQ_NP_2X_781386-MLV97826737853_112025-F.webp,https://articulo.mercadolibre.com.ve/MLV-741207156-bujia-camaro-chevrolet-motor-205-302-305-350-v8-malibu-_JM,https://www.google.com/search?q=%22Vendido%20por%20MULTIREPUESTOS298%22%20Venezuela%20Mun.%20Baruta%20(central)%20(whatsapp%20OR%20instagram%20OR%20rif%20OR%20telefono%20OR%20tienda),Sí,2026-08-16T23:30:59.373Z
MLV531765604,Cocuyos Cruce Corolla Baby Camry 94 Al 98 Thailandes,7.99,4.8,157,1000,0,Sí,TOYO CARROCERIAS,MercadoLíder Platinum,8400,500,10000,100,16,https://www.mercadolibre.com.ve/tienda/toyo-carrocerias,"Barquisimeto, Lara",Accesorios para Vehículos,Repuestos Carros y Camionetas > Iluminación > Faros > Faros de tres Stop,Accesorios para Vehículos > Repuestos Carros y Camionetas > Iluminación > Faros > Faros de tres Stop,ILAMP,N/A,Marca: ILAMP | Ubicación: Inferior derecha | Tipo de iluminación: Halógeno | Tipo de vehículo: Carro/Camioneta,https://http2.mlstatic.com/D_NQ_NP_2X_959603-MLV78215402275_082024-F.webp,https://articulo.mercadolibre.com.ve/MLV-531765604-cocuyos-cruce-corolla-baby-camry-94-al-98-thailandes-_JM,https://www.google.com/search?q=%22TOYO%20CARROCERIAS%22%20Venezuela%20Barquisimeto%20(whatsapp%20OR%20instagram%20OR%20rif%20OR%20telefono%20OR%20tienda),Sí,2026-08-16T23:31:00.037Z
MLV765025849,400 Grapas Clips Ganchos Carrocería Tapicería Automotriz Negro,6.99,4.7,425,1000,0,Sí,SCAROLA IMPORT,N/A,4200,500,50000,98,6,https://www.mercadolibre.com.ve/pagina/scarolaimport,"Mun. Sucre (este), Distrito Capital",Accesorios para Vehículos,Acc. para Carros y Camionetas > Accesorios de Interior > Alfombras,Accesorios para Vehículos > Acc. para Carros y Camionetas > Accesorios de Interior > Alfombras,Universal,N/A,Marca: Universal | Número de pieza: GRAPAS | Color: Negro | Material: ABS | Tipo de vehículo: Carro/Camioneta,https://http2.mlstatic.com/D_NQ_NP_2X_841038-MLV78386215767_082024-F.webp,https://articulo.mercadolibre.com.ve/MLV-765025849-400-grapas-clips-ganchos-carroceria-tapiceria-automotriz-negro-_JM,https://www.google.com/search?q=%22SCAROLA%20IMPORT%22%20Venezuela%20Mun.%20Sucre%20(este)%20(whatsapp%20OR%20instagram%20OR%20rif%20OR%20telefono%20OR%20tienda),Sí,2026-08-16T23:31:00.947Z
MLV756653768,Reloj Medidor De Gasolina Universal Para Vehiculos,14.98,4.7,0,1000,0,Sí,Pendiente,Pendiente,N/A,N/A,N/A,N/A,N/A,,Pendiente,N/A,N/A,N/A,N/A,N/A,N/A,https://http2.mlstatic.com/D_Q_NP_2X_783420-MLV69913739681_062023-E.webp,https://articulo.mercadolibre.com.ve/MLV-756653768-reloj-medidor-de-gasolina-universal-para-vehiculos-_JM,,No,2026-08-16T23:31:01.179Z
MLV566791754,Guardapolvo De Corolla 2009 2010 2011 2012 2013 2014,14.99,4.8,0,1000,0,Sí,Pendiente,Pendiente,N/A,N/A,N/A,N/A,N/A,,Pendiente,N/A,N/A,N/A,N/A,N/A,N/A,https://http2.mlstatic.com/D_Q_NP_2X_852567-MLV88563869054_072025-E.webp,https://articulo.mercadolibre.com.ve/MLV-566791754-guardapolvo-de-corolla-2009-2010-2011-2012-2013-2014-_JM,,No,2026-08-16T23:31:01.383Z
MLV480825177,Guardapolvo Corolla 2003 2004 2005 2006 2007 2008 Original,14.99,4.8,220,1000,0,Sí,TOYO CARROCERIAS,MercadoLíder Platinum,8400,500,10000,100,16,https://www.mercadolibre.com.ve/tienda/toyo-carrocerias,"Barquisimeto, Lara",Accesorios para Vehículos,Repuestos Carros y Camionetas > Carrocería > Guardapolvos,Accesorios para Vehículos > Repuestos Carros y Camionetas > Carrocería > Guardapolvos,Toyota,N/A,Marca: Toyota | Clips incluidos: Sí | Tipo de vehículo: Carro/Camioneta | Origen: THAILANDIA,https://http2.mlstatic.com/D_NQ_NP_2X_994521-MLV78013959528_082024-F.webp,https://articulo.mercadolibre.com.ve/MLV-480825177-guardapolvo-corolla-2003-2004-2005-2006-2007-2008-original-_JM,https://www.google.com/search?q=%22TOYO%20CARROCERIAS%22%20Venezuela%20Barquisimeto%20(whatsapp%20OR%20instagram%20OR%20rif%20OR%20telefono%20OR%20tienda),Sí,2026-08-16T23:31:01.567Z
MLV976205954,Creatina Nutrex 60servicios Sin Sabor,15.5,0,0,1000,0,Sí,Pendiente,Pendiente,N/A,N/A,N/A,N/A,N/A,,Pendiente,N/A,N/A,N/A,N/A,N/A,N/A,https://http2.mlstatic.com/D_Q_NP_2X_919750-MLV108165059824_032026-E.webp,https://articulo.mercadolibre.com.ve/MLV-976205954-creatina-nutrex-60servicios-sin-sabor-_JM,,No,2026-08-16T23:31:01.769Z
MLV764647032,Router Wifi Tenda Dual Band Ac1200 Gamer Fibraoptica Gigabit,28.8,4.9,642,1000,0,Sí,DISTGAMAX,MercadoLíder Platinum,920,500,10000,100,8,https://www.mercadolibre.com.ve/pagina/tendavzla,"Los Teques, Miranda",Computación,Conectividad y Redes > Routers y Access Points,Computación > Conectividad y Redes > Routers y Access Points,Tenda,AC8,"Marca: Tenda | Modelo: AC8 | Color: Negro | Cantidad de antenas externas: 4 | Formato de venta: Unidad | Velocidad inalámbrica: 0 Mbps | Frecuencias: 2.4ghz, 5ghz | Tipo de frecuencia: Banda doble | Velocidad inalámbrica 0 Mbps | Frecuencias 2.4ghz, 5ghz",https://http2.mlstatic.com/D_NQ_NP_2X_699245-MLV111996721439_052026-F.webp,https://articulo.mercadolibre.com.ve/MLV-764647032-router-wifi-tenda-dual-band-ac1200-gamer-fibraoptica-gigabit-_JM,https://www.google.com/search?q=%22DISTGAMAX%22%20Venezuela%20Los%20Teques%20(whatsapp%20OR%20instagram%20OR%20rif%20OR%20telefono%20OR%20tienda),Sí,2026-08-16T23:31:02.383Z
MLV571842719,Medias De Compresion Unisex 15 20 Mmhg,4.97,4.8,0,1000,0,Sí,Pendiente,Pendiente,N/A,N/A,N/A,N/A,N/A,,Pendiente,N/A,N/A,N/A,N/A,N/A,N/A,https://http2.mlstatic.com/D_Q_NP_2X_905009-MLV103651987984_012026-E.webp,https://articulo.mercadolibre.com.ve/MLV-571842719-medias-de-compresion-unisex-15-20-mmhg-_JM,,No,2026-08-16T23:31:02.509Z
MLV769756118,Bolso Morral Bandolero Tactico Militar Impermeable,14.25,4.9,707,1000,0,Sí,INVERSIONES RL,MercadoLíder Platinum,2300,100,10000,99,8,https://www.mercadolibre.com.ve/pagina/ronald.mpcoopsitelme,"Mun. Sucre (sur), Distrito Capital","Ropa, Zapatos y Accesorios",Equipaje y Bolsos > Morrales,"Ropa, Zapatos y Accesorios > Equipaje y Bolsos > Morrales",Genérica,Mochila Bandolera Deportiva Backpack,"Marca: Genérica | Modelo: Mochila Bandolera Deportiva Backpack | Tipo de mochila: Táctica | Edad: Adultos | Género: Hombre | Tipos de cierre: Si | Con correa abdominal: No | Con correa de pecho: Sí | Cantidad de bolsillos: 5 | Con bolsillo para botella: No | Altura x Ancho x Profundidad: 27 cm x 18 cm x 12 cm | Peso: 350 g | Materiales: Nylon, Tela | Es a prueba de agua: Sí | Es reforzada: Sí | Con puerto USB: Sí | Con salida para auriculares: No | Marca: Genérica | Género: Hombre | Altura: 27 cm | Tipo de mochila: Táctica | Ancho: 18 cm | Es a prueba de agua: Sí",https://http2.mlstatic.com/D_NQ_NP_2X_776776-MLV71736526964_092023-F.webp,https://articulo.mercadolibre.com.ve/MLV-769756118-bolso-morral-bandolero-tactico-militar-impermeable-_JM,https://www.google.com/search?q=%22INVERSIONES%20RL%22%20Venezuela%20Mun.%20Sucre%20(sur)%20(whatsapp%20OR%20instagram%20OR%20rif%20OR%20telefono%20OR%20tienda),Sí,2026-08-16T23:31:02.729Z
MLV798705670,Papel Autoadhesivo Fotografico Brillante A4 Tinec 50h 135g Blanco,9,4.9,286,1000,0,Sí,Vendido por TIENDA DUPER,N/A,N/A,1000,5000,98,23,https://listado.mercadolibre.com.ve/_CustId_25868772,"Valencia (Valencia), Carabobo","Arte, Papelería y Mercería",Papelería > Comercial y Oficina > Papeles para Impresión,"Arte, Papelería y Mercería > Papelería > Comercial y Oficina > Papeles para Impresión",Tinec,N/A,Marca: Tinec | Tamaño del papel: A4 | Tipo de papel: Fotográfico | Color: Blanco | Cantidad de hojas: 50 | Gramaje: 135 g | Formato de venta: Unidad | Peso: 135 kg | Acabado: Brillante,https://http2.mlstatic.com/D_NQ_NP_2X_948599-MLV76735123638_062024-F.webp,https://articulo.mercadolibre.com.ve/MLV-798705670-papel-autoadhesivo-fotografico-brillante-a4-tinec-50h-135g-blanco-_JM,https://www.google.com/search?q=%22Vendido%20por%20TIENDA%20DUPER%22%20Venezuela%20Valencia%20(Valencia)%20(whatsapp%20OR%20instagram%20OR%20rif%20OR%20telefono%20OR%20tienda),Sí,2026-08-16T23:31:06.692Z
MLV581994339,Audífonos Inalámbricos Bluetooth Fm Sd Mp3 Auxiliar,7.99,4.6,542,1000,0,Sí,SAMBUL,MercadoLíder Platinum,1700,100,10000,99,12,https://www.mercadolibre.com.ve/tienda/sambul,"Araure, Portuguesa","Electrónica, Audio y Video",Audio > Audífonos,"Electrónica, Audio y Video > Audio > Audífonos",P47,N/A,Fabricante: Wireless | Marca: P47 | Con micrófono: Sí | Con reproductor de MP3: Sí | Con radio FM: Sí | Con luz LED: No | Es inalámbrico: Sí | Con Bluetooth: Sí | Es inalámbrico: Sí | Con luz LED: No | Con micrófono: Sí,https://http2.mlstatic.com/D_NQ_NP_2X_648869-MLV69642304868_052023-F.webp,https://articulo.mercadolibre.com.ve/MLV-581994339-audifonos-inalambricos-bluetooth-fm-sd-mp3-auxiliar-_JM,https://www.google.com/search?q=%22SAMBUL%22%20Venezuela%20Araure%20(whatsapp%20OR%20instagram%20OR%20rif%20OR%20telefono%20OR%20tienda),Sí,2026-08-16T23:31:07.314Z
MLV825481706,Cámara Tipo Bombillo Base E27 Ip Wifi Ptz 2mp Hd App Blanco,11.99,0,0,1000,0,Sí,Pendiente,Pendiente,N/A,N/A,N/A,N/A,N/A,,Pendiente,N/A,N/A,N/A,N/A,N/A,N/A,https://http2.mlstatic.com/D_Q_NP_2X_833495-MLV96640754424_112025-E.webp,https://articulo.mercadolibre.com.ve/MLV-825481706-camara-tipo-bombillo-base-e27-ip-wifi-ptz-2mp-hd-app-blanco-_JM,,No,2026-08-16T23:31:07.861Z
MLV739418396,Tester Multimetro Digital,5.65,4.7,1017,1000,0,Sí,ASU IMPORT,MercadoLíder Platinum,60,25,10000,99,12,https://www.mercadolibre.com.ve/pagina/asurepuesto,"Barinas (Barinas), Barinas",Herramientas,Testers y Equipos de Medición > Medidores de Electricidad > Multímetros,Herramientas > Testers y Equipos de Medición > Medidores de Electricidad > Multímetros,Digital Multimetro,Xl830l,Marca: Digital Multimetro | Modelo: Xl830l | Tipo de pantalla: Digital | Tensión máxima CA: 600V | Corriente máxima CA: 200 mA | Es a prueba de agua: No | Tipos de alimentación: Batería de 9V | Peso: 210 g,https://http2.mlstatic.com/D_NQ_NP_2X_798550-MLV83026884246_032025-F.webp,https://articulo.mercadolibre.com.ve/MLV-739418396-tester-multimetro-digital-_JM,https://www.google.com/search?q=%22ASU%20IMPORT%22%20Venezuela%20Barinas%20(Barinas)%20(whatsapp%20OR%20instagram%20OR%20rif%20OR%20telefono%20OR%20tienda),Sí,2026-08-16T23:31:10.173Z
MLV841388964,Juego De Destornilladores Precision 115 Piezas,6.99,4.8,707,1000,0,Sí,CIUDADTECNOLOGICA ISORA,MercadoLíder Platinum,1300,N/A,5000,99,12,https://www.mercadolibre.com.ve/pagina/ciudadtecnologicaisora,"Valencia (Valencia), Carabobo",Herramientas,Herramientas Manuales > Fijación > Destornilladores,Herramientas > Herramientas Manuales > Fijación > Destornilladores,UNIVESAL,De Precision,Marca: UNIVESAL | Modelo: De Precision | Formato de venta: Unidad | Forma de la punta: P,https://http2.mlstatic.com/D_NQ_NP_2X_823898-MLV84204833883_042025-F.webp,https://articulo.mercadolibre.com.ve/MLV-841388964-juego-de-destornilladores-precision-115-piezas-_JM,https://www.google.com/search?q=%22CIUDADTECNOLOGICA%20ISORA%22%20Venezuela%20Valencia%20(Valencia)%20(whatsapp%20OR%20instagram%20OR%20rif%20OR%20telefono%20OR%20tienda),Sí,2026-08-16T23:31:10.990Z
MLV742164024,Audifonos In Ears Qkz Ak6 Monitor Originales Bcv+enviogratis,6.7,4.7,453,1000,0,Sí,N3 TECHNOLOGY,MercadoLíder Platinum,1400,50,10000,99,10,https://www.mercadolibre.com.ve/pagina/n3technology7872,"Valencia (Valencia), Carabobo","Electrónica, Audio y Video",Audio > Audífonos,"Electrónica, Audio y Video > Audio > Audífonos",Ak6,AK6,"Fabricante: QKZ | Marca: Ak6 | Línea: AK6 | Modelo: AK6 | Modelo alfanumérico: M2104E1 | Con micrófono: Sí | Con modo manos libres: Sí | Con micrófono desmontable: No | Con micrófono flexible: No | Orientaciones del micrófono: Derecha | Unidad de diafragma: 1,2 cm | Impedancia: 32 Ω | Respuesta en frecuencia: 20 Hz - 20000 Hz | Sensibilidad: 35 dB | Duración de la batería del audífono: 5 h | Capacidad de la batería del audífono: 0 mAh | Capacidad de la batería del estuche de carga: 0 mAh | Incluye estuche de carga: Sí | Tiempo de carga del audífono: 2 h | Con sensor de proximidad: Sí | Cantidad de micrófonos: 2 | Funciones de control: Control de canciones, Control de llamadas | Configuración de canales: No | Formato del audífono: In-ear | Es monoaural: No | Es inalámbrico: No | Con Bluetooth: No | Alcance inalámbrico: 10 m | Con tecnología TWS: Sí | Tipos de conectores: 3.5 mm | Versión de Bluetooth: no | Tamaño de la memoria: 0 MB | Largo del cable: 10 cm | Con reproductor de MP3: No | Con radio FM: No | Con cable desmontable: No | Con asistentes de voz integrados: Sí | Asistentes de voz integrados: Xiao Ai | Usos aptos: Oficina | Accesorios incluidos: Almohadillas, Cable de carga USB-C, Manual | Es resistente al agua: Sí | Es a prueba de agua: No | Es resistente al polvo: Sí | Clasificación IP: IP54 | Es inalámbrico: No | Con micrófono: Sí | Es resistente al agua: Sí | Duración de la batería: 5 h",https://http2.mlstatic.com/D_NQ_NP_2X_977104-MLV82449922839_022025-F.webp,https://articulo.mercadolibre.com.ve/MLV-742164024-audifonos-in-ears-qkz-ak6-monitor-originales-bcvenviogratis-_JM,https://www.google.com/search?q=%22N3%20TECHNOLOGY%22%20Venezuela%20Valencia%20(Valencia)%20(whatsapp%20OR%20instagram%20OR%20rif%20OR%20telefono%20OR%20tienda),Sí,2026-08-16T23:31:11.602Z
MLV802960132,"Balaclava Protector Del Sol, Viento, Pasamontaña X Nylon Única",2.9,4.6,173,1000,0,Sí,SAMU DIGITAL,N/A,2900,100,50000,97,10,https://www.mercadolibre.com.ve/pagina/samudigital,"Barquisimeto, Lara",Accesorios para Vehículos,Acc. para Motos y Cuatrimotos > Indumentaria > Accesorios > Balaclavas,Accesorios para Vehículos > Acc. para Motos y Cuatrimotos > Indumentaria > Accesorios > Balaclavas,Samu Digital,BALACLAVA,Marca: Samu Digital | Modelo: BALACLAVA | Color: x | Diseño de la tela: Nylon | Talla: Única | Formato de venta: Unidad | Edad: Adultos | Tipo de producto: Pasamontaña,https://http2.mlstatic.com/D_NQ_NP_2X_927728-MLV77392623730_072024-F.webp,https://articulo.mercadolibre.com.ve/MLV-802960132-balaclava-protector-del-sol-viento-pasamontana-x-nylon-unica-_JM,https://www.google.com/search?q=%22SAMU%20DIGITAL%22%20Venezuela%20Barquisimeto%20(whatsapp%20OR%20instagram%20OR%20rif%20OR%20telefono%20OR%20tienda),Sí,2026-08-16T23:31:11.712Z
MLV821945002,Muscletech Platinum Creatina Monohidratada 400g Pote Sin Sabor,32.99,4.9,0,1000,0,Sí,Pendiente,Pendiente,N/A,N/A,N/A,N/A,N/A,,Pendiente,N/A,N/A,N/A,N/A,N/A,N/A,https://http2.mlstatic.com/D_Q_NP_2X_750739-MLV98428696410_112025-E.webp,https://articulo.mercadolibre.com.ve/MLV-821945002-muscletech-platinum-creatina-monohidratada-400g-pote-sin-sabor-_JM,,No,2026-08-16T23:31:15.052Z
MLV784175196,Camara De Vigilancia Robotica Exterior E Interior Wifi Blanco,22.79,4.3,329,1000,0,Sí,RELECTRONIC2020,N/A,1400,100,10000,97,15,https://www.mercadolibre.com.ve/pagina/relectronic20206388,"Barquisimeto, Lara",Hogar y Muebles,Seguridad para el Hogar > Sistemas de Monitoreo > Cámaras de Seguridad,Hogar y Muebles > Seguridad para el Hogar > Sistemas de Monitoreo > Cámaras de Seguridad,Easy,Q36,Marca: Easy | Línea: Seguridad | Modelo: Q36 | Color: Blanco | Tipo de resolución: Full HD | Conectividad: Wi-Fi | Con sensor de movimiento: No | Con alarma: No | Con audio bidireccional: No | Con visión nocturna a color: No | Formato de venta: Unidad | Calidad de resolución: 2MP | Lugares de montaje: TODOS | Tipo de cámara de vigilancia: IP66 | Es motorizada: Sí | Tipo de movimiento: 360 | Con visión nocturna: No | Tipos de conexiones: 110v | Es resistente al agua: No | Tipo de cámara: IP66 | Con visión nocturna: No,https://http2.mlstatic.com/D_NQ_NP_2X_620020-MLV112065918811_052026-F.webp,https://articulo.mercadolibre.com.ve/MLV-784175196-camara-de-vigilancia-robotica-exterior-e-interior-wifi-blanco-_JM,https://www.google.com/search?q=%22RELECTRONIC2020%22%20Venezuela%20Barquisimeto%20(whatsapp%20OR%20instagram%20OR%20rif%20OR%20telefono%20OR%20tienda),Sí,2026-08-16T23:31:15.930Z
MLV722949803,Combo Cautin Regulable Estaño Extractor Flux Pasta Soldar 9,10.99,4.7,553,1000,0,Sí,EMETECHNOLOGYS,MercadoLíder Platinum,1700,500,10000,99,4,https://www.mercadolibre.com.ve/pagina/emetechnologys,"Valencia (Valencia), Carabobo",Herramientas,Herramientas Eléctricas > Soldadura > Cautines para Soldar,Herramientas > Herramientas Eléctricas > Soldadura > Cautines para Soldar,N/A,N/A,Potencia: 60 W,https://http2.mlstatic.com/D_NQ_NP_2X_631210-MLV76952774517_062024-F.webp,https://articulo.mercadolibre.com.ve/MLV-722949803-combo-cautin-regulable-estano-extractor-flux-pasta-soldar-9-_JM,https://www.google.com/search?q=%22EMETECHNOLOGYS%22%20Venezuela%20Valencia%20(Valencia)%20(whatsapp%20OR%20instagram%20OR%20rif%20OR%20telefono%20OR%20tienda),Sí,2026-08-16T23:31:19.511Z
MLV737204298,Faros Led Proyector Lupa Dual Color Ultra Potentes Auxiliar,7.59,4.7,445,1000,0,Sí,Lara Led Auto Partes,MercadoLíder Platinum,1700,100,10000,99,11,https://www.mercadolibre.com.ve/pagina/laraled_ve,"Barquisimeto, Lara",Accesorios para Vehículos,Tuning > Iluminación > Ojos de Angel,Accesorios para Vehículos > Tuning > Iluminación > Ojos de Angel,Lara Led Autoparts,N/A,Marca: Lara Led Autoparts | Número de pieza: 2 | Tipo de luz: LED | Material: ALUMINIO | Lado: Ambos lados | Origen: China | Tipo de conector de lámpara: 3 cables | Tipo de vehículo: Carro/Camioneta,https://http2.mlstatic.com/D_NQ_NP_2X_644931-MLV82699930466_032025-F.webp,https://articulo.mercadolibre.com.ve/MLV-737204298-faros-led-proyector-lupa-dual-color-ultra-potentes-auxiliar-_JM,https://www.google.com/search?q=%22Lara%20Led%20Auto%20Partes%22%20Venezuela%20Barquisimeto%20(whatsapp%20OR%20instagram%20OR%20rif%20OR%20telefono%20OR%20tienda),Sí,2026-08-16T23:31:23.707Z
MLV480180032,Carpetas Manila Tamaño Carta (paquete De 100) Beige/crema,12.99,0,0,1000,0,Sí,Pendiente,Pendiente,N/A,N/A,N/A,N/A,N/A,,Pendiente,N/A,N/A,N/A,N/A,N/A,N/A,https://http2.mlstatic.com/D_Q_NP_2X_776862-MLV84888276339_052025-E.webp,https://articulo.mercadolibre.com.ve/MLV-480180032-carpetas-manila-tamano-carta-paquete-de-100-beigecrema-_JM,,No,2026-08-16T23:31:23.839Z
MLV867436024,Pintura De Caucho Galón Henko Clase C,8.12,4.5,179,1000,0,Sí,Gaska,MercadoLíder Platinum,5400,1000,10000,98,3,https://www.mercadolibre.com.ve/tienda/gaska,"Ciudad Bolívar, Bolívar",Construcción,Pinturería > Pinturas > Esmaltes y Látex,Construcción > Pinturería > Pinturas > Esmaltes y Látex,Henko,CLASE C,"Marca: Henko | Línea: Clase C | Modelo: CLASE C | Tipo de pintura: Caucho | Volumen de la unidad: 4,54 L | Acabado: Mate | Formato de venta: Unidad | Rendimiento: 30 m² | Superficies aptas: Pared | Ambientes: Interior, Exterior | Tiempo de secado: 12 h | Es aerosol: No | Es inflamable: No | Tipo de base: Agua | Es lavable: No | Es antihongos: Sí | Con protección UV: No | Es resistente al agua: Sí",https://http2.mlstatic.com/D_NQ_NP_2X_881344-MLV86617249520_062025-F.webp,https://articulo.mercadolibre.com.ve/MLV-867436024-pintura-de-caucho-galon-henko-clase-c-_JM,https://www.google.com/search?q=%22Gaska%22%20Venezuela%20Ciudad%20Bol%C3%ADvar%20(whatsapp%20OR%20instagram%20OR%20rif%20OR%20telefono%20OR%20tienda),Sí,2026-08-16T23:31:28.349Z
MLV732234678,Camara Bombillo Ip Wifi Inalambrica Robotica Seguridad 360 Blanco,16.14,4.6,355,1000,0,Sí,EMETECHNOLOGYS,MercadoLíder Platinum,1700,500,10000,99,4,https://www.mercadolibre.com.ve/pagina/emetechnologys,"Valencia (Valencia), Carabobo",Hogar y Muebles,Seguridad para el Hogar > Sistemas de Monitoreo > Cámaras de Seguridad,Hogar y Muebles > Seguridad para el Hogar > Sistemas de Monitoreo > Cámaras de Seguridad,Ip Wi-fi,Ptzv YI LOT,Marca: Ip Wi-fi | Línea: Mini | Modelo: Ptzv YI LOT | Color: Blanco | Tipo de resolución: HD | Conectividad: Wi-Fi | Con sensor de movimiento: Sí | Con alarma: Sí | Con audio bidireccional: No | Es resistente al agua: No | Calidad de resolución: 1080 | Lugares de montaje: Pared | Tipo de cámara de vigilancia: Wifi | Es motorizada: Sí | Campo visual: 360 ° | Tipo de movimiento: PTZ | Locaciones de la cámara: Interior | Con visión nocturna: Sí | Tipos de conexiones: Inalámbrica | Con visión nocturna a color: No | Tipo de cámara: Wifi | Con visión nocturna: Sí,https://http2.mlstatic.com/D_NQ_NP_2X_673720-MLV78669956270_092024-F.webp,https://articulo.mercadolibre.com.ve/MLV-732234678-camara-bombillo-ip-wifi-inalambrica-robotica-seguridad-360-blanco-_JM,https://www.google.com/search?q=%22EMETECHNOLOGYS%22%20Venezuela%20Valencia%20(Valencia)%20(whatsapp%20OR%20instagram%20OR%20rif%20OR%20telefono%20OR%20tienda),Sí,2026-08-16T23:31:28.478Z
MLV560951475,Envases Galón Y Cuarto De Metal,2.6,4.8,6,1000,0,Sí,TORRESMONTILLARUBENDARIO,MercadoLíder Platinum,230,100,1000,100,10,https://www.mercadolibre.com.ve/pagina/torresmontillarubendario,"Guacara (Guacara), Carabobo",Herramientas,Otros,Herramientas > Otros,Colven,Galón,Marca: Colven | Modelo: Galón,https://http2.mlstatic.com/D_NQ_NP_2X_717115-MLV48851264271_012022-F.webp,https://articulo.mercadolibre.com.ve/MLV-560951475-envases-galon-y-cuarto-de-metal-_JM,https://www.google.com/search?q=%22TORRESMONTILLARUBENDARIO%22%20Venezuela%20Guacara%20(Guacara)%20(whatsapp%20OR%20instagram%20OR%20rif%20OR%20telefono%20OR%20tienda),Sí,2026-08-16T23:31:29.371Z
MLV756610922,Aceite Motor 15w40 20w50 Mineral Semi Sintetico Stp 946 Ml,8.58,4.7,411,1000,0,Sí,Aiko Repuestos,MercadoLíder Platinum,16000,1000,50000,98,8,https://www.mercadolibre.com.ve/tienda/aiko-repuestos,"Mun. Libertador (Sur), Distrito Capital",Accesorios para Vehículos,Lubricantes y Fluidos > Autos y Camionetas > Aceites > Para Motor,Accesorios para Vehículos > Lubricantes y Fluidos > Autos y Camionetas > Aceites > Para Motor,STP,15W 40 20W 50 20 50 15 40 10 30 10W30 CHEVROLET AVEO OPTRA SPARK CORSA TUCSON ACCENT GETZ ARAUCA ORINOCO PALIO SIENA COROLLA TERIOS YARIS FORTUNER GRAN CHEROKEE SPORTAGE RIO STYLUS CLIO SYMBOL MEGANE SANTA FE SILVERADO EXPLORER FIESTA KA,Marca: STP | Línea: PRO PERFORMANCE | Grado de viscosidad: 15W-40 | Volumen de la unidad: 946 L | Volumen neto: 946 L | Modelo: 15W 40 20W 50 20 50 15 40 10 30 10W30 CHEVROLET AVEO OPTRA SPARK CORSA TUCSON ACCENT GETZ ARAUCA ORINOCO PALIO SIENA COROLLA TERIOS YARIS FORTUNER GRAN CHEROKEE SPORTAGE RIO STYLUS CLIO SYMBOL MEGANE SANTA FE SILVERADO EXPLORER FIESTA KA | Formato de venta: Unidad | Tipo de contenedor: Envase | Modelo detallado: STP PERFORMANCE | Tipo de aceite de motor: Semi-sintético | Tipo de vehículo: Carro/Camioneta,https://http2.mlstatic.com/D_NQ_NP_2X_710835-MLV72790623209_112023-F.webp,https://articulo.mercadolibre.com.ve/MLV-756610922-aceite-motor-15w40-20w50-mineral-semi-sintetico-stp-946-ml-_JM,https://www.google.com/search?q=%22Aiko%20Repuestos%22%20Venezuela%20Mun.%20Libertador%20(Sur)%20(whatsapp%20OR%20instagram%20OR%20rif%20OR%20telefono%20OR%20tienda),Sí,2026-08-16T23:31:29.496Z
MLV732449187,Base Laptop Metálica Plegable Soporte Mesa Ajustable Tablet,6.49,4.9,580,1000,0,Sí,Vendedores Certificados Salud,MercadoLíder Platinum,1100,100,10000,100,13,https://www.mercadolibre.com.ve/pagina/homanias,"Lechería, Anzoátegui",Computación,Laptops y Accesorios > Accesorios para Laptops > Bases y Mesas,Computación > Laptops y Accesorios > Accesorios para Laptops > Bases y Mesas,SOMOS GUIMAR,BASE PARA DISPOSITIVOS,"Marca: SOMOS GUIMAR | Línea: Bases | Modelo: BASE PARA DISPOSITIVOS | Largo x Ancho: 24 cm x 16.5 cm | Tipo de soporte: Ajustable | Materiales: Aluminio | Elevación: 15,5 cm | Tamaño mínimo soportado - Tamaño máximo soportado: 11 "" - 15.6 "" | Es antideslizante: Sí",https://http2.mlstatic.com/D_NQ_NP_2X_626297-MLV91521143181_092025-F.webp,https://articulo.mercadolibre.com.ve/MLV-732449187-base-laptop-metalica-plegable-soporte-mesa-ajustable-tablet-_JM,https://www.google.com/search?q=%22Vendedores%20Certificados%20Salud%22%20Venezuela%20Lecher%C3%ADa%20(whatsapp%20OR%20instagram%20OR%20rif%20OR%20telefono%20OR%20tienda),Sí,2026-08-16T23:31:33.568Z
MLV767802556,Reloj Smartwatch T900 Ultra 2 Big Serie 9 Año,9,4.7,0,1000,0,Sí,Pendiente,Pendiente,N/A,N/A,N/A,N/A,N/A,,Pendiente,N/A,N/A,N/A,N/A,N/A,N/A,https://http2.mlstatic.com/D_Q_NP_2X_688094-MLV87581111887_072025-E.webp,https://articulo.mercadolibre.com.ve/MLV-767802556-reloj-smartwatch-t900-ultra-2-big-serie-9-ano-_JM,,No,2026-08-16T23:31:34.148Z